$GNRMC,113954.00,A,2520.06189,N,05128.16076,E,0.011,,200726,,,A,V*15
$GNVTG,,T,,M,0.011,N,0.021,K,A*3E
$GNGGA,113954.00,2520.06189,N,05128.16076,E,1,08,1.41,39.1,M,-24.7,M,,*59
$GNGSA,A,3,16,31,04,26,09,,,,,,,,3.89,1.41,3.63,1*0D
$GNGSA,A,3,69,78,,,,,,,,,,,3.89,1.41,3.63,2*02
$GNGSA,A,3,,,,,,,,,,,,,3.89,1.41,3.63,3*03
$GNGSA,A,3,07,,,,,,,,,,,,3.89,1.41,3.63,4*03
$GNGSA,A,3,,,,,,,,,,,,,3.89,1.41,3.63,5*05
$GPGSV,2,1,08,04,42,298,34,09,14,275,31,16,22,134,36,26,32,101,34,1*61
$GPGSV,2,2,08,28,16,039,24,31,44,043,43,41,44,125,40,42,04,096,40,1*61
$GLGSV,1,1,04,69,30,323,39,78,41,071,35,,,,32,,,,27,1*76
$GLGSV,1,1,01,85,04,332,,0*43
$GAGSV,1,1,00,0*74
$GBGSV,1,1,01,07,34,042,,0*40
$GQGSV,1,1,02,06,,,19,10,,,27,1*6D
$GNGLL,2520.06189,N,05128.16076,E,113954.00,A,A*77
$GNTXT,01,01,01,PQTM inv format*3A
$GNRMC,113955.00,A,2520.06180,N,05128.16077,E,0.043,,200726,,,A,V*1B
$GNVTG,,T,,M,0.043,N,0.080,K,A*32
$GNGGA,113955.00,2520.06180,N,05128.16077,E,1,08,1.41,39.5,M,-24.7,M,,*54
$GNGSA,A,3,16,31,04,26,09,,,,,,,,3.89,1.41,3.63,1*0D
$GNGSA,A,3,69,78,,,,,,,,,,,3.89,1.41,3.63,2*02
$GNGSA,A,3,,,,,,,,,,,,,3.89,1.41,3.63,3*03
$GNGSA,A,3,07,,,,,,,,,,,,3.89,1.41,3.63,4*03
$GNGSA,A,3,,,,,,,,,,,,,3.89,1.41,3.63,5*05
$GPGSV,2,1,08,04,42,298,33,09,14,275,31,16,22,134,36,26,32,101,34,1*66
$GPGSV,2,2,08,28,16,039,25,31,44,043,43,41,44,125,40,42,04,096,40,1*60
$GLGSV,1,1,04,69,30,323,39,78,41,071,35,,,,32,,,,28,1*79
$GLGSV,1,1,01,85,04,332,,0*43
$GAGSV,1,1,00,0*74
$GBGSV,1,1,01,07,34,042,,0*40
$GQGSV,1,1,01,06,,,20,1*60
$GNGLL,2520.06180,N,05128.16077,E,113955.00,A,A*7E
$GNRMC,113956.00,A,2520.06174,N,05128.16079,E,0.075,,200726,,,A,V*18
$GNVTG,,T,,M,0.075,N,0.138,K,A*35
$GNGGA,113956.00,2520.06174,N,05128.16079,E,1,08,1.41,39.8,M,-24.7,M,,*5F
$GNGSA,A,3,16,31,04,26,09,,,,,,,,3.89,1.41,3.63,1*0D
$GNGSA,A,3,69,78,,,,,,,,,,,3.89,1.41,3.63,2*02
$GNGSA,A,3,,,,,,,,,,,,,3.89,1.41,3.63,3*03
$GNGSA,A,3,07,,,,,,,,,,,,3.89,1.41,3.63,4*03
$GNGSA,A,3,,,,,,,,,,,,,3.89,1.41,3.63,5*05
$GPGSV,2,1,08,04,42,298,33,09,14,275,31,16,22,134,36,26,32,101,34,1*66
$GPGSV,2,2,08,28,16,039,25,31,44,043,43,41,44,125,40,42,04,096,40,1*60
$GLGSV,1,1,04,69,30,323,39,78,41,071,35,,,,28,,,,32,1*79
$GLGSV,1,1,01,85,04,332,,0*43
$GAGSV,1,1,00,0*74
$GBGSV,1,1,01,07,34,042,,0*40
$GQGSV,1,1,01,08,,,28,1*66
$GNGLL,2520.06174,N,05128.16079,E,113956.00,A,A*78
$GNRMC,113957.00,A,2520.06167,N,05128.16079,E,0.007,,200726,,,A,V*1E
$GNVTG,,T,,M,0.007,N,0.012,K,A*39
$GNGGA,113957.00,2520.06167,N,05128.16079,E,1,08,1.41,40.1,M,-24.7,M,,*5B
$GNGSA,A,3,16,31,04,26,09,,,,,,,,3.89,1.41,3.63,1*0D
$GNGSA,A,3,69,78,,,,,,,,,,,3.89,1.41,3.63,2*02
$GNGSA,A,3,,,,,,,,,,,,,3.89,1.41,3.63,3*03
$GNGSA,A,3,07,,,,,,,,,,,,3.89,1.41,3.63,4*03
$GNGSA,A,3,,,,,,,,,,,,,3.89,1.41,3.63,5*05
$GPGSV,3,1,09,04,42,298,33,09,14,275,31,16,22,134,36,26,32,101,34,1*66
$GPGSV,3,2,09,28,16,039,26,31,44,043,43,39,57,153,27,41,44,125,40,1*60
$GPGSV,3,3,09,42,04,096,40,1*54
$GLGSV,1,1,04,69,30,323,39,78,41,071,35,,,,28,,,,32,1*79
$GLGSV,1,1,01,85,04,332,,0*43
$GAGSV,1,1,00,0*74
$GBGSV,1,1,01,07,34,042,,0*40
$GQGSV,1,1,01,08,,,26,1*68
$GNGLL,2520.06167,N,05128.16079,E,113957.00,A,A*7B
$GNRMC,113958.00,A,2520.06161,N,05128.16081,E,0.031,,200726,,,A,V*15
$GNVTG,,T,,M,0.031,N,0.058,K,A*32
$GNGGA,113958.00,2520.06161,N,05128.16081,E,1,08,1.41,40.4,M,-24.7,M,,*50
$GNGSA,A,3,16,31,04,26,09,,,,,,,,3.89,1.41,3.63,1*0D
$GNGSA,A,3,69,78,,,,,,,,,,,3.89,1.41,3.63,2*02
$GNGSA,A,3,,,,,,,,,,,,,3.89,1.41,3.63,3*03
$GNGSA,A,3,07,,,,,,,,,,,,3.89,1.41,3.63,4*03
$GNGSA,A,3,,,,,,,,,,,,,3.89,1.41,3.63,5*05
$GPGSV,3,1,10,04,42,298,34,09,14,275,30,16,22,134,35,26,32,101,35,1*6A
$GPGSV,3,2,10,28,16,039,26,31,44,042,43,36,53,220,28,39,57,153,27,1*67
$GPGSV,3,3,10,41,44,125,40,42,04,096,40,1*6B
$GLGSV,2,1,05,69,30,323,39,78,41,071,35,85,04,332,13,,,,28,1*43
$GLGSV,2,2,05,,,,32,1*7C
$GAGSV,1,1,00,0*74
$GBGSV,1,1,01,07,34,042,,0*40
$GQGSV,1,1,01,08,,,27,1*69
$GNGLL,2520.06161,N,05128.16081,E,113958.00,A,A*75
$GNRMC,113959.00,A,2520.06158,N,05128.16083,E,0.017,,200726,,,A,V*18
$GNVTG,,T,,M,0.017,N,0.032,K,A*3A
$GNGGA,113959.00,2520.06158,N,05128.16083,E,1,08,1.41,40.5,M,-24.7,M,,*58
$GNGSA,A,3,16,31,04,26,09,,,,,,,,3.89,1.41,3.63,1*0D
$GNGSA,A,3,69,78,,,,,,,,,,,3.89,1.41,3.63,2*02
$GNGSA,A,3,,,,,,,,,,,,,3.89,1.41,3.63,3*03
$GNGSA,A,3,07,,,,,,,,,,,,3.89,1.41,3.63,4*03
$GNGSA,A,3,,,,,,,,,,,,,3.89,1.41,3.63,5*05
$GPGSV,3,1,09,04,42,298,34,09,14,275,30,16,22,134,35,26,32,101,34,1*63
$GPGSV,3,2,09,28,16,039,25,31,44,042,43,36,53,220,28,41,44,125,40,1*61
$GPGSV,3,3,09,42,04,096,40,1*54
$GLGSV,2,1,05,69,30,323,38,78,41,071,35,85,04,332,13,,,,28,1*42
$GLGSV,2,2,05,,,,31,1*7F
$GAGSV,1,1,00,0*74
$GBGSV,1,1,01,07,34,042,,0*40
$GQGSV,1,1,01,08,,,26,1*68
$GNGLL,2520.06158,N,05128.16083,E,113959.00,A,A*7C
$GNRMC,114000.00,A,2520.06154,N,05128.16085,E,0.050,,200726,,,A,V*13
$GNVTG,,T,,M,0.050,N,0.093,K,A*32
$GNGGA,114000.00,2520.06154,N,05128.16085,E,1,08,1.41,40.7,M,-24.7,M,,*52
$GNGSA,A,3,16,31,04,26,09,,,,,,,,3.89,1.41,3.63,1*0D
$GNGSA,A,3,69,78,,,,,,,,,,,3.89,1.41,3.63,2*02
$GNGSA,A,3,,,,,,,,,,,,,3.89,1.41,3.63,3*03
$GNGSA,A,3,07,,,,,,,,,,,,3.89,1.41,3.63,4*03
$GNGSA,A,3,,,,,,,,,,,,,3.89,1.41,3.63,5*05
$GPGSV,3,1,09,04,42,298,34,09,14,275,30,16,22,134,35,26,32,101,35,1*62
$GPGSV,3,2,09,28,16,039,25,31,44,042,43,36,53,220,27,41,44,125,41,1*6F
$GPGSV,3,3,09,42,04,096,41,1*55
$GLGSV,2,1,05,69,30,323,39,78,41,071,35,85,04,332,12,,,,28,1*42
$GLGSV,2,2,05,,,,32,1*7C
$GAGSV,1,1,00,0*74
$GBGSV,1,1,01,07,34,042,,0*40
$GQGSV,1,1,01,08,,,25,1*6B
$GNGLL,2520.06154,N,05128.16085,E,114000.00,A,A*74
$GNRMC,114001.00,A,2520.06152,N,05128.16087,E,0.081,,200726,,,A,V*1A
$GNVTG,,T,,M,0.081,N,0.150,K,A*30
$GNGGA,114001.00,2520.06152,N,05128.16087,E,1,08,1.41,40.8,M,-24.7,M,,*58
$GNGSA,A,3,16,31,04,26,09,,,,,,,,3.89,1.41,3.63,1*0D
$GNGSA,A,3,69,78,,,,,,,,,,,3.89,1.41,3.63,2*02
$GNGSA,A,3,,,,,,,,,,,,,3.89,1.41,3.63,3*03
$GNGSA,A,3,07,,,,,,,,,,,,3.89,1.41,3.63,4*03
$GNGSA,A,3,,,,,,,,,,,,,3.89,1.41,3.63,5*05
$GPGSV,3,1,09,04,42,298,35,09,14,275,30,16,22,134,35,26,32,101,35,1*63
$GPGSV,3,2,09,28,16,039,25,31,44,042,43,36,53,220,27,41,44,125,41,1*6F
$GPGSV,3,3,09,42,04,096,41,1*55
$GLGSV,2,1,05,69,30,323,39,78,41,071,34,85,04,332,10,,,,27,1*4E
$GLGSV,2,2,05,,,,32,1*7C
$GAGSV,1,1,00,0*74
$GBGSV,1,1,01,07,34,042,,0*40
$GQGSV,1,1,01,08,,,24,1*6A
$GNGLL,2520.06152,N,05128.16087,E,114001.00,A,A*71
$GNRMC,114002.00,A,2520.06150,N,05128.16089,E,0.015,,200726,,,A,V*18
$GNVTG,,T,,M,0.015,N,0.027,K,A*3C
$GNGGA,114002.00,2520.06150,N,05128.16089,E,1,08,1.41,40.9,M,-24.7,M,,*56
$GNGSA,A,3,16,31,04,26,09,,,,,,,,3.90,1.41,3.63,1*05
$GNGSA,A,3,69,78,,,,,,,,,,,3.90,1.41,3.63,2*0A
$GNGSA,A,3,,,,,,,,,,,,,3.90,1.41,3.63,3*0B
$GNGSA,A,3,07,,,,,,,,,,,,3.90,1.41,3.63,4*0B
$GNGSA,A,3,,,,,,,,,,,,,3.90,1.41,3.63,5*0D
$GPGSV,2,1,08,04,42,298,34,09,14,275,30,16,22,134,35,26,32,101,36,1*61
$GPGSV,2,2,08,28,16,039,25,31,44,042,43,41,44,125,40,42,04,096,41,1*60
$GLGSV,2,1,05,69,30,323,39,78,41,071,34,85,04,332,08,,,,27,1*47
$GLGSV,2,2,05,,,,32,1*7C
$GAGSV,1,1,00,0*74
$GBGSV,1,1,01,07,34,042,,0*40
$GQGSV,1,1,01,08,,,24,1*6A
$GNGLL,2520.06150,N,05128.16089,E,114002.00,A,A*7E
$GNRMC,114003.00,A,2520.06149,N,05128.16092,E,0.029,,200726,,,A,V*14
$GNVTG,,T,,M,0.029,N,0.054,K,A*37
$GNGGA,114003.00,2520.06149,N,05128.16092,E,1,08,1.41,41.1,M,-24.7,M,,*5C
$GNGSA,A,3,16,31,04,26,09,,,,,,,,3.90,1.41,3.63,1*05
$GNGSA,A,3,69,78,,,,,,,,,,,3.90,1.41,3.63,2*0A
$GNGSA,A,3,,,,,,,,,,,,,3.90,1.41,3.63,3*0B
$GNGSA,A,3,07,,,,,,,,,,,,3.90,1.41,3.63,4*0B
$GNGSA,A,3,,,,,,,,,,,,,3.90,1.41,3.63,5*0D
$GPGSV,2,1,08,04,42,298,34,09,14,275,30,16,22,134,35,26,32,101,36,1*61
$GPGSV,2,2,08,28,16,039,25,31,44,042,43,41,44,125,41,42,04,096,41,1*61
$GLGSV,2,1,05,69,30,323,39,78,41,071,34,85,04,332,10,,,,26,1*4F
$GLGSV,2,2,05,,,,31,1*7F
$GAGSV,1,1,00,0*74
$GBGSV,1,1,01,07,34,042,,0*40
$GQGSV,1,1,01,08,,,23,1*6D
$GNGLL,2520.06149,N,05128.16092,E,114003.00,A,A*7D
$GNRMC,114004.00,A,2520.06146,N,05128.16092,E,0.036,,200726,,,A,V*12
$GNVTG,,T,,M,0.036,N,0.068,K,A*36
$GNGGA,114004.00,2520.06146,N,05128.16092,E,1,08,1.41,41.1,M,-24.7,M,,*54
$GNGSA,A,3,16,31,04,26,09,,,,,,,,3.90,1.41,3.63,1*05
$GNGSA,A,3,69,78,,,,,,,,,,,3.90,1.41,3.63,2*0A
$GNGSA,A,3,,,,,,,,,,,,,3.90,1.41,3.63,3*0B
$GNGSA,A,3,07,,,,,,,,,,,,3.90,1.41,3.63,4*0B
$GNGSA,A,3,,,,,,,,,,,,,3.90,1.41,3.63,5*0D
$GPGSV,2,1,08,04,42,298,34,09,14,275,30,16,22,134,35,26,32,101,36,1*61
$GPGSV,2,2,08,28,16,039,25,31,44,042,43,41,44,125,41,42,04,096,41,1*61
$GLGSV,2,1,05,69,30,323,39,78,41,071,34,85,04,332,11,,,,27,1*4F
$GLGSV,2,2,05,,,,31,1*7F
$GAGSV,1,1,00,0*74
$GBGSV,1,1,01,07,34,042,,0*40
$GQGSV,1,1,01,08,,,24,1*6A
$GNGLL,2520.06146,N,05128.16092,E,114004.00,A,A*75
$GNRMC,114005.00,A,2520.06145,N,05128.16094,E,0.024,,200726,,,A,V*15
$GNVTG,,T,,M,0.024,N,0.044,K,A*3B
$GNGGA,114005.00,2520.06145,N,05128.16094,E,1,08,1.41,41.2,M,-24.7,M,,*53
$GNGSA,A,3,16,31,04,26,09,,,,,,,,3.90,1.41,3.63,1*05
$GNGSA,A,3,69,78,,,,,,,,,,,3.90,1.41,3.63,2*0A
$GNGSA,A,3,,,,,,,,,,,,,3.90,1.41,3.63,3*0B
$GNGSA,A,3,07,,,,,,,,,,,,3.90,1.41,3.63,4*0B
$GNGSA,A,3,,,,,,,,,,,,,3.90,1.41,3.63,5*0D
$GPGSV,3,1,09,04,42,298,34,09,14,275,30,16,22,134,35,26,32,101,36,1*61
$GPGSV,3,2,09,28,16,039,25,31,44,042,43,36,53,220,30,41,44,125,41,1*69
$GPGSV,3,3,09,42,04,096,41,1*55
$GLGSV,2,1,05,69,30,323,39,78,41,071,34,85,04,332,12,,,,27,1*4C
$GLGSV,2,2,05,,,,31,1*7F
$GAGSV,1,1,00,0*74
$GBGSV,1,1,01,07,34,042,,0*40
$GQGSV,1,1,01,08,,,23,1*6D
$GNGLL,2520.06145,N,05128.16094,E,114005.00,A,A*71
$GNRMC,114006.00,A,2520.06145,N,05128.16096,E,0.013,,200726,,,A,V*10
$GNVTG,,T,,M,0.013,N,0.024,K,A*39
$GNGGA,114006.00,2520.06145,N,05128.16096,E,1,08,1.41,41.2,M,-24.7,M,,*52
$GNGSA,A,3,16,31,04,26,09,,,,,,,,3.90,1.41,3.63,1*05
$GNGSA,A,3,69,78,,,,,,,,,,,3.90,1.41,3.63,2*0A
$GNGSA,A,3,,,,,,,,,,,,,3.90,1.41,3.63,3*0B
$GNGSA,A,3,07,,,,,,,,,,,,3.90,1.41,3.63,4*0B
$GNGSA,A,3,,,,,,,,,,,,,3.90,1.41,3.63,5*0D
$GPGSV,3,1,09,04,42,298,34,09,14,275,30,16,22,134,35,26,32,101,36,1*61
$GPGSV,3,2,09,28,16,039,25,31,44,042,43,36,53,220,28,41,44,125,41,1*60
$GPGSV,3,3,09,42,04,096,41,1*55
$GLGSV,2,1,05,69,30,323,39,78,41,071,34,85,04,332,13,,,,27,1*4D
$GLGSV,2,2,05,,,,31,1*7F
$GAGSV,1,1,00,0*74
$GBGSV,1,1,01,07,34,042,,0*40
$GQGSV,1,1,01,08,,,22,1*6C
$GNGLL,2520.06145,N,05128.16096,E,114006.00,A,A*70
$GNRMC,114007.00,A,2520.06144,N,05128.16098,E,0.012,,200726,,,A,V*1F
$GNVTG,,T,,M,0.012,N,0.023,K,A*3F
$GNGGA,114007.00,2520.06144,N,05128.16098,E,1,08,1.41,41.2,M,-24.7,M,,*5C
$GNGSA,A,3,16,31,04,26,09,,,,,,,,3.90,1.41,3.63,1*05
$GNGSA,A,3,69,78,,,,,,,,,,,3.90,1.41,3.63,2*0A
$GNGSA,A,3,,,,,,,,,,,,,3.90,1.41,3.63,3*0B
$GNGSA,A,3,07,,,,,,,,,,,,3.90,1.41,3.63,4*0B
$GNGSA,A,3,,,,,,,,,,,,,3.90,1.41,3.63,5*0D
$GPGSV,3,1,09,04,42,298,34,09,14,275,30,16,22,134,35,26,32,101,35,1*62
$GPGSV,3,2,09,28,16,039,25,31,44,042,43,36,53,220,28,41,44,125,41,1*60
$GPGSV,3,3,09,42,04,096,41,1*55
$GLGSV,2,1,05,69,30,323,39,78,41,071,34,85,04,332,13,,,,27,1*4D
$GLGSV,2,2,05,,,,31,1*7F
$GAGSV,1,1,00,0*74
$GBGSV,1,1,01,07,34,042,,0*40
$GQGSV,1,1,00,0*64
$GNGLL,2520.06144,N,05128.16098,E,114007.00,A,A*7E
$GNRMC,114008.00,A,2520.06143,N,05128.16100,E,0.011,,200726,,,A,V*14
$GNVTG,,T,,M,0.011,N,0.020,K,A*3F
$GNGGA,114008.00,2520.06143,N,05128.16100,E,1,08,1.41,41.2,M,-24.7,M,,*54
$GNGSA,A,3,16,31,04,26,09,,,,,,,,3.90,1.41,3.63,1*05
$GNGSA,A,3,69,78,,,,,,,,,,,3.90,1.41,3.63,2*0A
$GNGSA,A,3,,,,,,,,,,,,,3.90,1.41,3.63,3*0B
$GNGSA,A,3,07,,,,,,,,,,,,3.90,1.41,3.63,4*0B
$GNGSA,A,3,,,,,,,,,,,,,3.90,1.41,3.63,5*0D
$GPGSV,3,1,09,04,42,298,34,09,14,275,30,16,22,134,35,26,32,101,35,1*62
$GPGSV,3,2,09,28,16,039,25,31,44,042,43,36,53,220,27,41,44,125,40,1*6E
$GPGSV,3,3,09,42,04,096,41,1*55
$GLGSV,2,1,05,69,30,323,39,78,41,071,34,85,04,332,12,,,,27,1*4C
$GLGSV,2,2,05,,,,32,1*7C
$GAGSV,1,1,00,0*74
$GBGSV,1,1,01,07,34,042,,0*40
$GQGSV,1,1,00,0*64
$GNGLL,2520.06143,N,05128.16100,E,114008.00,A,A*76
$GNRMC,114009.00,A,2520.06134,N,05128.16100,E,0.012,,200726,,,A,V*16
$GNVTG,,T,,M,0.012,N,0.022,K,A*3E
$GNGGA,114009.00,2520.06134,N,05128.16100,E,1,09,1.27,41.5,M,-24.7,M,,*53
$GNGSA,A,3,16,31,04,26,09,,,,,,,,3.74,1.27,3.52,1*0D
$GNGSA,A,3,69,78,68,,,,,,,,,,3.74,1.27,3.52,2*0C
$GNGSA,A,3,,,,,,,,,,,,,3.74,1.27,3.52,3*03
$GNGSA,A,3,07,,,,,,,,,,,,3.74,1.27,3.52,4*03
$GNGSA,A,3,,,,,,,,,,,,,3.74,1.27,3.52,5*05
$GPGSV,3,1,09,04,42,298,34,09,14,275,30,16,22,134,35,26,32,101,36,1*61
$GPGSV,3,2,09,28,16,039,25,31,44,042,43,36,53,220,28,41,44,125,40,1*61
$GPGSV,3,3,09,42,04,096,41,1*55
$GLGSV,2,1,05,68,36,024,32,69,30,323,39,78,41,071,34,85,04,332,12,1*75
$GLGSV,2,2,05,,,,28,1*77
$GAGSV,1,1,00,0*74
$GBGSV,1,1,01,07,34,042,,0*40
$GQGSV,1,1,00,0*64
$GNGLL,2520.06134,N,05128.16100,E,114009.00,A,A*77
$GNRMC,114010.00,A,2520.06125,N,05128.16100,E,0.007,,200726,,,A,V*1A
$GNVTG,,T,,M,0.007,N,0.013,K,A*38
$GNGGA,114010.00,2520.06125,N,05128.16100,E,1,09,1.27,41.8,M,-24.7,M,,*56
$GNGSA,A,3,16,31,04,26,09,,,,,,,,3.75,1.27,3.52,1*0C
$GNGSA,A,3,69,78,68,,,,,,,,,,3.75,1.27,3.52,2*0D
$GNGSA,A,3,,,,,,,,,,,,,3.75,1.27,3.52,3*02
$GNGSA,A,3,07,,,,,,,,,,,,3.75,1.27,3.52,4*02
$GNGSA,A,3,,,,,,,,,,,,,3.75,1.27,3.52,5*04
$GPGSV,3,1,09,04,42,298,34,09,14,275,30,16,22,134,35,26,32,101,36,1*61
$GPGSV,3,2,09,28,16,039,25,31,44,042,43,36,53,220,26,41,44,125,40,1*6F
$GPGSV,3,3,09,42,04,096,41,1*55
$GLGSV,2,1,05,68,36,024,32,69,30,323,39,78,41,071,34,85,04,332,12,1*75
$GLGSV,2,2,05,,,,28,1*77
$GAGSV,1,1,00,0*74
$GBGSV,1,1,01,07,34,042,,0*40
$GQGSV,1,1,00,0*64
$GNGLL,2520.06125,N,05128.16100,E,114010.00,A,A*7F
$GNRMC,114011.00,A,2520.06116,N,05128.16102,E,0.080,,200726,,,A,V*16
$GNVTG,,T,,M,0.080,N,0.148,K,A*38
$GNGGA,114011.00,2520.06116,N,05128.16102,E,1,09,1.27,42.3,M,-24.7,M,,*5D
$GNGSA,A,3,16,31,04,26,09,,,,,,,,3.75,1.27,3.52,1*0C
$GNGSA,A,3,69,78,68,,,,,,,,,,3.75,1.27,3.52,2*0D
$GNGSA,A,3,,,,,,,,,,,,,3.75,1.27,3.52,3*02
$GNGSA,A,3,07,,,,,,,,,,,,3.75,1.27,3.52,4*02
$GNGSA,A,3,,,,,,,,,,,,,3.75,1.27,3.52,5*04
$GPGSV,3,1,09,04,42,298,34,09,14,275,30,16,22,134,34,26,32,101,36,1*60
$GPGSV,3,2,09,28,16,039,25,31,44,042,43,36,53,220,26,41,44,125,40,1*6F
$GPGSV,3,3,09,42,04,096,41,1*55
$GLGSV,2,1,05,68,36,024,32,69,30,323,39,78,41,071,34,85,04,332,13,1*74
$GLGSV,2,2,05,,,,28,1*77
$GAGSV,1,1,00,0*74
$GBGSV,1,1,01,07,34,042,,0*40
$GQGSV,1,1,00,0*64
$GNGLL,2520.06116,N,05128.16102,E,114011.00,A,A*7C
$GNRMC,114012.00,A,2520.06108,N,05128.16103,E,0.048,,200726,,,A,V*1F
$GNVTG,,T,,M,0.048,N,0.090,K,A*38
$GNGGA,114012.00,2520.06108,N,05128.16103,E,1,09,1.27,42.7,M,-24.7,M,,*54
$GNGSA,A,3,16,31,04,26,09,,,,,,,,3.75,1.27,3.52,1*0C
$GNGSA,A,3,69,78,68,,,,,,,,,,3.75,1.27,3.52,2*0D
$GNGSA,A,3,,,,,,,,,,,,,3.75,1.27,3.52,3*02
$GNGSA,A,3,07,,,,,,,,,,,,3.75,1.27,3.52,4*02
$GNGSA,A,3,,,,,,,,,,,,,3.75,1.27,3.52,5*04
$GPGSV,2,1,08,04,42,298,34,09,14,275,30,16,22,134,34,26,32,101,36,1*60
$GPGSV,2,2,08,28,16,039,25,31,44,042,43,41,44,125,40,42,04,096,41,1*60
$GLGSV,2,1,05,68,36,024,32,69,30,323,39,78,41,071,34,85,04,332,13,1*74
$GLGSV,2,2,05,,,,28,1*77
$GAGSV,1,1,00,0*74
$GBGSV,1,1,01,07,34,042,,0*40
$GQGSV,1,1,00,0*64
$GNGLL,2520.06108,N,05128.16103,E,114012.00,A,A*71
$GNRMC,114013.00,A,2520.06101,N,05128.16104,E,0.022,,200726,,,A,V*1C
$GNVTG,,T,,M,0.022,N,0.041,K,A*38
$GNGGA,114013.00,2520.06101,N,05128.16104,E,1,09,1.27,43.1,M,-24.7,M,,*5C
$GNGSA,A,3,16,31,04,26,09,,,,,,,,3.75,1.27,3.52,1*0C
$GNGSA,A,3,69,78,68,,,,,,,,,,3.75,1.27,3.52,2*0D
$GNGSA,A,3,,,,,,,,,,,,,3.75,1.27,3.52,3*02
$GNGSA,A,3,07,,,,,,,,,,,,3.75,1.27,3.52,4*02
$GNGSA,A,3,,,,,,,,,,,,,3.75,1.27,3.52,5*04
$GPGSV,3,1,09,04,42,298,34,09,14,275,30,10,,,25,16,22,134,34,1*56
$GPGSV,3,2,09,26,32,101,36,28,16,039,25,31,44,042,43,41,44,125,40,1*68
$GPGSV,3,3,09,42,04,096,41,1*55
$GLGSV,2,1,05,68,36,024,32,69,30,323,39,78,41,071,34,85,04,332,12,1*75
$GLGSV,2,2,05,,,,28,1*77
$GAGSV,1,1,00,0*74
$GBGSV,1,1,01,07,34,042,,0*40
$GQGSV,1,1,00,0*64
$GNGLL,2520.06101,N,05128.16104,E,114013.00,A,A*7E
$GNRMC,114014.00,A,2520.06095,N,05128.16105,E,0.029,,200726,,,A,V*1D
$GNVTG,,T,,M,0.029,N,0.054,K,A*37
$GNGGA,114014.00,2520.06095,N,05128.16105,E,1,09,1.27,43.3,M,-24.7,M,,*54
$GNGSA,A,3,16,31,04,26,09,,,,,,,,3.75,1.27,3.53,1*0D
$GNGSA,A,3,69,78,68,,,,,,,,,,3.75,1.27,3.53,2*0C
$GNGSA,A,3,,,,,,,,,,,,,3.75,1.27,3.53,3*03
$GNGSA,A,3,07,,,,,,,,,,,,3.75,1.27,3.53,4*03
$GNGSA,A,3,,,,,,,,,,,,,3.75,1.27,3.53,5*05
$GPGSV,3,1,09,04,42,298,34,09,14,275,30,16,22,134,34,26,32,101,36,1*60
$GPGSV,3,2,09,28,16,039,25,29,,,31,31,44,042,43,41,44,125,41,1*50
$GPGSV,3,3,09,42,04,096,41,1*55
$GPGSV,1,1,01,40,63,171,,0*52
$GLGSV,2,1,05,68,36,024,31,69,30,323,39,78,41,071,34,85,04,332,13,1*77
$GLGSV,2,2,05,,,,28,1*77
$GAGSV,1,1,00,0*74
$GBGSV,1,1,01,07,34,042,,0*40
$GQGSV,1,1,00,0*64
$GNGLL,2520.06095,N,05128.16105,E,114014.00,A,A*74
$GNRMC,114015.00,A,2520.06091,N,05128.16106,E,0.092,,200726,,,A,V*1B
$GNVTG,,T,,M,0.092,N,0.171,K,A*31
$GNGGA,114015.00,2520.06091,N,05128.16106,E,1,09,1.27,43.5,M,-24.7,M,,*54
$GNGSA,A,3,16,31,04,26,09,,,,,,,,3.75,1.27,3.53,1*0D
$GNGSA,A,3,69,78,68,,,,,,,,,,3.75,1.27,3.53,2*0C
$GNGSA,A,3,,,,,,,,,,,,,3.75,1.27,3.53,3*03
$GNGSA,A,3,07,,,,,,,,,,,,3.75,1.27,3.53,4*03
$GNGSA,A,3,,,,,,,,,,,,,3.75,1.27,3.53,5*05
$GPGSV,3,1,09,04,42,298,33,09,14,275,30,16,22,134,34,26,32,101,36,1*67
$GPGSV,3,2,09,28,16,039,25,29,,,29,31,44,042,43,41,44,125,40,1*58
$GPGSV,3,3,09,42,04,096,41,1*55
$GPGSV,1,1,01,40,63,171,,0*52
$GLGSV,2,1,05,68,36,024,31,69,30,323,38,78,41,071,34,85,04,332,13,1*76
$GLGSV,2,2,05,,,,28,1*77
$GAGSV,1,1,00,0*74
$GBGSV,1,1,01,07,34,042,,0*40
$GQGSV,1,1,00,0*64
$GNGLL,2520.06091,N,05128.16106,E,114015.00,A,A*72
$GNRMC,114016.00,A,2520.06085,N,05128.16107,E,0.020,,200726,,,A,V*15
$GNVTG,,T,,M,0.020,N,0.037,K,A*3B
$GNGGA,114016.00,2520.06085,N,05128.16107,E,1,09,1.27,43.8,M,-24.7,M,,*5E
$GNGSA,A,3,16,31,04,26,09,,,,,,,,3.75,1.27,3.53,1*0D
$GNGSA,A,3,69,78,68,,,,,,,,,,3.75,1.27,3.53,2*0C
$GNGSA,A,3,,,,,,,,,,,,,3.75,1.27,3.53,3*03
$GNGSA,A,3,07,,,,,,,,,,,,3.75,1.27,3.53,4*03
$GNGSA,A,3,,,,,,,,,,,,,3.75,1.27,3.53,5*05
$GPGSV,3,1,10,04,42,298,33,09,14,275,29,16,22,134,35,20,,,25,1*53
$GPGSV,3,2,10,26,32,101,36,28,16,039,25,29,,,28,31,44,042,43,1*56
$GPGSV,3,3,10,41,44,125,41,42,04,096,41,1*6B
$GPGSV,1,1,01,40,63,171,,0*52
$GLGSV,2,1,05,68,36,024,32,69,30,323,39,78,41,071,34,85,04,332,14,1*73
$GLGSV,2,2,05,,,,28,1*77
$GAGSV,1,1,00,0*74
$GBGSV,1,1,01,07,34,042,,0*40
$GQGSV,1,1,01,03,,,30,1*64
$GNGLL,2520.06085,N,05128.16107,E,114016.00,A,A*75
$GNRMC,114017.00,A,2520.06079,N,05128.16108,E,0.019,,200726,,,A,V*12
$GNVTG,,T,,M,0.019,N,0.034,K,A*32
$GNGGA,114017.00,2520.06079,N,05128.16108,E,1,09,1.27,44.0,M,-24.7,M,,*5C
$GNGSA,A,3,16,31,04,26,09,,,,,,,,3.75,1.27,3.53,1*0D
$GNGSA,A,3,69,78,68,,,,,,,,,,3.75,1.27,3.53,2*0C
$GNGSA,A,3,,,,,,,,,,,,,3.75,1.27,3.53,3*03
$GNGSA,A,3,07,,,,,,,,,,,,3.75,1.27,3.53,4*03
$GNGSA,A,3,,,,,,,,,,,,,3.75,1.27,3.53,5*05
$GPGSV,3,1,10,04,42,298,33,09,14,275,29,16,22,134,35,20,,,23,1*55
$GPGSV,3,2,10,26,32,101,36,28,16,039,24,29,,,26,31,44,042,43,1*59
$GPGSV,3,3,10,41,44,125,40,42,04,096,41,1*6A
$GPGSV,1,1,01,40,63,171,,0*52
$GLGSV,2,1,05,68,36,024,32,69,30,323,39,78,41,071,34,85,04,332,12,1*75
$GLGSV,2,2,05,,,,28,1*77
$GAGSV,1,1,00,0*74
$GBGSV,1,1,01,07,34,042,,0*40
$GQGSV,1,1,01,03,,,28,1*6D
$GNGLL,2520.06079,N,05128.16108,E,114017.00,A,A*78
$GNRMC,114018.00,A,2520.06073,N,05128.16108,E,0.059,,200726,,,A,V*13
$GNVTG,,T,,M,0.059,N,0.109,K,A*39
$GNGGA,114018.00,2520.06073,N,05128.16108,E,1,09,1.27,44.3,M,-24.7,M,,*5A
$GNGSA,A,3,16,31,04,26,09,,,,,,,,3.75,1.27,3.53,1*0D
$GNGSA,A,3,69,78,68,,,,,,,,,,3.75,1.27,3.53,2*0C
$GNGSA,A,3,,,,,,,,,,,,,3.75,1.27,3.53,3*03
$GNGSA,A,3,07,,,,,,,,,,,,3.75,1.27,3.53,4*03
$GNGSA,A,3,,,,,,,,,,,,,3.75,1.27,3.53,5*05
$GPGSV,3,1,12,04,42,298,33,09,14,275,29,12,,,30,16,22,134,35,1*54
$GPGSV,3,2,12,20,,,20,26,32,101,36,28,16,039,25,29,,,25,1*6A
$GPGSV,3,3,12,31,44,042,43,36,53,220,28,41,44,125,40,42,04,096,41,1*62
$GPGSV,1,1,01,40,63,171,,0*52
$GLGSV,2,1,05,68,36,024,32,69,30,323,39,78,41,071,35,85,04,332,14,1*72
$GLGSV,2,2,05,,,,28,1*77
$GAGSV,1,1,00,0*74
$GBGSV,1,1,01,07,34,042,,0*40
$GQGSV,1,1,01,03,,,26,1*63
$GNGLL,2520.06073,N,05128.16108,E,114018.00,A,A*7D
$GNRMC,114019.00,A,2520.06069,N,05128.16108,E,0.023,,200726,,,A,V*14
$GNVTG,,T,,M,0.023,N,0.042,K,A*3A
$GNGGA,114019.00,2520.06069,N,05128.16108,E,1,09,1.27,44.5,M,-24.7,M,,*56
$GNGSA,A,3,16,31,04,26,09,,,,,,,,3.75,1.27,3.53,1*0D
$GNGSA,A,3,69,78,68,,,,,,,,,,3.75,1.27,3.53,2*0C
$GNGSA,A,3,,,,,,,,,,,,,3.75,1.27,3.53,3*03
$GNGSA,A,3,07,,,,,,,,,,,,3.75,1.27,3.53,4*03
$GNGSA,A,3,,,,,,,,,,,,,3.75,1.27,3.53,5*05
$GPGSV,3,1,10,04,42,298,32,09,14,275,29,16,22,134,34,20,,,22,1*54
$GPGSV,3,2,10,26,32,101,35,28,16,039,25,29,,,24,31,44,042,43,1*59
$GPGSV,3,3,10,41,44,125,41,42,04,096,41,1*6B
$GPGSV,1,1,01,40,63,171,,0*52
$GLGSV,2,1,05,68,36,024,31,69,30,323,38,78,41,071,35,85,04,332,14,1*70
$GLGSV,2,2,05,,,,27,1*78
$GAGSV,1,1,00,0*74
$GBGSV,1,1,01,07,34,042,,0*40
$GQGSV,1,1,01,03,,,25,1*60
$GNGLL,2520.06069,N,05128.16108,E,114019.00,A,A*77
$GNRMC,114020.00,A,2520.06061,N,05128.16107,E,0.037,,200726,,,A,V*1C
$GNVTG,,T,,M,0.037,N,0.069,K,A*36
$GNGGA,114020.00,2520.06061,N,05128.16107,E,1,09,1.27,44.8,M,-24.7,M,,*56
$GNGSA,A,3,16,31,04,26,09,,,,,,,,3.75,1.27,3.53,1*0D
$GNGSA,A,3,69,78,68,,,,,,,,,,3.75,1.27,3.53,2*0C
$GNGSA,A,3,,,,,,,,,,,,,3.75,1.27,3.53,3*03
$GNGSA,A,3,07,,,,,,,,,,,,3.75,1.27,3.53,4*03
$GNGSA,A,3,,,,,,,,,,,,,3.75,1.27,3.53,5*05
$GPGSV,3,1,10,04,42,298,32,09,14,275,29,16,22,134,34,20,,,19,1*5C
$GPGSV,3,2,10,26,32,101,35,28,16,039,27,29,,,23,31,44,042,43,1*5C
$GPGSV,3,3,10,41,44,125,40,42,04,096,40,1*6B
$GPGSV,1,1,01,40,63,171,,0*52
$GLGSV,2,1,05,68,36,024,32,69,30,323,38,78,41,071,35,85,04,332,14,1*73
$GLGSV,2,2,05,,,,27,1*78
$GAGSV,1,1,00,0*74
$GBGSV,1,1,01,07,34,042,,0*40
$GQGSV,1,1,01,03,,,25,1*60
$GNGLL,2520.06061,N,05128.16107,E,114020.00,A,A*7A
$GNRMC,114021.00,A,2520.06054,N,05128.16105,E,0.027,,200726,,,A,V*18
$GNVTG,,T,,M,0.027,N,0.050,K,A*3D
$GNGGA,114021.00,2520.06054,N,05128.16105,E,1,09,1.27,45.0,M,-24.7,M,,*5A
$GNGSA,A,3,16,31,04,26,09,,,,,,,,3.75,1.27,3.53,1*0D
$GNGSA,A,3,69,78,68,,,,,,,,,,3.75,1.27,3.53,2*0C
$GNGSA,A,3,,,,,,,,,,,,,3.75,1.27,3.53,3*03
$GNGSA,A,3,07,,,,,,,,,,,,3.75,1.27,3.53,4*03
$GNGSA,A,3,,,,,,,,,,,,,3.75,1.27,3.53,5*05
$GPGSV,3,1,12,01,,,24,04,42,298,32,09,14,275,30,16,22,134,34,1*5B
$GPGSV,3,2,12,20,,,23,26,32,101,35,28,16,039,27,29,,,24,1*69
$GPGSV,3,3,12,31,44,042,43,40,63,171,28,41,44,125,40,42,04,096,40,1*66
$GLGSV,2,1,05,68,36,024,32,69,30,323,37,78,41,071,34,85,04,332,14,1*7D
$GLGSV,2,2,05,,,,27,1*78
$GAGSV,1,1,00,0*74
$GBGSV,1,1,01,07,34,042,,0*40
$GQGSV,1,1,01,03,,,25,1*60
$GNGLL,2520.06054,N,05128.16105,E,114021.00,A,A*7F
$GNRMC,114022.00,A,2520.06047,N,05128.16103,E,0.018,,200726,,,A,V*13
$GNVTG,,T,,M,0.018,N,0.034,K,A*33
$GNGGA,114022.00,2520.06047,N,05128.16103,E,1,09,1.27,45.2,M,-24.7,M,,*5F
$GNGSA,A,3,16,31,04,26,09,,,,,,,,3.75,1.27,3.53,1*0D
$GNGSA,A,3,69,78,68,,,,,,,,,,3.75,1.27,3.53,2*0C
$GNGSA,A,3,,,,,,,,,,,,,3.75,1.27,3.53,3*03
$GNGSA,A,3,07,,,,,,,,,,,,3.75,1.27,3.53,4*03
$GNGSA,A,3,,,,,,,,,,,,,3.75,1.27,3.53,5*05
$GPGSV,3,1,11,01,,,20,04,42,298,32,09,14,275,30,16,22,134,35,1*5D
$GPGSV,3,2,11,20,,,23,26,32,101,35,28,16,039,27,29,,,24,1*6A
$GPGSV,3,3,11,31,44,042,44,41,44,125,40,42,04,096,40,1*5E
$GPGSV,1,1,01,40,63,171,,0*52
$GLGSV,2,1,05,68,36,024,32,69,30,323,38,78,41,071,35,85,04,332,14,1*73
$GLGSV,2,2,05,,,,27,1*78
$GAGSV,1,1,00,0*74
$GBGSV,1,1,01,07,34,042,,0*40
$GQGSV,1,1,01,03,,,24,1*61
$GNGLL,2520.06047,N,05128.16103,E,114022.00,A,A*78
$GNRMC,114023.00,A,2520.06039,N,05128.16101,E,0.002,,200726,,,A,V*12
$GNVTG,,T,,M,0.002,N,0.004,K,A*3B
$GNGGA,114023.00,2520.06039,N,05128.16101,E,1,09,1.27,45.6,M,-24.7,M,,*51
$GNGSA,A,3,16,31,04,26,09,,,,,,,,3.75,1.27,3.53,1*0D
$GNGSA,A,3,69,78,68,,,,,,,,,,3.75,1.27,3.53,2*0C
$GNGSA,A,3,,,,,,,,,,,,,3.75,1.27,3.53,3*03
$GNGSA,A,3,07,,,,,,,,,,,,3.75,1.27,3.53,4*03
$GNGSA,A,3,,,,,,,,,,,,,3.75,1.27,3.53,5*05
$GPGSV,3,1,11,01,,,18,04,42,298,32,09,14,275,29,16,22,134,35,1*5E
$GPGSV,3,2,11,20,,,22,26,32,101,35,28,16,039,26,29,,,23,1*6D
$GPGSV,3,3,11,31,44,042,44,41,44,125,40,42,04,096,40,1*5E
$GPGSV,1,1,01,40,63,171,,0*52
$GLGSV,2,1,05,68,36,024,32,69,30,323,37,78,41,071,35,85,04,332,13,1*7B
$GLGSV,2,2,05,,,,26,1*79
$GLGSV,1,1,01,67,11,071,,0*4F
$GAGSV,1,1,00,0*74
$GBGSV,1,1,01,07,34,042,,0*40
$GQGSV,1,1,01,03,,,23,1*66
$GNGLL,2520.06039,N,05128.16101,E,114023.00,A,A*72
$GNRMC,114024.00,A,2520.06034,N,05128.16100,E,0.026,,200726,,,A,V*1F
$GNVTG,,T,,M,0.026,N,0.048,K,A*35
$GNGGA,114024.00,2520.06034,N,05128.16100,E,1,09,1.27,45.8,M,-24.7,M,,*54
$GNGSA,A,3,16,31,04,26,09,,,,,,,,3.75,1.27,3.53,1*0D
$GNGSA,A,3,69,78,68,,,,,,,,,,3.75,1.27,3.53,2*0C
$GNGSA,A,3,,,,,,,,,,,,,3.75,1.27,3.53,3*03
$GNGSA,A,3,07,,,,,,,,,,,,3.75,1.27,3.53,4*03
$GNGSA,A,3,,,,,,,,,,,,,3.75,1.27,3.53,5*05
$GPGSV,3,1,11,01,,,16,04,42,298,31,09,14,275,30,16,22,134,34,1*5A
$GPGSV,3,2,11,20,,,21,26,32,101,35,28,16,039,27,29,,,22,1*6E
$GPGSV,3,3,11,31,44,042,44,41,44,125,40,42,04,096,40,1*5E
$GPGSV,1,1,01,40,63,171,,0*52
$GLGSV,2,1,07,67,11,071,26,68,36,024,31,69,30,323,37,78,41,071,34,1*71
$GLGSV,2,2,07,85,04,332,14,,,,27,,,,24,1*42
$GAGSV,1,1,00,0*74
$GBGSV,1,1,01,07,34,042,,0*40
$GQGSV,1,1,01,03,,,22,1*67
$GNGLL,2520.06034,N,05128.16100,E,114024.00,A,A*79
$GNRMC,114025.00,A,2520.06030,N,05128.16099,E,0.025,,200726,,,A,V*18
$GNVTG,,T,,M,0.025,N,0.047,K,A*39
$GNGGA,114025.00,2520.06030,N,05128.16099,E,1,09,1.27,46.0,M,-24.7,M,,*5B
$GNGSA,A,3,16,31,04,26,09,,,,,,,,3.75,1.27,3.53,1*0D
$GNGSA,A,3,69,78,68,,,,,,,,,,3.75,1.27,3.53,2*0C
$GNGSA,A,3,,,,,,,,,,,,,3.75,1.27,3.53,3*03
$GNGSA,A,3,07,,,,,,,,,,,,3.75,1.27,3.53,4*03
$GNGSA,A,3,,,,,,,,,,,,,3.75,1.27,3.53,5*05
$GPGSV,3,1,10,01,,,15,04,42,298,31,09,14,275,29,16,22,134,35,1*51
$GPGSV,3,2,10,20,,,21,26,32,101,36,28,16,039,26,31,44,042,44,1*52
$GPGSV,3,3,10,41,44,125,41,42,04,096,40,1*6A
$GPGSV,1,1,01,40,63,171,,0*52
$GLGSV,2,1,07,67,11,071,26,68,36,024,31,69,30,323,37,78,41,071,33,1*76
$GLGSV,2,2,07,85,04,332,13,,,,26,,,,25,1*45
$GAGSV,1,1,00,0*74
$GBGSV,1,1,01,07,34,042,,0*40
$GQGSV,1,1,01,03,,,21,1*64
$GNGLL,2520.06030,N,05128.16099,E,114025.00,A,A*7D
$GNRMC,114026.00,A,2520.06027,N,05128.16098,E,0.055,,200726,,,A,V*1B
$GNVTG,,T,,M,0.055,N,0.103,K,A*3F
$GNGGA,114026.00,2520.06027,N,05128.16098,E,1,09,1.27,46.2,M,-24.7,M,,*5D
$GNGSA,A,3,16,31,04,26,09,,,,,,,,3.75,1.27,3.53,1*0D
$GNGSA,A,3,69,78,68,,,,,,,,,,3.75,1.27,3.53,2*0C
$GNGSA,A,3,,,,,,,,,,,,,3.75,1.27,3.53,3*03
$GNGSA,A,3,07,,,,,,,,,,,,3.75,1.27,3.53,4*03
$GNGSA,A,3,,,,,,,,,,,,,3.75,1.27,3.53,5*05
$GPGSV,3,1,09,01,,,15,04,42,298,31,09,14,275,29,16,22,134,34,1*58
$GPGSV,3,2,09,26,32,101,36,28,16,039,25,31,44,042,44,41,44,125,40,1*6F
$GPGSV,3,3,09,42,04,096,39,1*5A
$GPGSV,1,1,01,40,63,171,,0*52
$GLGSV,2,1,07,67,11,071,27,68,36,024,31,69,30,323,38,78,41,071,33,1*78
$GLGSV,2,2,07,85,04,332,15,,,,26,,,,25,1*43
$GAGSV,1,1,00,0*74
$GBGSV,1,1,01,07,34,042,,0*40
$GQGSV,1,1,01,03,,,21,1*64
$GNGLL,2520.06027,N,05128.16098,E,114026.00,A,A*79
$GNRMC,114027.00,A,2520.06022,N,05128.16096,E,0.040,,200726,,,A,V*15
$GNVTG,,T,,M,0.040,N,0.073,K,A*3D
$GNGGA,114027.00,2520.06022,N,05128.16096,E,1,09,1.27,46.4,M,-24.7,M,,*51
$GNGSA,A,3,16,31,04,26,09,,,,,,,,3.75,1.27,3.53,1*0D
$GNGSA,A,3,69,78,68,,,,,,,,,,3.75,1.27,3.53,2*0C
$GNGSA,A,3,,,,,,,,,,,,,3.75,1.27,3.53,3*03
$GNGSA,A,3,07,,,,,,,,,,,,3.75,1.27,3.53,4*03
$GNGSA,A,3,,,,,,,,,,,,,3.75,1.27,3.53,5*05
$GPGSV,3,1,09,01,,,12,04,42,298,31,09,14,275,29,16,22,134,34,1*5F
$GPGSV,3,2,09,26,32,101,36,28,16,039,26,31,44,042,44,41,44,125,40,1*6C
$GPGSV,3,3,09,42,04,096,39,1*5A
$GPGSV,1,1,01,40,63,171,,0*52
$GLGSV,2,1,07,67,11,071,27,68,36,024,31,69,30,323,37,78,41,071,33,1*77
$GLGSV,2,2,07,85,04,332,15,,,,26,,,,26,1*40
$GAGSV,1,1,00,0*74
$GBGSV,1,1,01,07,34,042,,0*40
$GQGSV,1,1,00,0*64
$GNGLL,2520.06022,N,05128.16096,E,114027.00,A,A*73
$GNRMC,114028.00,A,2520.06016,N,05128.16094,E,0.073,,200726,,,A,V*1F
$GNVTG,,T,,M,0.073,N,0.136,K,A*3D
$GNGGA,114028.00,2520.06016,N,05128.16094,E,1,09,1.27,46.7,M,-24.7,M,,*58
$GNGSA,A,3,16,31,04,26,09,,,,,,,,3.75,1.27,3.53,1*0D
$GNGSA,A,3,69,78,68,,,,,,,,,,3.75,1.27,3.53,2*0C
$GNGSA,A,3,,,,,,,,,,,,,3.75,1.27,3.53,3*03
$GNGSA,A,3,07,,,,,,,,,,,,3.75,1.27,3.53,4*03
$GNGSA,A,3,,,,,,,,,,,,,3.75,1.27,3.53,5*05
$GPGSV,3,1,09,01,,,12,04,42,299,31,09,14,275,29,16,22,134,34,1*5E
$GPGSV,3,2,09,26,32,101,35,28,16,039,27,31,44,042,43,41,44,125,40,1*69
$GPGSV,3,3,09,42,04,096,40,1*54
$GPGSV,1,1,01,40,63,171,,0*52
$GLGSV,2,1,07,67,11,071,25,68,36,024,31,69,30,323,37,78,41,071,34,1*72
$GLGSV,2,2,07,85,04,332,15,,,,26,,,,25,1*43
$GAGSV,1,1,00,0*74
$GBGSV,1,1,01,07,34,042,,0*40
$GQGSV,1,1,00,0*64
$GNGLL,2520.06016,N,05128.16094,E,114028.00,A,A*79
$GNRMC,114029.00,A,2520.06009,N,05128.16092,E,0.055,,200726,,,A,V*12
$GNVTG,,T,,M,0.055,N,0.101,K,A*3D
$GNGGA,114029.00,2520.06009,N,05128.16092,E,1,09,1.27,47.0,M,-24.7,M,,*57
$GNGSA,A,3,16,31,04,26,09,,,,,,,,3.75,1.27,3.53,1*0D
$GNGSA,A,3,69,78,68,,,,,,,,,,3.75,1.27,3.53,2*0C
$GNGSA,A,3,,,,,,,,,,,,,3.75,1.27,3.53,3*03
$GNGSA,A,3,07,,,,,,,,,,,,3.75,1.27,3.53,4*03
$GNGSA,A,3,,,,,,,,,,,,,3.75,1.27,3.53,5*05
$GPGSV,3,1,09,01,,,15,04,42,299,31,09,14,275,29,16,22,134,34,1*59
$GPGSV,3,2,09,26,32,101,35,28,16,039,28,31,44,042,43,41,44,125,40,1*66
$GPGSV,3,3,09,42,04,096,40,1*54
$GPGSV,1,1,01,40,63,171,,0*52
$GLGSV,2,1,07,67,11,071,25,68,36,024,32,69,30,323,37,78,41,071,34,1*71
$GLGSV,2,2,07,85,04,332,13,,,,26,,,,25,1*45
$GAGSV,1,1,00,0*74
$GBGSV,1,1,01,07,34,042,,0*40
$GQGSV,1,1,00,0*64
$GNGLL,2520.06009,N,05128.16092,E,114029.00,A,A*70
$GNRMC,114030.00,A,2520.06003,N,05128.16089,E,0.056,,200726,,,A,V*19
$GNVTG,,T,,M,0.056,N,0.103,K,A*3C
$GNGGA,114030.00,2520.06003,N,05128.16089,E,1,09,1.27,47.3,M,-24.7,M,,*5C
$GNGSA,A,3,16,31,04,26,09,,,,,,,,3.75,1.27,3.53,1*0D
$GNGSA,A,3,69,78,68,,,,,,,,,,3.75,1.27,3.53,2*0C
$GNGSA,A,3,,,,,,,,,,,,,3.75,1.27,3.53,3*03
$GNGSA,A,3,07,,,,,,,,,,,,3.75,1.27,3.53,4*03
$GNGSA,A,3,,,,,,,,,,,,,3.75,1.27,3.53,5*05
$GPGSV,3,1,09,01,,,15,04,42,299,31,09,14,275,29,16,22,134,34,1*59
$GPGSV,3,2,09,26,32,101,35,28,16,039,29,31,44,042,43,41,44,125,40,1*67
$GPGSV,3,3,09,42,04,096,40,1*54
$GPGSV,1,1,01,40,63,171,,0*52
$GLGSV,2,1,07,67,11,071,25,68,36,024,32,69,30,323,37,78,41,071,34,1*71
$GLGSV,2,2,07,85,04,332,13,,,,26,,,,24,1*44
$GAGSV,1,1,00,0*74
$GBGSV,1,1,01,07,34,042,,0*40
$GQGSV,1,1,00,0*64
$GNGLL,2520.06003,N,05128.16089,E,114030.00,A,A*78
$GNRMC,114031.00,A,2520.05996,N,05128.16086,E,0.053,,200726,,,A,V*14
$GNVTG,,T,,M,0.053,N,0.098,K,A*3A
$GNGGA,114031.00,2520.05996,N,05128.16086,E,1,09,1.27,47.6,M,-24.7,M,,*51
$GNGSA,A,3,16,31,04,26,09,,,,,,,,3.76,1.27,3.53,1*0E
$GNGSA,A,3,69,78,68,,,,,,,,,,3.76,1.27,3.53,2*0F
$GNGSA,A,3,,,,,,,,,,,,,3.76,1.27,3.53,3*00
$GNGSA,A,3,07,,,,,,,,,,,,3.76,1.27,3.53,4*00
$GNGSA,A,3,,,,,,,,,,,,,3.76,1.27,3.53,5*06
$GPGSV,3,1,09,01,,,17,04,42,299,30,09,15,276,29,16,22,134,34,1*58
$GPGSV,3,2,09,26,32,101,36,28,16,039,28,31,44,042,43,41,44,125,40,1*65
$GPGSV,3,3,09,42,04,096,40,1*54
$GPGSV,1,1,01,40,63,171,,0*52
$GLGSV,2,1,07,67,11,071,25,68,36,024,32,69,30,323,37,78,41,071,33,1*76
$GLGSV,2,2,07,85,04,332,12,,,,26,,,,22,1*43
$GAGSV,1,1,00,0*74
$GBGSV,1,1,01,07,34,042,,0*40
$GQGSV,1,1,00,0*64
$GNGLL,2520.05996,N,05128.16086,E,114031.00,A,A*70
$GNRMC,114032.00,A,2520.05990,N,05128.16082,E,0.032,,200726,,,A,V*12
$GNVTG,,T,,M,0.032,N,0.059,K,A*30
$GNGGA,114032.00,2520.05990,N,05128.16082,E,1,09,1.27,47.9,M,-24.7,M,,*5F
$GNGSA,A,3,16,31,04,26,09,,,,,,,,3.76,1.27,3.53,1*0E
$GNGSA,A,3,69,78,68,,,,,,,,,,3.76,1.27,3.53,2*0F
$GNGSA,A,3,,,,,,,,,,,,,3.76,1.27,3.53,3*00
$GNGSA,A,3,07,,,,,,,,,,,,3.76,1.27,3.53,4*00
$GNGSA,A,3,,,,,,,,,,,,,3.76,1.27,3.53,5*06
$GPGSV,2,1,08,04,42,299,30,09,15,276,29,16,22,133,34,26,32,101,35,1*6B
$GPGSV,2,2,08,28,16,039,28,31,44,042,43,41,44,125,40,42,04,096,40,1*6C
$GPGSV,1,1,01,40,63,171,,0*52
$GLGSV,2,1,07,67,11,071,25,68,36,024,32,69,30,323,37,78,41,071,33,1*76
$GLGSV,2,2,07,85,04,332,11,,,,27,,,,24,1*47
$GAGSV,1,1,00,0*74
$GBGSV,1,1,01,07,34,042,,0*40
$GQGSV,1,1,00,0*64
$GNGLL,2520.05990,N,05128.16082,E,114032.00,A,A*71
$GNRMC,114033.00,A,2520.05983,N,05128.16079,E,0.063,,200726,,,A,V*11
$GNVTG,,T,,M,0.063,N,0.116,K,A*3E
$GNGGA,114033.00,2520.05983,N,05128.16079,E,1,09,1.27,48.2,M,-24.7,M,,*5C
$GNGSA,A,3,16,31,04,26,09,,,,,,,,3.76,1.27,3.54,1*09
$GNGSA,A,3,69,78,68,,,,,,,,,,3.76,1.27,3.54,2*08
$GNGSA,A,3,,,,,,,,,,,,,3.76,1.27,3.54,3*07
$GNGSA,A,3,07,,,,,,,,,,,,3.76,1.27,3.54,4*07
$GNGSA,A,3,,,,,,,,,,,,,3.76,1.27,3.54,5*01
$GPGSV,2,1,08,04,42,299,30,09,15,276,29,16,22,133,34,26,32,100,35,1*6A
$GPGSV,2,2,08,28,16,039,28,31,44,042,43,41,44,125,40,42,04,096,40,1*6C
$GPGSV,1,1,01,40,63,171,,0*52
$GLGSV,2,1,07,67,11,071,25,68,36,024,32,69,30,323,37,78,41,071,33,1*76
$GLGSV,2,2,07,85,04,332,09,,,,26,,,,24,1*4F
$GAGSV,1,1,00,0*74
$GBGSV,1,1,01,07,34,042,,0*40
$GQGSV,1,1,00,0*64
$GNGLL,2520.05983,N,05128.16079,E,114033.00,A,A*76
$GNRMC,114034.00,A,2520.05976,N,05128.16074,E,0.046,,200726,,,A,V*16
$GNVTG,,T,,M,0.046,N,0.086,K,A*31
$GNGGA,114034.00,2520.05976,N,05128.16074,E,1,09,1.27,48.4,M,-24.7,M,,*5A
$GNGSA,A,3,16,31,04,26,09,,,,,,,,3.76,1.27,3.54,1*09
$GNGSA,A,3,69,78,68,,,,,,,,,,3.76,1.27,3.54,2*08
$GNGSA,A,3,,,,,,,,,,,,,3.76,1.27,3.54,3*07
$GNGSA,A,3,07,,,,,,,,,,,,3.76,1.27,3.54,4*07
$GNGSA,A,3,,,,,,,,,,,,,3.76,1.27,3.54,5*01
$GPGSV,2,1,08,04,42,299,30,09,15,276,30,16,22,133,34,26,32,100,35,1*62
$GPGSV,2,2,08,28,16,039,28,31,44,042,43,41,44,125,40,42,04,096,40,1*6C
$GPGSV,1,1,01,40,63,171,,0*52
$GLGSV,2,1,07,67,11,071,25,68,36,024,32,69,30,323,37,78,41,071,33,1*76
$GLGSV,2,2,07,85,04,332,10,,,,26,,,,24,1*47
$GAGSV,1,1,00,0*74
$GBGSV,1,1,01,07,34,042,,0*40
$GQGSV,1,1,00,0*64
$GNGLL,2520.05976,N,05128.16074,E,114034.00,A,A*76
$GNRMC,114035.00,A,2520.05972,N,05128.16071,E,0.029,,200726,,,A,V*1F
$GNVTG,,T,,M,0.029,N,0.053,K,A*30
$GNGGA,114035.00,2520.05972,N,05128.16071,E,1,09,1.27,48.7,M,-24.7,M,,*59
$GNGSA,A,3,16,31,04,26,09,,,,,,,,3.76,1.27,3.54,1*09
$GNGSA,A,3,69,78,68,,,,,,,,,,3.76,1.27,3.54,2*08
$GNGSA,A,3,,,,,,,,,,,,,3.76,1.27,3.54,3*07
$GNGSA,A,3,07,,,,,,,,,,,,3.76,1.27,3.54,4*07
$GNGSA,A,3,,,,,,,,,,,,,3.76,1.27,3.54,5*01
$GPGSV,2,1,08,04,42,299,29,09,15,276,30,16,22,133,34,26,32,100,35,1*6A
$GPGSV,2,2,08,28,16,039,28,31,44,042,43,41,44,125,40,42,04,096,40,1*6C
$GPGSV,1,1,01,40,63,171,,0*52
$GLGSV,2,1,07,67,11,071,25,68,36,024,32,69,30,323,36,78,41,071,33,1*77
$GLGSV,2,2,07,85,04,332,10,,,,26,,,,24,1*47
$GAGSV,1,1,00,0*74
$GBGSV,1,1,01,07,34,042,,0*40
$GQGSV,1,1,00,0*64
$GNGLL,2520.05972,N,05128.16071,E,114035.00,A,A*76
$GNRMC,114036.00,A,2520.05967,N,05128.16069,E,0.011,,200726,,,A,V*1A
$GNVTG,,T,,M,0.011,N,0.021,K,A*3E
$GNGGA,114036.00,2520.05967,N,05128.16069,E,1,09,1.27,49.0,M,-24.7,M,,*51
$GNGSA,A,3,16,31,04,26,09,,,,,,,,3.76,1.27,3.54,1*09
$GNGSA,A,3,69,78,68,,,,,,,,,,3.76,1.27,3.54,2*08
$GNGSA,A,3,,,,,,,,,,,,,3.76,1.27,3.54,3*07
$GNGSA,A,3,07,,,,,,,,,,,,3.76,1.27,3.54,4*07
$GNGSA,A,3,,,,,,,,,,,,,3.76,1.27,3.54,5*01
$GPGSV,2,1,08,04,42,299,30,09,15,276,30,16,22,133,33,26,32,100,35,1*65
$GPGSV,2,2,08,28,16,039,28,31,44,042,43,41,44,125,40,42,04,096,40,1*6C
$GPGSV,1,1,01,40,63,171,,0*52
$GLGSV,2,1,06,67,11,071,25,68,36,024,32,69,30,323,36,78,41,071,33,1*76
$GLGSV,2,2,06,,,,26,,,,24,1*7C
$GLGSV,1,1,01,85,04,332,,0*43
$GAGSV,1,1,00,0*74
$GBGSV,1,1,01,07,34,042,,0*40
$GQGSV,1,1,00,0*64
$GNGLL,2520.05967,N,05128.16069,E,114036.00,A,A*78
$GNRMC,114037.00,A,2520.05961,N,05128.16066,E,0.034,,200726,,,A,V*15
$GNVTG,,T,,M,0.034,N,0.064,K,A*38
$GNGGA,114037.00,2520.05961,N,05128.16066,E,1,09,1.27,49.4,M,-24.7,M,,*5D
$GNGSA,A,3,16,31,04,26,09,,,,,,,,3.76,1.27,3.54,1*09
$GNGSA,A,3,69,78,68,,,,,,,,,,3.76,1.27,3.54,2*08
$GNGSA,A,3,,,,,,,,,,,,,3.76,1.27,3.54,3*07
$GNGSA,A,3,07,,,,,,,,,,,,3.76,1.27,3.54,4*07
$GNGSA,A,3,,,,,,,,,,,,,3.76,1.27,3.54,5*01
$GPGSV,2,1,08,04,42,299,29,09,15,276,30,16,22,133,33,26,32,100,35,1*6D
$GPGSV,2,2,08,28,16,039,28,31,44,042,43,41,44,125,40,42,04,096,40,1*6C
$GPGSV,1,1,01,40,63,171,,0*52
$GLGSV,2,1,06,67,11,071,26,68,36,024,32,69,30,323,36,78,41,071,33,1*75
$GLGSV,2,2,06,,,,26,,,,24,1*7C
$GLGSV,1,1,01,85,04,332,,0*43
$GAGSV,1,1,00,0*74
$GBGSV,1,1,01,07,34,042,,0*40
$GQGSV,1,1,00,0*64
$GNGLL,2520.05961,N,05128.16066,E,114037.00,A,A*70
$GNRMC,114038.00,A,2520.05956,N,05128.16064,E,0.011,,200726,,,A,V*1B
$GNVTG,,T,,M,0.011,N,0.020,K,A*3F
$GNGGA,114038.00,2520.05956,N,05128.16064,E,1,09,1.27,49.8,M,-24.7,M,,*58
$GNGSA,A,3,16,31,04,26,09,,,,,,,,3.76,1.27,3.54,1*09
$GNGSA,A,3,69,78,68,,,,,,,,,,3.76,1.27,3.54,2*08
$GNGSA,A,3,,,,,,,,,,,,,3.76,1.27,3.54,3*07
$GNGSA,A,3,07,,,,,,,,,,,,3.76,1.27,3.54,4*07
$GNGSA,A,3,,,,,,,,,,,,,3.76,1.27,3.54,5*01
$GPGSV,2,1,08,04,42,299,29,09,15,276,30,16,22,133,34,26,32,100,35,1*6A
$GPGSV,2,2,08,28,16,039,28,31,44,042,43,41,44,125,40,42,04,096,41,1*6D
$GPGSV,1,1,01,40,63,171,,0*52
$GLGSV,2,1,06,67,11,071,26,68,36,024,32,69,30,323,36,78,41,071,33,1*75
$GLGSV,2,2,06,,,,26,,,,24,1*7C
$GLGSV,1,1,01,85,04,332,,0*43
$GAGSV,1,1,00,0*74
$GBGSV,1,1,01,07,34,042,,0*40
$GQGSV,1,1,00,0*64
$GNGLL,2520.05956,N,05128.16064,E,114038.00,A,A*79
$GNRMC,114039.00,A,2520.05954,N,05128.16064,E,0.032,,200726,,,A,V*19
$GNVTG,,T,,M,0.032,N,0.060,K,A*3A
$GNGGA,114039.00,2520.05954,N,05128.16064,E,1,10,1.22,50.0,M,-24.7,M,,*56
$GNGSA,A,3,16,31,04,26,09,,,,,,,,3.65,1.22,3.44,1*0F
$GNGSA,A,3,84,69,78,68,,,,,,,,,3.65,1.22,3.44,2*02
$GNGSA,A,3,,,,,,,,,,,,,3.65,1.22,3.44,3*01
$GNGSA,A,3,07,,,,,,,,,,,,3.65,1.22,3.44,4*01
$GNGSA,A,3,,,,,,,,,,,,,3.65,1.22,3.44,5*07
$GPGSV,2,1,08,04,42,299,29,09,15,276,29,16,22,133,33,26,32,100,35,1*65
$GPGSV,2,2,08,28,16,039,28,31,44,042,43,41,44,125,40,42,04,096,40,1*6C
$GPGSV,1,1,01,40,63,171,,0*52
$GLGSV,2,1,06,67,11,071,26,68,36,024,31,69,30,323,36,78,41,071,33,1*76
$GLGSV,2,2,06,84,32,298,26,,,,24,1*42
$GLGSV,1,1,01,85,04,332,,0*43
$GAGSV,1,1,00,0*74
$GBGSV,1,1,01,07,34,042,,0*40
$GQGSV,1,1,00,0*64
$GNGLL,2520.05954,N,05128.16064,E,114039.00,A,A*7A
$GNRMC,114040.00,A,2520.05951,N,05128.16061,E,0.012,,200726,,,A,V*15
$GNVTG,,T,,M,0.012,N,0.022,K,A*3E
$GNGGA,114040.00,2520.05951,N,05128.16061,E,1,10,1.22,50.1,M,-24.7,M,,*59
$GNGSA,A,3,16,31,04,26,09,,,,,,,,3.65,1.22,3.44,1*0F
$GNGSA,A,3,84,69,78,68,,,,,,,,,3.65,1.22,3.44,2*02
$GNGSA,A,3,,,,,,,,,,,,,3.65,1.22,3.44,3*01
$GNGSA,A,3,07,,,,,,,,,,,,3.65,1.22,3.44,4*01
$GNGSA,A,3,,,,,,,,,,,,,3.65,1.22,3.44,5*07
$GPGSV,2,1,08,04,42,299,28,09,15,276,30,16,22,133,34,26,32,100,36,1*68
$GPGSV,2,2,08,28,16,039,28,31,44,042,43,41,44,125,40,42,04,096,41,1*6D
$GPGSV,1,1,01,40,63,171,,0*52
$GLGSV,2,1,06,67,11,071,26,68,36,024,31,69,30,323,36,78,41,071,33,1*76
$GLGSV,2,2,06,84,32,298,26,,,,24,1*42
$GLGSV,1,1,01,85,04,332,,0*43
$GAGSV,1,1,00,0*74
$GBGSV,1,1,01,07,34,042,,0*40
$GQGSV,1,1,00,0*64
$GNGLL,2520.05951,N,05128.16061,E,114040.00,A,A*74
$GNRMC,114041.00,A,2520.05949,N,05128.16059,E,0.019,,200726,,,A,V*1D
$GNVTG,,T,,M,0.019,N,0.035,K,A*33
$GNGGA,114041.00,2520.05949,N,05128.16059,E,1,10,1.22,50.1,M,-24.7,M,,*5A
$GNGSA,A,3,16,31,04,26,09,,,,,,,,3.65,1.22,3.44,1*0F
$GNGSA,A,3,84,69,78,68,,,,,,,,,3.65,1.22,3.44,2*02
$GNGSA,A,3,,,,,,,,,,,,,3.65,1.22,3.44,3*01
$GNGSA,A,3,07,,,,,,,,,,,,3.65,1.22,3.44,4*01
$GNGSA,A,3,,,,,,,,,,,,,3.65,1.22,3.44,5*07
$GPGSV,2,1,08,04,42,299,28,09,15,276,30,16,22,133,34,26,32,100,36,1*68
$GPGSV,2,2,08,28,16,039,28,31,44,042,43,41,44,125,40,42,04,096,41,1*6D
$GPGSV,1,1,01,40,63,171,,0*52
$GLGSV,2,1,07,67,11,071,26,68,36,024,31,69,30,323,36,78,41,071,33,1*77
$GLGSV,2,2,07,84,32,298,26,85,04,332,14,,,,24,1*7D
$GAGSV,1,1,00,0*74
$GBGSV,1,1,01,07,34,042,,0*40
$GQGSV,1,1,00,0*64
$GNGLL,2520.05949,N,05128.16059,E,114041.00,A,A*77
$GNRMC,114042.00,A,2520.05947,N,05128.16058,E,0.030,,200726,,,A,V*1A
$GNVTG,,T,,M,0.030,N,0.056,K,A*3D
$GNGGA,114042.00,2520.05947,N,05128.16058,E,1,10,1.22,50.1,M,-24.7,M,,*56
$GNGSA,A,3,16,31,04,26,09,,,,,,,,3.65,1.22,3.44,1*0F
$GNGSA,A,3,84,69,78,68,,,,,,,,,3.65,1.22,3.44,2*02
$GNGSA,A,3,,,,,,,,,,,,,3.65,1.22,3.44,3*01
$GNGSA,A,3,07,,,,,,,,,,,,3.65,1.22,3.44,4*01
$GNGSA,A,3,,,,,,,,,,,,,3.65,1.22,3.44,5*07
$GPGSV,2,1,08,04,42,299,28,09,15,276,30,16,22,133,34,26,32,100,35,1*6B
$GPGSV,2,2,08,28,16,039,27,31,44,042,43,41,44,125,40,42,04,096,40,1*63
$GPGSV,1,1,01,40,63,171,,0*52
$GLGSV,2,1,07,67,11,071,26,68,36,024,31,69,30,323,36,78,41,071,33,1*77
$GLGSV,2,2,07,84,32,298,26,85,04,332,14,,,,23,1*7A
$GAGSV,1,1,00,0*74
$GBGSV,1,1,01,07,34,042,,0*40
$GQGSV,1,1,00,0*64
$GNGLL,2520.05947,N,05128.16058,E,114042.00,A,A*7B
$GNRMC,114043.00,A,2520.05945,N,05128.16057,E,0.039,,200726,,,A,V*1F
$GNVTG,,T,,M,0.039,N,0.072,K,A*32
$GNGGA,114043.00,2520.05945,N,05128.16057,E,1,10,1.22,50.2,M,-24.7,M,,*59
$GNGSA,A,3,16,31,04,26,09,,,,,,,,3.65,1.22,3.44,1*0F
$GNGSA,A,3,84,69,78,68,,,,,,,,,3.65,1.22,3.44,2*02
$GNGSA,A,3,,,,,,,,,,,,,3.65,1.22,3.44,3*01
$GNGSA,A,3,07,,,,,,,,,,,,3.65,1.22,3.44,4*01
$GNGSA,A,3,,,,,,,,,,,,,3.65,1.22,3.44,5*07
$GPGSV,2,1,08,04,42,299,28,09,15,276,30,16,22,133,33,26,32,100,35,1*6C
$GPGSV,2,2,08,28,16,039,27,31,44,042,43,41,44,125,40,42,04,096,41,1*62
$GPGSV,1,1,02,07,08,218,,40,63,171,,0*65
$GLGSV,2,1,07,67,11,071,26,68,36,024,31,69,30,323,36,78,41,071,33,1*77
$GLGSV,2,2,07,84,32,298,26,85,04,332,15,,,,23,1*7B
$GAGSV,1,1,00,0*74
$GBGSV,1,1,01,07,34,042,,0*40
$GQGSV,1,1,00,0*64
$GNGLL,2520.05945,N,05128.16057,E,114043.00,A,A*77
$GNRMC,114044.00,A,2520.05943,N,05128.16057,E,0.053,,200726,,,A,V*12
$GNVTG,,T,,M,0.053,N,0.098,K,A*3A
$GNGGA,114044.00,2520.05943,N,05128.16057,E,1,10,1.22,50.1,M,-24.7,M,,*5B
$GNGSA,A,3,16,31,04,26,09,,,,,,,,3.65,1.22,3.44,1*0F
$GNGSA,A,3,84,69,78,68,,,,,,,,,3.65,1.22,3.44,2*02
$GNGSA,A,3,,,,,,,,,,,,,3.65,1.22,3.44,3*01
$GNGSA,A,3,07,,,,,,,,,,,,3.65,1.22,3.44,4*01
$GNGSA,A,3,,,,,,,,,,,,,3.65,1.22,3.44,5*07
$GPGSV,3,1,09,04,42,299,28,07,08,218,22,09,15,276,30,16,22,133,34,1*6D
$GPGSV,3,2,09,26,32,100,35,28,16,039,27,31,44,042,43,41,44,125,40,1*68
$GPGSV,3,3,09,42,04,096,41,1*55
$GPGSV,1,1,01,40,63,171,,0*52
$GLGSV,2,1,07,67,11,071,26,68,36,024,30,69,30,323,36,78,41,071,33,1*76
$GLGSV,2,2,07,84,32,298,26,85,04,332,14,,,,23,1*7A
$GAGSV,1,1,01,10,,,26,7*77
$GBGSV,1,1,01,07,34,042,,0*40
$GQGSV,1,1,00,0*64
$GNGLL,2520.05943,N,05128.16057,E,114044.00,A,A*76
$GNRMC,114045.00,A,2520.05940,N,05128.16056,E,0.096,,200726,,,A,V*18
$GNVTG,,T,,M,0.096,N,0.177,K,A*33
$GNGGA,114045.00,2520.05940,N,05128.16056,E,1,10,1.22,50.1,M,-24.7,M,,*58
$GNGSA,A,3,16,31,04,26,09,,,,,,,,3.65,1.22,3.44,1*0F
$GNGSA,A,3,84,69,78,68,,,,,,,,,3.65,1.22,3.44,2*02
$GNGSA,A,3,,,,,,,,,,,,,3.65,1.22,3.44,3*01
$GNGSA,A,3,07,,,,,,,,,,,,3.65,1.22,3.44,4*01
$GNGSA,A,3,,,,,,,,,,,,,3.65,1.22,3.44,5*07
$GPGSV,3,1,09,04,42,299,28,07,08,218,21,09,15,276,30,16,22,133,33,1*69
$GPGSV,3,2,09,26,32,100,35,28,16,039,27,31,44,042,43,41,44,125,40,1*68
$GPGSV,3,3,09,42,04,096,41,1*55
$GPGSV,1,1,01,40,63,171,,0*52
$GLGSV,2,1,07,67,11,071,26,68,36,024,31,69,30,323,35,78,41,071,33,1*74
$GLGSV,2,2,07,84,32,298,26,85,04,332,13,,,,23,1*7D
$GLGSV,1,1,01,70,00,286,,0*43
$GAGSV,1,1,01,10,,,26,7*77
$GBGSV,1,1,01,07,34,042,,0*40
$GQGSV,1,1,00,0*64
$GNGLL,2520.05940,N,05128.16056,E,114045.00,A,A*75
$GNRMC,114046.00,A,2520.05936,N,05128.16055,E,0.037,,200726,,,A,V*12
$GNVTG,,T,,M,0.037,N,0.069,K,A*36
$GNGGA,114046.00,2520.05936,N,05128.16055,E,1,10,1.22,50.2,M,-24.7,M,,*5A
$GNGSA,A,3,16,31,04,26,09,,,,,,,,3.65,1.22,3.44,1*0F
$GNGSA,A,3,84,69,78,68,,,,,,,,,3.65,1.22,3.44,2*02
$GNGSA,A,3,,,,,,,,,,,,,3.65,1.22,3.44,3*01
$GNGSA,A,3,07,,,,,,,,,,,,3.65,1.22,3.44,4*01
$GNGSA,A,3,,,,,,,,,,,,,3.65,1.22,3.44,5*07
$GPGSV,3,1,09,04,42,299,28,07,08,218,20,09,15,276,30,16,22,133,34,1*6F
$GPGSV,3,2,09,26,32,100,35,28,16,039,28,31,44,042,44,41,44,125,40,1*60
$GPGSV,3,3,09,42,04,096,41,1*55
$GPGSV,1,1,01,40,63,171,,0*52
$GLGSV,2,1,06,67,11,071,28,68,36,024,31,69,30,323,36,78,41,071,33,1*78
$GLGSV,2,2,06,84,32,298,26,,,,24,1*42
$GLGSV,1,1,02,70,00,286,,85,04,332,,0*7B
$GAGSV,1,1,01,10,,,26,7*77
$GBGSV,1,1,01,07,34,042,,0*40
$GQGSV,1,1,00,0*64
$GNGLL,2520.05936,N,05128.16055,E,114046.00,A,A*74
$GNRMC,114047.00,A,2520.05933,N,05128.16053,E,0.035,,200726,,,A,V*12
$GNVTG,,T,,M,0.035,N,0.065,K,A*38
$GNGGA,114047.00,2520.05933,N,05128.16053,E,1,10,1.22,50.1,M,-24.7,M,,*5B
$GNGSA,A,3,16,31,04,26,09,,,,,,,,3.65,1.22,3.44,1*0F
$GNGSA,A,3,84,69,78,68,,,,,,,,,3.65,1.22,3.44,2*02
$GNGSA,A,3,,,,,,,,,,,,,3.65,1.22,3.44,3*01
$GNGSA,A,3,07,,,,,,,,,,,,3.65,1.22,3.44,4*01
$GNGSA,A,3,,,,,,,,,,,,,3.65,1.22,3.44,5*07
$GPGSV,3,1,09,04,42,299,28,07,08,218,21,09,15,276,31,16,22,133,33,1*68
$GPGSV,3,2,09,26,32,100,35,28,16,039,28,31,44,042,44,41,44,125,40,1*60
$GPGSV,3,3,09,42,04,096,41,1*55
$GPGSV,1,1,01,40,63,171,,0*52
$GLGSV,2,1,06,67,11,071,29,68,36,024,31,69,30,323,36,78,41,071,33,1*79
$GLGSV,2,2,06,84,32,298,25,,,,24,1*41
$GLGSV,1,1,02,70,00,286,,85,04,332,,0*7B
$GAGSV,1,1,01,10,,,26,7*77
$GBGSV,1,1,01,07,34,042,,0*40
$GQGSV,1,1,00,0*64
$GNGLL,2520.05933,N,05128.16053,E,114047.00,A,A*76
$GNRMC,114048.00,A,2520.05931,N,05128.16051,E,0.079,,200726,,,A,V*15
$GNVTG,,T,,M,0.079,N,0.146,K,A*30
$GNGGA,114048.00,2520.05931,N,05128.16051,E,1,10,1.22,50.2,M,-24.7,M,,*57
$GNGSA,A,3,16,31,04,26,09,,,,,,,,3.65,1.22,3.44,1*0F
$GNGSA,A,3,84,69,78,68,,,,,,,,,3.65,1.22,3.44,2*02
$GNGSA,A,3,,,,,,,,,,,,,3.65,1.22,3.44,3*01
$GNGSA,A,3,07,,,,,,,,,,,,3.65,1.22,3.44,4*01
$GNGSA,A,3,,,,,,,,,,,,,3.65,1.22,3.44,5*07
$GPGSV,3,1,10,01,,,29,04,42,299,27,07,08,218,22,09,15,276,30,1*51
$GPGSV,3,2,10,16,22,133,32,26,32,100,35,28,16,039,27,31,44,042,43,1*60
$GPGSV,3,3,10,41,44,125,40,42,04,096,41,1*6A
$GPGSV,1,1,01,40,63,171,,0*52
$GLGSV,2,1,06,67,11,071,28,68,36,024,30,69,30,323,35,78,41,071,34,1*7D
$GLGSV,2,2,06,84,32,298,25,,,,23,1*46
$GLGSV,1,1,02,70,00,286,,85,04,332,,0*7B
$GAGSV,1,1,01,10,,,26,7*77
$GBGSV,1,1,01,07,34,042,,0*40
$GQGSV,1,1,00,0*64
$GNGLL,2520.05931,N,05128.16051,E,114048.00,A,A*79
$GNRMC,114049.00,A,2520.05930,N,05128.16051,E,0.076,,200726,,,A,V*1A
$GNVTG,,T,,M,0.076,N,0.141,K,A*38
$GNGGA,114049.00,2520.05930,N,05128.16051,E,1,10,1.22,50.1,M,-24.7,M,,*54
$GNGSA,A,3,16,31,04,26,09,,,,,,,,3.65,1.22,3.44,1*0F
$GNGSA,A,3,84,69,78,68,,,,,,,,,3.65,1.22,3.44,2*02
$GNGSA,A,3,,,,,,,,,,,,,3.65,1.22,3.44,3*01
$GNGSA,A,3,07,,,,,,,,,,,,3.65,1.22,3.44,4*01
$GNGSA,A,3,,,,,,,,,,,,,3.65,1.22,3.44,5*07
$GPGSV,3,1,11,01,,,19,04,42,299,27,07,08,218,22,09,15,276,30,1*53
$GPGSV,3,2,11,12,,,27,16,22,133,32,26,32,100,35,28,16,039,26,1*55
$GPGSV,3,3,11,31,44,042,43,41,44,125,41,42,04,096,40,1*58
$GPGSV,1,1,01,40,63,171,,0*52
$GLGSV,2,1,06,67,11,071,28,68,36,024,30,69,30,323,35,78,41,071,34,1*7D
$GLGSV,2,2,06,84,32,298,26,,,,23,1*45
$GLGSV,1,1,02,70,00,286,,85,04,332,,0*7B
$GAGSV,1,1,01,10,,,26,7*77
$GBGSV,1,1,01,07,34,042,,0*40
$GQGSV,1,1,01,04,,,27,1*65
$GNGLL,2520.05930,N,05128.16051,E,114049.00,A,A*79
$GNRMC,114050.00,A,2520.05928,N,05128.16050,E,0.037,,200726,,,A,V*1F
$GNVTG,,T,,M,0.037,N,0.068,K,A*37
$GNGGA,114050.00,2520.05928,N,05128.16050,E,1,10,1.22,50.2,M,-24.7,M,,*57
$GNGSA,A,3,16,31,04,26,09,,,,,,,,3.65,1.22,3.44,1*0F
$GNGSA,A,3,84,69,78,68,,,,,,,,,3.65,1.22,3.44,2*02
$GNGSA,A,3,,,,,,,,,,,,,3.65,1.22,3.44,3*01
$GNGSA,A,3,07,,,,,,,,,,,,3.65,1.22,3.44,4*01
$GNGSA,A,3,,,,,,,,,,,,,3.65,1.22,3.44,5*07
$GPGSV,3,1,11,01,,,17,04,42,299,26,07,08,218,23,09,15,276,30,1*5D
$GPGSV,3,2,11,12,,,24,16,22,133,32,26,32,100,36,28,16,039,25,1*56
$GPGSV,3,3,11,31,44,042,43,41,44,125,41,42,04,096,40,1*58
$GPGSV,1,1,01,40,63,171,,0*52
$GLGSV,2,1,06,67,11,071,28,68,36,024,30,69,30,323,35,78,41,071,34,1*7D
$GLGSV,2,2,06,84,32,298,26,,,,23,1*45
$GLGSV,1,1,02,70,00,286,,85,04,332,,0*7B
$GAGSV,1,1,01,10,,,26,7*77
$GBGSV,1,1,01,07,34,042,,0*40
$GQGSV,1,1,01,04,,,24,1*66
$GNGLL,2520.05928,N,05128.16050,E,114050.00,A,A*79
$GNRMC,114051.00,A,2520.05927,N,05128.16049,E,0.015,,200726,,,A,V*19
$GNVTG,,T,,M,0.015,N,0.028,K,A*33
$GNGGA,114051.00,2520.05927,N,05128.16049,E,1,10,1.22,50.2,M,-24.7,M,,*51
$GNGSA,A,3,16,31,04,26,09,,,,,,,,3.65,1.22,3.44,1*0F
$GNGSA,A,3,84,69,78,68,,,,,,,,,3.65,1.22,3.44,2*02
$GNGSA,A,3,,,,,,,,,,,,,3.65,1.22,3.44,3*01
$GNGSA,A,3,07,,,,,,,,,,,,3.65,1.22,3.44,4*01
$GNGSA,A,3,,,,,,,,,,,,,3.65,1.22,3.44,5*07
$GPGSV,3,1,11,01,,,14,04,42,299,26,07,08,218,23,09,15,276,30,1*5E
$GPGSV,3,2,11,12,,,21,16,22,133,32,26,32,100,36,28,16,039,25,1*53
$GPGSV,3,3,11,31,44,042,43,41,44,125,41,42,04,096,40,1*58
$GPGSV,1,1,01,40,63,171,,0*52
$GLGSV,2,1,06,67,11,071,28,68,36,024,30,69,30,323,36,78,41,071,34,1*7E
$GLGSV,2,2,06,84,32,298,25,,,,22,1*47
$GLGSV,1,1,02,70,00,286,,85,04,332,,0*7B
$GAGSV,1,1,01,10,,,26,7*77
$GBGSV,1,1,01,07,34,042,,0*40
$GQGSV,1,1,01,04,,,20,1*62
$GNGLL,2520.05927,N,05128.16049,E,114051.00,A,A*7F
$GNRMC,114052.00,A,2520.05924,N,05128.16049,E,0.034,,200726,,,A,V*1A
$GNVTG,,T,,M,0.034,N,0.064,K,A*38
$GNGGA,114052.00,2520.05924,N,05128.16049,E,1,10,1.22,50.2,M,-24.7,M,,*51
$GNGSA,A,3,16,31,04,26,09,,,,,,,,3.65,1.22,3.44,1*0F
$GNGSA,A,3,84,69,78,68,,,,,,,,,3.65,1.22,3.44,2*02
$GNGSA,A,3,,,,,,,,,,,,,3.65,1.22,3.44,3*01
$GNGSA,A,3,07,,,,,,,,,,,,3.65,1.22,3.44,4*01
$GNGSA,A,3,,,,,,,,,,,,,3.65,1.22,3.44,5*07
$GPGSV,4,1,13,01,,,14,04,42,299,26,07,08,218,23,09,15,276,30,1*5B
$GPGSV,4,2,13,12,,,20,16,22,133,32,22,,,10,23,,,26,1*52
$GPGSV,4,3,13,26,32,100,36,28,16,039,24,31,44,042,43,41,44,125,41,1*64
$GPGSV,4,4,13,42,04,096,40,1*5F
$GPGSV,1,1,01,40,63,171,,0*52
$GLGSV,2,1,06,67,11,071,27,68,36,024,30,69,30,323,35,78,41,071,34,1*72
$GLGSV,2,2,06,84,32,298,26,,,,22,1*44
$GLGSV,1,1,02,70,00,286,,85,04,332,,0*7B
$GAGSV,1,1,01,10,,,25,7*74
$GBGSV,1,1,01,07,34,042,,0*40
$GQGSV,1,1,01,04,,,18,1*69
$GNGLL,2520.05924,N,05128.16049,E,114052.00,A,A*7F
$GNRMC,114053.00,A,2520.05923,N,05128.16050,E,0.039,,200726,,,A,V*19
$GNVTG,,T,,M,0.039,N,0.072,K,A*32
$GNGGA,114053.00,2520.05923,N,05128.16050,E,1,10,1.22,50.1,M,-24.7,M,,*5C
$GNGSA,A,3,16,31,04,26,09,,,,,,,,3.65,1.22,3.44,1*0F
$GNGSA,A,3,84,69,78,68,,,,,,,,,3.65,1.22,3.44,2*02
$GNGSA,A,3,,,,,,,,,,,,,3.65,1.22,3.44,3*01
$GNGSA,A,3,07,,,,,,,,,,,,3.65,1.22,3.44,4*01
$GNGSA,A,3,,,,,,,,,,,,,3.65,1.22,3.44,5*07
$GPGSV,4,1,14,01,,,15,04,42,299,25,07,08,218,23,09,15,276,30,1*5E
$GPGSV,4,2,14,12,,,20,16,22,133,32,22,,,15,23,,,22,1*54
$GPGSV,4,3,14,25,,,23,26,32,100,36,28,16,039,25,31,44,042,43,1*52
$GPGSV,4,4,14,41,44,125,41,42,04,096,40,1*6E
$GPGSV,1,1,01,40,63,171,,0*52
$GLGSV,2,1,06,67,11,071,27,68,36,024,30,69,30,323,35,78,41,071,34,1*72
$GLGSV,2,2,06,84,32,298,26,,,,22,1*44
$GLGSV,1,1,02,70,00,286,,85,04,332,,0*7B
$GAGSV,1,1,01,10,,,25,7*74
$GBGSV,1,1,01,07,34,042,,0*40
$GQGSV,1,1,01,04,,,17,1*66
$GNGLL,2520.05923,N,05128.16050,E,114053.00,A,A*71
$GNRMC,114054.00,A,2520.05920,N,05128.16047,E,0.040,,200726,,,A,V*15
$GNVTG,,T,,M,0.040,N,0.074,K,A*3A
$GNGGA,114054.00,2520.05920,N,05128.16047,E,1,10,1.22,50.2,M,-24.7,M,,*5D
$GNGSA,A,3,16,31,04,26,09,,,,,,,,3.65,1.22,3.44,1*0F
$GNGSA,A,3,84,69,78,68,,,,,,,,,3.65,1.22,3.44,2*02
$GNGSA,A,3,,,,,,,,,,,,,3.65,1.22,3.44,3*01
$GNGSA,A,3,07,,,,,,,,,,,,3.65,1.22,3.44,4*01
$GNGSA,A,3,,,,,,,,,,,,,3.65,1.22,3.44,5*07
$GPGSV,4,1,14,01,,,14,04,42,299,25,07,08,218,22,09,15,276,30,1*5E
$GPGSV,4,2,14,12,,,19,16,22,133,32,22,,,21,23,,,20,1*5B
$GPGSV,4,3,14,25,,,22,26,32,100,36,28,16,039,25,31,44,042,43,1*53
$GPGSV,4,4,14,41,44,125,41,42,04,096,40,1*6E
$GPGSV,1,1,01,40,63,171,,0*52
$GLGSV,2,1,06,67,11,071,27,68,36,024,30,69,30,323,35,78,41,071,34,1*72
$GLGSV,2,2,06,84,32,298,26,,,,22,1*44
$GLGSV,1,1,02,70,00,286,,85,04,332,,0*7B
$GAGSV,1,1,01,10,,,25,7*74
$GBGSV,1,1,01,07,34,042,,0*40
$GQGSV,1,1,01,04,,,17,1*66
$GNGLL,2520.05920,N,05128.16047,E,114054.00,A,A*73
$GNRMC,114055.00,A,2520.05917,N,05128.16045,E,0.058,,200726,,,A,V*1B
$GNVTG,,T,,M,0.058,N,0.107,K,A*36
$GNGGA,114055.00,2520.05917,N,05128.16045,E,1,11,0.91,50.3,M,-24.7,M,,*53
$GNGSA,A,3,16,31,04,26,09,28,,,,,,,2.37,0.91,2.19,1*03
$GNGSA,A,3,84,69,78,68,,,,,,,,,2.37,0.91,2.19,2*04
$GNGSA,A,3,,,,,,,,,,,,,2.37,0.91,2.19,3*07
$GNGSA,A,3,07,,,,,,,,,,,,2.37,0.91,2.19,4*07
$GNGSA,A,3,,,,,,,,,,,,,2.37,0.91,2.19,5*01
$GPGSV,4,1,14,01,,,14,04,42,299,25,07,08,218,22,09,15,276,30,1*5E
$GPGSV,4,2,14,12,,,19,16,22,133,32,22,,,21,23,,,18,1*50
$GPGSV,4,3,14,25,,,21,26,32,100,36,28,16,039,25,31,44,042,43,1*50
$GPGSV,4,4,14,41,44,125,40,42,04,096,40,1*6F
$GPGSV,1,1,01,40,63,171,,0*52
$GLGSV,2,1,06,67,11,071,27,68,36,024,30,69,30,323,35,78,41,071,34,1*72
$GLGSV,2,2,06,84,32,298,26,,,,22,1*44
$GLGSV,1,1,02,70,00,286,,85,04,332,,0*7B
$GAGSV,1,1,01,10,,,25,7*74
$GBGSV,1,1,01,07,34,042,,0*40
$GQGSV,1,1,01,04,,,18,1*69
$GNGLL,2520.05917,N,05128.16045,E,114055.00,A,A*74
$GNRMC,114056.00,A,2520.05913,N,05128.16044,E,0.056,,200726,,,A,V*13
$GNVTG,,T,,M,0.056,N,0.103,K,A*3C
$GNGGA,114056.00,2520.05913,N,05128.16044,E,1,11,0.91,50.5,M,-24.7,M,,*53
$GNGSA,A,3,16,31,04,26,09,28,,,,,,,2.37,0.91,2.19,1*03
$GNGSA,A,3,84,69,78,68,,,,,,,,,2.37,0.91,2.19,2*04
$GNGSA,A,3,,,,,,,,,,,,,2.37,0.91,2.19,3*07
$GNGSA,A,3,07,,,,,,,,,,,,2.37,0.91,2.19,4*07
$GNGSA,A,3,,,,,,,,,,,,,2.37,0.91,2.19,5*01
$GPGSV,4,1,15,01,,,15,04,42,299,25,07,08,218,22,09,15,276,30,1*5E
$GPGSV,4,2,15,12,,,19,16,22,133,32,22,,,19,23,,,17,1*55
$GPGSV,4,3,15,25,,,20,26,32,100,36,28,16,039,25,31,44,042,43,1*50
$GPGSV,4,4,15,39,57,153,27,41,44,125,40,42,04,096,40,1*54
$GPGSV,1,1,01,40,63,171,,0*52
$GLGSV,2,1,06,67,11,071,27,68,36,024,29,69,30,323,35,78,41,071,34,1*7A
$GLGSV,2,2,06,84,32,298,26,,,,22,1*44
$GLGSV,1,1,02,70,00,286,,85,04,332,,0*7B
$GAGSV,1,1,01,10,,,26,7*77
$GBGSV,1,1,01,07,34,042,,0*40
$GQGSV,1,1,01,04,,,17,1*66
$GNGLL,2520.05913,N,05128.16044,E,114056.00,A,A*72
$GNRMC,114057.00,A,2520.05910,N,05128.16043,E,0.014,,200726,,,A,V*10
$GNVTG,,T,,M,0.014,N,0.027,K,A*3D
$GNGGA,114057.00,2520.05910,N,05128.16043,E,1,11,0.91,50.6,M,-24.7,M,,*55
$GNGSA,A,3,16,31,04,26,09,28,,,,,,,2.37,0.91,2.19,1*03
$GNGSA,A,3,84,69,78,68,,,,,,,,,2.37,0.91,2.19,2*04
$GNGSA,A,3,,,,,,,,,,,,,2.37,0.91,2.19,3*07
$GNGSA,A,3,07,,,,,,,,,,,,2.37,0.91,2.19,4*07
$GNGSA,A,3,,,,,,,,,,,,,2.37,0.91,2.19,5*01
$GPGSV,4,1,15,01,,,16,04,42,299,24,07,08,218,21,09,15,276,30,1*5F
$GPGSV,4,2,15,12,,,18,16,22,133,32,22,,,16,23,,,18,1*54
$GPGSV,4,3,15,25,,,18,26,32,100,36,28,16,039,25,31,44,042,43,1*5B
$GPGSV,4,4,15,39,57,153,27,41,44,125,40,42,04,096,40,1*54
$GPGSV,1,1,01,40,63,171,,0*52
$GLGSV,2,1,06,67,11,071,27,68,36,024,29,69,30,323,35,78,41,071,34,1*7A
$GLGSV,2,2,06,84,32,298,26,,,,23,1*45
$GLGSV,1,1,02,70,00,286,,85,04,332,,0*7B
$GAGSV,1,1,01,10,,,26,7*77
$GBGSV,1,1,01,07,34,042,,0*40
$GQGSV,1,1,01,04,,,17,1*66
$GNGLL,2520.05910,N,05128.16043,E,114057.00,A,A*77
$GNRMC,114058.00,A,2520.05906,N,05128.16040,E,0.015,,200726,,,A,V*1A
$GNVTG,,T,,M,0.015,N,0.029,K,A*32
$GNGGA,114058.00,2520.05906,N,05128.16040,E,1,11,0.91,50.6,M,-24.7,M,,*5E
$GNGSA,A,3,16,31,04,26,09,28,,,,,,,2.37,0.91,2.19,1*03
$GNGSA,A,3,84,69,78,68,,,,,,,,,2.37,0.91,2.19,2*04
$GNGSA,A,3,,,,,,,,,,,,,2.37,0.91,2.19,3*07
$GNGSA,A,3,07,,,,,,,,,,,,2.37,0.91,2.19,4*07
$GNGSA,A,3,,,,,,,,,,,,,2.37,0.91,2.19,5*01
$GPGSV,4,1,14,01,,,16,04,42,299,24,07,08,218,21,09,15,276,30,1*5E
$GPGSV,4,2,14,12,,,16,16,22,133,31,22,,,16,23,,,18,1*58
$GPGSV,4,3,14,26,32,100,35,28,16,039,25,31,44,042,43,41,44,125,40,1*60
$GPGSV,4,4,14,42,04,096,40,49,31,248,27,1*6C
$GPGSV,1,1,01,40,63,171,,0*52
$GLGSV,2,1,06,67,10,071,27,68,36,024,29,69,30,323,35,78,41,071,34,1*7B
$GLGSV,2,2,06,84,32,298,25,,,,23,1*46
$GLGSV,1,1,02,70,00,286,,85,04,332,,0*7B
$GAGSV,1,1,01,10,,,26,7*77
$GBGSV,1,1,01,07,34,042,,0*40
$GQGSV,1,1,01,04,,,17,1*66
$GNGLL,2520.05906,N,05128.16040,E,114058.00,A,A*7C
$GNRMC,114059.00,A,2520.05903,N,05128.16038,E,0.027,,200726,,,A,V*10
$GNVTG,,T,,M,0.027,N,0.050,K,A*3D
$GNGGA,114059.00,2520.05903,N,05128.16038,E,1,11,0.91,50.8,M,-24.7,M,,*5B
$GNGSA,A,3,16,31,04,26,09,28,,,,,,,2.37,0.91,2.19,1*03
$GNGSA,A,3,84,69,78,68,,,,,,,,,2.37,0.91,2.19,2*04
$GNGSA,A,3,,,,,,,,,,,,,2.37,0.91,2.19,3*07
$GNGSA,A,3,07,,,,,,,,,,,,2.37,0.91,2.19,4*07
$GNGSA,A,3,,,,,,,,,,,,,2.37,0.91,2.19,5*01
$GPGSV,3,1,11,04,42,299,23,09,15,276,31,12,,,16,16,22,133,31,1*5B
$GPGSV,3,2,11,22,,,18,23,,,17,26,32,100,35,28,16,039,25,1*69
$GPGSV,3,3,11,31,44,042,43,41,44,125,40,42,04,096,40,1*59
$GPGSV,1,1,02,07,08,218,,40,63,171,,0*65
$GLGSV,2,1,06,67,10,071,27,68,36,024,29,69,30,323,35,78,41,071,34,1*7B
$GLGSV,2,2,06,84,32,298,25,,,,23,1*46
$GLGSV,1,1,02,70,00,286,,85,04,332,,0*7B
$GAGSV,1,1,01,10,,,26,7*77
$GBGSV,1,1,01,07,34,042,,0*40
$GQGSV,1,1,01,04,,,17,1*66
$GNGLL,2520.05903,N,05128.16038,E,114059.00,A,A*77
$GNRMC,114100.00,A,2520.05897,N,05128.16034,E,0.045,,200726,,,A,V*19
$GNVTG,,T,,M,0.045,N,0.083,K,A*37
$GNGGA,114100.00,2520.05897,N,05128.16034,E,1,10,0.96,50.9,M,-24.7,M,,*51
$GNGSA,A,3,16,31,26,09,28,,,,,,,,2.64,0.96,2.46,1*0C
$GNGSA,A,3,84,69,78,68,,,,,,,,,2.64,0.96,2.46,2*0F
$GNGSA,A,3,,,,,,,,,,,,,2.64,0.96,2.46,3*0C
$GNGSA,A,3,07,,,,,,,,,,,,2.64,0.96,2.46,4*0C
$GNGSA,A,3,,,,,,,,,,,,,2.64,0.96,2.46,5*0A
$GPGSV,3,1,10,09,15,276,31,16,22,133,31,22,,,22,23,,,19,1*66
$GPGSV,3,2,10,26,32,100,35,28,16,039,26,31,44,042,43,36,53,220,27,1*60
$GPGSV,3,3,10,41,44,125,40,42,04,096,40,1*6B
$GPGSV,1,1,03,04,42,299,,07,08,218,,40,63,171,,0*54
$GLGSV,2,1,06,67,10,071,27,68,36,024,30,69,30,323,34,78,41,071,34,1*72
$GLGSV,2,2,06,84,32,298,24,,,,23,1*47
$GLGSV,1,1,02,70,00,286,,85,04,332,,0*7B
$GAGSV,1,1,01,10,,,26,7*77
$GBGSV,1,1,01,07,34,042,,0*40
$GQGSV,1,1,00,0*64
$GNGLL,2520.05897,N,05128.16034,E,114100.00,A,A*7A
$GNRMC,114101.00,A,2520.05891,N,05128.16030,E,0.010,,200726,,,A,V*1A
$GNVTG,,T,,M,0.010,N,0.019,K,A*34
$GNGGA,114101.00,2520.05891,N,05128.16030,E,1,10,0.96,51.1,M,-24.7,M,,*5B
$GNGSA,A,3,16,31,26,09,28,,,,,,,,2.64,0.96,2.46,1*0C
$GNGSA,A,3,84,69,78,68,,,,,,,,,2.64,0.96,2.46,2*0F
$GNGSA,A,3,,,,,,,,,,,,,2.64,0.96,2.46,3*0C
$GNGSA,A,3,07,,,,,,,,,,,,2.64,0.96,2.46,4*0C
$GNGSA,A,3,,,,,,,,,,,,,2.64,0.96,2.46,5*0A
$GPGSV,3,1,11,09,15,276,30,16,22,133,30,22,,,22,23,,,20,1*6D
$GPGSV,3,2,11,26,32,100,35,28,16,039,27,31,44,042,43,36,53,220,26,1*61
$GPGSV,3,3,11,40,63,171,26,41,44,125,40,42,04,096,40,1*58
$GPGSV,1,1,02,04,42,299,,07,08,218,,0*63
$GLGSV,2,1,06,67,10,071,27,68,36,024,30,69,30,323,34,78,41,071,34,1*72
$GLGSV,2,2,06,84,32,298,24,,,,23,1*47
$GLGSV,1,1,02,70,00,286,,85,04,332,,0*7B
$GAGSV,1,1,01,10,,,26,7*77
$GBGSV,1,1,01,07,34,042,,0*40
$GQGSV,1,1,00,0*64
$GNGLL,2520.05891,N,05128.16030,E,114101.00,A,A*79
$GNRMC,114102.00,A,2520.05885,N,05128.16026,E,0.057,,200726,,,A,V*18
$GNVTG,,T,,M,0.057,N,0.106,K,A*38
$GNGGA,114102.00,2520.05885,N,05128.16026,E,1,10,0.96,51.2,M,-24.7,M,,*59
$GNGSA,A,3,16,31,26,09,28,,,,,,,,2.64,0.96,2.46,1*0C
$GNGSA,A,3,84,69,78,68,,,,,,,,,2.64,0.96,2.46,2*0F
$GNGSA,A,3,,,,,,,,,,,,,2.64,0.96,2.46,3*0C
$GNGSA,A,3,07,,,,,,,,,,,,2.64,0.96,2.46,4*0C
$GNGSA,A,3,,,,,,,,,,,,,2.64,0.96,2.46,5*0A
$GPGSV,2,1,08,09,15,276,31,16,22,133,31,26,32,100,35,28,16,039,27,1*67
$GPGSV,2,2,08,31,44,042,43,39,57,153,27,41,44,125,40,42,04,096,41,1*6A
$GPGSV,1,1,03,04,42,299,,07,08,218,,40,63,171,,0*54
$GLGSV,2,1,06,67,10,071,28,68,36,024,31,69,30,323,34,78,41,071,34,1*7C
$GLGSV,2,2,06,84,32,298,23,,,,23,1*40
$GLGSV,1,1,02,70,00,286,,85,04,332,,0*7B
$GAGSV,1,1,01,10,,,26,7*77
$GBGSV,1,1,01,07,34,042,,0*40
$GQGSV,1,1,00,0*64
$GNGLL,2520.05885,N,05128.16026,E,114102.00,A,A*78
$GNRMC,114103.00,A,2520.05879,N,05128.16021,E,0.046,,200726,,,A,V*1D
$GNVTG,,T,,M,0.046,N,0.086,K,A*31
$GNGGA,114103.00,2520.05879,N,05128.16021,E,1,10,0.96,51.3,M,-24.7,M,,*5D
$GNGSA,A,3,16,31,26,09,28,,,,,,,,2.64,0.96,2.46,1*0C
$GNGSA,A,3,84,69,78,68,,,,,,,,,2.64,0.96,2.46,2*0F
$GNGSA,A,3,,,,,,,,,,,,,2.64,0.96,2.46,3*0C
$GNGSA,A,3,07,,,,,,,,,,,,2.64,0.96,2.46,4*0C
$GNGSA,A,3,,,,,,,,,,,,,2.64,0.96,2.46,5*0A
$GPGSV,2,1,08,07,08,218,25,09,15,276,31,16,22,133,31,26,32,100,35,1*66
$GPGSV,2,2,08,28,16,039,28,31,44,042,43,41,44,125,41,42,04,096,40,1*6D
$GPGSV,1,1,02,04,42,299,,40,63,171,,0*61
$GLGSV,2,1,06,67,10,071,28,68,36,024,31,69,30,323,34,78,41,071,34,1*7C
$GLGSV,2,2,06,84,32,298,23,,,,24,1*47
$GLGSV,1,1,02,70,00,286,,85,04,332,,0*7B
$GAGSV,1,1,01,10,,,26,7*77
$GBGSV,1,1,01,07,34,042,,0*40
$GQGSV,1,1,00,0*64
$GNGLL,2520.05879,N,05128.16021,E,114103.00,A,A*7D
$GNRMC,114104.00,A,2520.05876,N,05128.16020,E,0.042,,200726,,,A,V*10
$GNVTG,,T,,M,0.042,N,0.078,K,A*34
$GNGGA,114104.00,2520.05876,N,05128.16020,E,1,10,0.96,51.5,M,-24.7,M,,*52
$GNGSA,A,3,16,31,26,09,28,,,,,,,,2.64,0.96,2.46,1*0C
$GNGSA,A,3,84,69,78,68,,,,,,,,,2.64,0.96,2.46,2*0F
$GNGSA,A,3,,,,,,,,,,,,,2.64,0.96,2.46,3*0C
$GNGSA,A,3,07,,,,,,,,,,,,2.64,0.96,2.46,4*0C
$GNGSA,A,3,,,,,,,,,,,,,2.64,0.96,2.46,5*0A
$GPGSV,3,1,09,04,42,299,24,07,08,218,24,09,15,276,30,16,22,133,31,1*62
$GPGSV,3,2,09,26,32,100,35,28,16,039,28,31,44,042,43,41,44,125,40,1*67
$GPGSV,3,3,09,42,04,096,40,1*54
$GPGSV,1,1,01,40,63,171,,0*52
$GLGSV,2,1,06,67,10,071,28,68,36,024,30,69,30,323,34,78,41,071,35,1*7C
$GLGSV,2,2,06,84,32,298,23,,,,23,1*40
$GLGSV,1,1,02,70,00,286,,85,04,332,,0*7B
$GAGSV,1,1,01,10,,,26,7*77
$GBGSV,1,1,01,07,34,042,,0*40
$GQGSV,1,1,00,0*64
$GNGLL,2520.05876,N,05128.16020,E,114104.00,A,A*74
$GNRMC,114105.00,A,2520.05871,N,05128.16017,E,0.043,,200726,,,A,V*13
$GNVTG,,T,,M,0.043,N,0.080,K,A*32
$GNGGA,114105.00,2520.05871,N,05128.16017,E,1,11,0.91,51.6,M,-24.7,M,,*55
$GNGSA,A,3,16,31,04,26,09,28,,,,,,,2.37,0.91,2.19,1*03
$GNGSA,A,3,84,69,78,68,,,,,,,,,2.37,0.91,2.19,2*04
$GNGSA,A,3,,,,,,,,,,,,,2.37,0.91,2.19,3*07
$GNGSA,A,3,07,,,,,,,,,,,,2.37,0.91,2.19,4*07
$GNGSA,A,3,,,,,,,,,,,,,2.37,0.91,2.19,5*01
$GPGSV,3,1,09,04,42,299,24,07,08,218,23,09,15,276,31,16,22,133,31,1*64
$GPGSV,3,2,09,26,32,100,35,28,16,039,28,31,44,042,43,41,44,125,40,1*67
$GPGSV,3,3,09,42,04,096,40,1*54
$GPGSV,1,1,01,40,63,171,,0*52
$GLGSV,2,1,06,67,10,071,28,68,36,024,30,69,30,323,34,78,41,071,34,1*7D
$GLGSV,2,2,06,84,32,298,24,,,,24,1*40
$GLGSV,1,1,02,70,00,286,,85,04,332,,0*7B
$GAGSV,1,1,01,10,,,26,7*77
$GBGSV,1,1,01,07,34,042,,0*40
$GQGSV,1,1,00,0*64
$GNGLL,2520.05871,N,05128.16017,E,114105.00,A,A*76
$GNRMC,114106.00,A,2520.05868,N,05128.16015,E,0.047,,200726,,,A,V*1E
$GNVTG,,T,,M,0.047,N,0.088,K,A*3E
$GNGGA,114106.00,2520.05868,N,05128.16015,E,1,11,0.91,51.7,M,-24.7,M,,*5D
$GNGSA,A,3,16,31,04,26,09,28,,,,,,,2.37,0.91,2.19,1*03
$GNGSA,A,3,84,69,78,68,,,,,,,,,2.37,0.91,2.19,2*04
$GNGSA,A,3,,,,,,,,,,,,,2.37,0.91,2.19,3*07
$GNGSA,A,3,07,,,,,,,,,,,,2.37,0.91,2.19,4*07
$GNGSA,A,3,,,,,,,,,,,,,2.37,0.91,2.19,5*01
$GPGSV,3,1,10,04,42,299,23,07,08,218,22,09,15,276,31,16,22,133,30,1*6B
$GPGSV,3,2,10,26,32,100,35,28,16,039,28,31,44,042,43,36,53,220,27,1*6E
$GPGSV,3,3,10,41,44,125,40,42,04,096,41,1*6A
$GPGSV,1,1,01,40,63,171,,0*52
$GLGSV,2,1,06,67,10,071,27,68,36,024,30,69,30,323,34,78,41,070,35,1*72
$GLGSV,2,2,06,84,32,298,23,,,,24,1*47
$GLGSV,1,1,02,70,00,286,,85,04,332,,0*7B
$GAGSV,1,1,01,10,,,26,7*77
$GBGSV,1,1,01,07,34,042,,0*40
$GQGSV,1,1,00,0*64
$GNGLL,2520.05868,N,05128.16015,E,114106.00,A,A*7F
$GNRMC,114107.00,A,2520.05862,N,05128.16011,E,0.037,,200726,,,A,V*16
$GNVTG,,T,,M,0.037,N,0.069,K,A*36
$GNGGA,114107.00,2520.05862,N,05128.16011,E,1,12,0.88,51.8,M,-24.7,M,,*56
$GNGSA,A,3,16,31,04,26,09,28,,,,,,,1.99,0.88,1.78,1*08
$GNGSA,A,3,84,69,67,78,68,,,,,,,,1.99,0.88,1.78,2*0E
$GNGSA,A,3,,,,,,,,,,,,,1.99,0.88,1.78,3*0C
$GNGSA,A,3,07,,,,,,,,,,,,1.99,0.88,1.78,4*0C
$GNGSA,A,3,,,,,,,,,,,,,1.99,0.88,1.78,5*0A
$GPGSV,3,1,09,04,42,299,23,07,08,218,22,09,15,276,31,16,22,133,31,1*62
$GPGSV,3,2,09,26,32,100,35,28,16,039,28,31,44,042,43,41,44,125,40,1*67
$GPGSV,3,3,09,42,04,096,41,1*55
$GPGSV,1,1,01,40,63,171,,0*52
$GLGSV,2,1,06,67,10,071,27,68,36,024,30,69,30,323,34,78,41,070,34,1*73
$GLGSV,2,2,06,84,32,298,23,,,,24,1*47
$GLGSV,1,1,02,70,00,286,,85,04,332,,0*7B
$GAGSV,1,1,01,10,,,26,7*77
$GBGSV,1,1,01,07,34,042,,0*40
$GQGSV,1,1,00,0*64
$GNGLL,2520.05862,N,05128.16011,E,114107.00,A,A*70
$GNRMC,114108.00,A,2520.05856,N,05128.16006,E,0.022,,200726,,,A,V*1C
$GNVTG,,T,,M,0.022,N,0.041,K,A*38
$GNGGA,114108.00,2520.05856,N,05128.16006,E,1,12,0.88,52.1,M,-24.7,M,,*52
$GNGSA,A,3,16,31,04,26,09,28,,,,,,,1.99,0.88,1.78,1*08
$GNGSA,A,3,84,69,67,78,68,,,,,,,,1.99,0.88,1.78,2*0E
$GNGSA,A,3,,,,,,,,,,,,,1.99,0.88,1.78,3*0C
$GNGSA,A,3,07,,,,,,,,,,,,1.99,0.88,1.78,4*0C
$GNGSA,A,3,,,,,,,,,,,,,1.99,0.88,1.78,5*0A
$GPGSV,3,1,09,04,42,299,24,07,08,218,21,09,15,276,31,16,22,133,31,1*66
$GPGSV,3,2,09,26,32,100,35,28,16,039,28,31,44,042,43,41,44,125,40,1*67
$GPGSV,3,3,09,42,04,096,41,1*55
$GPGSV,1,1,01,40,63,171,,0*52
$GLGSV,2,1,06,67,10,071,27,68,36,024,30,69,30,323,34,78,41,070,34,1*73
$GLGSV,2,2,06,84,32,298,23,,,,23,1*40
$GLGSV,1,1,02,70,00,286,,85,04,332,,0*7B
$GAGSV,1,1,01,10,,,26,7*77
$GBGSV,1,1,01,07,34,042,,0*40
$GQGSV,1,1,00,0*64
$GNGLL,2520.05856,N,05128.16006,E,114108.00,A,A*7E
$GNRMC,114109.00,A,2520.05848,N,05128.16001,E,0.026,,200726,,,A,V*11
$GNVTG,,T,,M,0.026,N,0.047,K,A*3A
$GNGGA,114109.00,2520.05848,N,05128.16001,E,1,12,0.88,52.4,M,-24.7,M,,*5E
$GNGSA,A,3,16,31,04,26,09,28,,,,,,,1.99,0.88,1.78,1*08
$GNGSA,A,3,84,69,67,78,68,,,,,,,,1.99,0.88,1.78,2*0E
$GNGSA,A,3,,,,,,,,,,,,,1.99,0.88,1.78,3*0C
$GNGSA,A,3,07,,,,,,,,,,,,1.99,0.88,1.78,4*0C
$GNGSA,A,3,,,,,,,,,,,,,1.99,0.88,1.78,5*0A
$GPGSV,3,1,09,04,42,299,23,07,08,218,20,09,15,276,31,16,22,133,30,1*61
$GPGSV,3,2,09,26,32,100,34,28,16,039,28,31,44,042,43,41,44,125,40,1*66
$GPGSV,3,3,09,42,04,096,41,1*55
$GPGSV,1,1,01,40,63,171,,0*52
$GLGSV,2,1,06,67,10,071,28,68,36,024,30,69,30,323,34,78,41,070,35,1*7D
$GLGSV,2,2,06,84,32,298,23,,,,23,1*40
$GLGSV,1,1,02,70,00,286,,85,04,332,,0*7B
$GAGSV,1,1,01,10,,,26,7*77
$GBGSV,1,1,01,07,34,042,,0*40
$GQGSV,1,1,00,0*64
$GNGLL,2520.05848,N,05128.16001,E,114109.00,A,A*77
$GNRMC,114110.00,A,2520.05840,N,05128.15996,E,0.016,,200726,,,A,V*16
$GNVTG,,T,,M,0.016,N,0.029,K,A*31
$GNGGA,114110.00,2520.05840,N,05128.15996,E,1,12,0.88,52.7,M,-24.7,M,,*59
$GNGSA,A,3,16,31,04,26,09,28,,,,,,,1.99,0.88,1.78,1*08
$GNGSA,A,3,84,69,67,78,68,,,,,,,,1.99,0.88,1.78,2*0E
$GNGSA,A,3,,,,,,,,,,,,,1.99,0.88,1.78,3*0C
$GNGSA,A,3,07,,,,,,,,,,,,1.99,0.88,1.78,4*0C
$GNGSA,A,3,,,,,,,,,,,,,1.99,0.88,1.78,5*0A
$GPGSV,3,1,09,04,42,299,24,07,08,218,19,09,15,276,31,16,22,133,31,1*6D
$GPGSV,3,2,09,26,32,100,34,28,16,039,28,31,44,042,43,41,44,125,40,1*66
$GPGSV,3,3,09,42,04,096,40,1*54
$GPGSV,1,1,01,40,63,171,,0*52
$GLGSV,2,1,06,67,10,071,28,68,36,024,30,69,30,323,34,78,41,070,34,1*7C
$GLGSV,2,2,06,84,32,298,23,,,,23,1*40
$GLGSV,1,1,02,70,00,286,,85,04,332,,0*7B
$GAGSV,1,1,01,10,,,26,7*77
$GBGSV,1,1,01,07,34,042,,0*40
$GQGSV,1,1,00,0*64
$GNGLL,2520.05840,N,05128.15996,E,114110.00,A,A*73
$GNRMC,114111.00,A,2520.05835,N,05128.15993,E,0.050,,200726,,,A,V*12
$GNVTG,,T,,M,0.050,N,0.093,K,A*32
$GNGGA,114111.00,2520.05835,N,05128.15993,E,1,12,0.88,52.9,M,-24.7,M,,*51
$GNGSA,A,3,16,31,04,26,09,28,,,,,,,1.99,0.88,1.78,1*08
$GNGSA,A,3,84,69,67,78,68,,,,,,,,1.99,0.88,1.78,2*0E
$GNGSA,A,3,,,,,,,,,,,,,1.99,0.88,1.78,3*0C
$GNGSA,A,3,07,,,,,,,,,,,,1.99,0.88,1.78,4*0C
$GNGSA,A,3,,,,,,,,,,,,,1.99,0.88,1.78,5*0A
$GPGSV,3,1,09,04,42,299,23,07,08,218,20,09,15,276,31,16,22,133,31,1*60
$GPGSV,3,2,09,26,32,100,35,28,16,039,28,31,44,042,43,41,44,125,40,1*67
$GPGSV,3,3,09,42,04,096,40,1*54
$GPGSV,1,1,01,40,63,171,,0*52
$GLGSV,2,1,06,67,10,071,28,68,36,024,29,69,30,323,34,78,41,070,35,1*75
$GLGSV,2,2,06,84,32,298,23,,,,23,1*40
$GLGSV,1,1,02,70,00,286,,85,04,332,,0*7B
$GAGSV,1,1,01,10,,,26,7*77
$GBGSV,1,1,01,07,34,042,,0*40
$GQGSV,1,1,00,0*64
$GNGLL,2520.05835,N,05128.15993,E,114111.00,A,A*75
$GNRMC,114112.00,A,2520.05829,N,05128.15990,E,0.131,,200726,,,A,V*19
$GNVTG,,T,,M,0.131,N,0.243,K,A*3B
$GNGGA,114112.00,2520.05829,N,05128.15990,E,1,12,0.88,53.2,M,-24.7,M,,*56
$GNGSA,A,3,16,31,04,26,09,28,,,,,,,1.99,0.88,1.78,1*08
$GNGSA,A,3,84,69,67,78,68,,,,,,,,1.99,0.88,1.78,2*0E
$GNGSA,A,3,,,,,,,,,,,,,1.99,0.88,1.78,3*0C
$GNGSA,A,3,07,,,,,,,,,,,,1.99,0.88,1.78,4*0C
$GNGSA,A,3,,,,,,,,,,,,,1.99,0.88,1.78,5*0A
$GPGSV,3,1,09,04,42,299,23,07,08,218,21,09,15,276,31,16,22,133,31,1*61
$GPGSV,3,2,09,26,32,100,35,28,16,039,28,31,44,042,43,41,44,125,40,1*67
$GPGSV,3,3,09,42,04,096,40,1*54
$GPGSV,1,1,01,40,63,171,,0*52
$GLGSV,2,1,06,67,10,071,28,68,36,024,29,69,30,323,34,78,41,070,34,1*74
$GLGSV,2,2,06,84,32,298,23,,,,23,1*40
$GLGSV,1,1,02,70,00,286,,85,04,332,,0*7B
$GAGSV,1,1,01,10,,,26,7*77
$GBGSV,1,1,01,07,34,042,,0*40
$GQGSV,1,1,00,0*64
$GNGLL,2520.05829,N,05128.15990,E,114112.00,A,A*78
$GNRMC,114113.00,A,2520.05822,N,05128.15986,E,0.105,,200726,,,A,V*13
$GNVTG,,T,,M,0.105,N,0.195,K,A*34
$GNGGA,114113.00,2520.05822,N,05128.15986,E,1,12,0.88,53.5,M,-24.7,M,,*5C
$GNGSA,A,3,16,31,04,26,09,28,,,,,,,1.99,0.88,1.78,1*08
$GNGSA,A,3,84,69,67,78,68,,,,,,,,1.99,0.88,1.78,2*0E
$GNGSA,A,3,,,,,,,,,,,,,1.99,0.88,1.78,3*0C
$GNGSA,A,3,07,,,,,,,,,,,,1.99,0.88,1.78,4*0C
$GNGSA,A,3,,,,,,,,,,,,,1.99,0.88,1.78,5*0A
$GPGSV,3,1,10,04,42,299,22,07,08,218,20,09,15,276,30,16,22,133,31,1*68
$GPGSV,3,2,10,26,32,100,35,28,16,039,28,31,44,042,43,39,57,153,27,1*62
$GPGSV,3,3,10,41,44,125,40,42,04,096,40,1*6B
$GPGSV,1,1,01,40,63,171,,0*52
$GLGSV,2,1,06,67,10,071,28,68,36,024,29,69,30,323,34,78,41,070,34,1*74
$GLGSV,2,2,06,84,32,298,22,,,,22,1*40
$GLGSV,1,1,02,70,00,286,,85,04,332,,0*7B
$GAGSV,1,1,01,10,,,26,7*77
$GBGSV,1,1,01,07,34,042,,0*40
$GQGSV,1,1,00,0*64
$GNGLL,2520.05822,N,05128.15986,E,114113.00,A,A*75
$GNRMC,114114.00,A,2520.05815,N,05128.15981,E,0.075,,200726,,,A,V*11
$GNVTG,,T,,M,0.075,N,0.140,K,A*3A
$GNGGA,114114.00,2520.05815,N,05128.15981,E,1,12,0.88,53.9,M,-24.7,M,,*54
$GNGSA,A,3,16,31,04,26,09,28,,,,,,,1.99,0.88,1.78,1*08
$GNGSA,A,3,84,69,67,78,68,,,,,,,,1.99,0.88,1.78,2*0E
$GNGSA,A,3,,,,,,,,,,,,,1.99,0.88,1.78,3*0C
$GNGSA,A,3,07,,,,,,,,,,,,1.99,0.88,1.78,4*0C
$GNGSA,A,3,,,,,,,,,,,,,1.99,0.88,1.78,5*0A
$GPGSV,3,1,10,04,42,299,22,07,08,218,21,09,15,276,30,16,22,133,31,1*69
$GPGSV,3,2,10,26,32,100,34,28,16,039,28,31,44,042,43,36,53,220,26,1*6E
$GPGSV,3,3,10,41,44,125,40,42,04,096,40,1*6B
$GPGSV,1,1,01,40,63,171,,0*52
$GLGSV,2,1,06,67,10,071,28,68,36,024,29,69,30,323,34,78,41,070,34,1*74
$GLGSV,2,2,06,84,32,298,22,,,,22,1*40
$GLGSV,1,1,02,70,00,286,,85,04,332,,0*7B
$GAGSV,1,1,01,10,,,26,7*77
$GBGSV,1,1,01,07,34,042,,0*40
$GQGSV,1,1,00,0*64
$GNGLL,2520.05815,N,05128.15981,E,114114.00,A,A*71
$GNRMC,114115.00,A,2520.05809,N,05128.15977,E,0.022,,200726,,,A,V*16
$GNVTG,,T,,M,0.022,N,0.040,K,A*39
$GNGGA,114115.00,2520.05809,N,05128.15977,E,1,12,0.88,54.2,M,-24.7,M,,*5D
$GNGSA,A,3,16,31,04,26,09,28,,,,,,,1.99,0.88,1.78,1*08
$GNGSA,A,3,84,69,67,78,68,,,,,,,,1.99,0.88,1.78,2*0E
$GNGSA,A,3,,,,,,,,,,,,,1.99,0.88,1.78,3*0C
$GNGSA,A,3,07,,,,,,,,,,,,1.99,0.88,1.78,4*0C
$GNGSA,A,3,,,,,,,,,,,,,1.99,0.88,1.78,5*0A
$GPGSV,3,1,09,04,42,299,22,07,08,218,20,09,15,276,31,16,22,133,31,1*61
$GPGSV,3,2,09,26,32,100,34,28,16,039,28,31,44,042,43,41,44,125,41,1*67
$GPGSV,3,3,09,42,04,096,41,1*55
$GPGSV,1,1,01,40,63,171,,0*52
$GLGSV,2,1,06,67,10,071,28,68,36,024,29,69,30,323,34,78,41,070,34,1*74
$GLGSV,2,2,06,84,32,298,22,,,,22,1*40
$GLGSV,1,1,02,70,00,286,,85,04,332,,0*7B
$GAGSV,1,1,01,10,,,26,7*77
$GBGSV,1,1,01,07,34,042,,0*40
$GQGSV,1,1,00,0*64
$GNGLL,2520.05809,N,05128.15977,E,114115.00,A,A*74
$GNRMC,114116.00,A,2520.05802,N,05128.15973,E,0.009,,200726,,,A,V*13
$GNVTG,,T,,M,0.009,N,0.017,K,A*32
$GNGGA,114116.00,2520.05802,N,05128.15973,E,1,12,0.88,54.5,M,-24.7,M,,*56
$GNGSA,A,3,16,31,04,26,09,28,,,,,,,1.99,0.88,1.78,1*08
$GNGSA,A,3,84,69,67,78,68,,,,,,,,1.99,0.88,1.78,2*0E
$GNGSA,A,3,,,,,,,,,,,,,1.99,0.88,1.78,3*0C
$GNGSA,A,3,07,,,,,,,,,,,,1.99,0.88,1.78,4*0C
$GNGSA,A,3,,,,,,,,,,,,,1.99,0.88,1.78,5*0A
$GPGSV,3,1,09,04,42,299,22,07,09,218,21,09,15,276,30,16,22,133,31,1*60
$GPGSV,3,2,09,26,32,100,35,28,16,039,28,31,44,042,44,41,44,125,40,1*60
$GPGSV,3,3,09,42,04,096,41,1*55
$GPGSV,1,1,01,40,63,171,,0*52
$GLGSV,2,1,06,67,10,071,29,68,36,024,30,69,30,323,34,78,41,070,35,1*7C
$GLGSV,2,2,06,84,32,298,22,,,,22,1*40
$GLGSV,1,1,02,70,00,286,,85,04,332,,0*7B
$GAGSV,1,1,01,10,,,26,7*77
$GBGSV,1,1,01,07,34,042,,0*40
$GQGSV,1,1,00,0*64
$GNGLL,2520.05802,N,05128.15973,E,114116.00,A,A*78
$GNRMC,114117.00,A,2520.05795,N,05128.15970,E,0.018,,200726,,,A,V*10
$GNVTG,,T,,M,0.018,N,0.034,K,A*33
$GNGGA,114117.00,2520.05795,N,05128.15970,E,1,12,0.88,54.7,M,-24.7,M,,*57
$GNGSA,A,3,16,31,04,26,09,28,,,,,,,1.99,0.88,1.78,1*08
$GNGSA,A,3,84,69,67,78,68,,,,,,,,1.99,0.88,1.78,2*0E
$GNGSA,A,3,,,,,,,,,,,,,1.99,0.88,1.78,3*0C
$GNGSA,A,3,07,,,,,,,,,,,,1.99,0.88,1.78,4*0C
$GNGSA,A,3,,,,,,,,,,,,,1.99,0.88,1.78,5*0A
$GPGSV,3,1,09,04,42,299,22,07,09,218,21,09,15,276,30,16,22,133,32,1*63
$GPGSV,3,2,09,26,32,100,35,28,16,039,27,31,44,042,44,41,44,125,40,1*6F
$GPGSV,3,3,09,42,04,096,40,1*54
$GPGSV,1,1,01,40,63,171,,0*52
$GLGSV,2,1,06,67,10,071,28,68,36,024,31,69,30,323,35,78,41,070,34,1*7C
$GLGSV,2,2,06,84,32,298,20,,,,21,1*41
$GLGSV,1,1,02,70,00,286,,85,04,332,,0*7B
$GAGSV,1,1,01,10,,,26,7*77
$GBGSV,1,1,01,07,34,042,,0*40
$GQGSV,1,1,00,0*64
$GNGLL,2520.05795,N,05128.15970,E,114117.00,A,A*7B
$GNRMC,114118.00,A,2520.05790,N,05128.15968,E,0.045,,200726,,,A,V*1B
$GNVTG,,T,,M,0.045,N,0.083,K,A*37
$GNGGA,114118.00,2520.05790,N,05128.15968,E,1,12,0.88,54.8,M,-24.7,M,,*5B
$GNGSA,A,3,16,31,04,26,09,28,,,,,,,1.99,0.88,1.78,1*08
$GNGSA,A,3,84,69,67,78,68,,,,,,,,1.99,0.88,1.78,2*0E
$GNGSA,A,3,,,,,,,,,,,,,1.99,0.88,1.78,3*0C
$GNGSA,A,3,07,,,,,,,,,,,,1.99,0.88,1.78,4*0C
$GNGSA,A,3,,,,,,,,,,,,,1.99,0.88,1.78,5*0A
$GPGSV,3,1,09,04,42,299,22,07,09,218,21,09,15,276,30,16,22,133,32,1*63
$GPGSV,3,2,09,26,32,100,35,28,16,039,27,31,44,042,44,41,44,125,40,1*6F
$GPGSV,3,3,09,42,04,096,40,1*54
$GPGSV,1,1,01,40,63,171,,0*52
$GLGSV,2,1,06,67,10,071,28,68,36,024,31,69,30,323,34,78,41,070,35,1*7C
$GLGSV,2,2,06,84,32,298,20,,,,22,1*42
$GLGSV,1,1,02,70,00,286,,85,04,332,,0*7B
$GAGSV,1,1,01,10,,,27,7*76
$GBGSV,1,1,01,07,34,042,,0*40
$GQGSV,1,1,00,0*64
$GNGLL,2520.05790,N,05128.15968,E,114118.00,A,A*78
$GNRMC,114119.00,A,2520.05786,N,05128.15965,E,0.217,,200726,,,A,V*15
$GNVTG,,T,,M,0.217,N,0.402,K,A*3F
$GNGGA,114119.00,2520.05786,N,05128.15965,E,1,12,0.88,54.9,M,-24.7,M,,*51
$GNGSA,A,3,16,31,04,26,09,28,,,,,,,1.99,0.88,1.78,1*08
$GNGSA,A,3,84,69,67,78,68,,,,,,,,1.99,0.88,1.78,2*0E
$GNGSA,A,3,,,,,,,,,,,,,1.99,0.88,1.78,3*0C
$GNGSA,A,3,07,,,,,,,,,,,,1.99,0.88,1.78,4*0C
$GNGSA,A,3,,,,,,,,,,,,,1.99,0.88,1.78,5*0A
$GPGSV,3,1,09,04,42,299,22,07,09,218,21,09,15,276,30,16,23,133,32,1*62
$GPGSV,3,2,09,26,32,100,35,28,16,039,27,31,44,042,44,41,44,125,40,1*6F
$GPGSV,3,3,09,42,04,096,40,1*54
$GPGSV,1,1,01,40,63,171,,0*52
$GLGSV,2,1,06,67,10,071,27,68,36,024,30,69,30,323,34,78,41,070,34,1*73
$GLGSV,2,2,06,84,32,298,19,,,,22,1*48
$GLGSV,1,1,02,70,00,286,,85,04,332,,0*7B
$GAGSV,1,1,01,10,,,26,7*77
$GBGSV,1,1,01,07,34,042,,0*40
$GQGSV,1,1,00,0*64
$GNGLL,2520.05786,N,05128.15965,E,114119.00,A,A*73
$GNRMC,114120.00,A,2520.05780,N,05128.15962,E,0.134,,200726,,,A,V*1C
$GNVTG,,T,,M,0.134,N,0.248,K,A*35
$GNGGA,114120.00,2520.05780,N,05128.15962,E,1,12,0.88,55.0,M,-24.7,M,,*52
$GNGSA,A,3,16,31,04,26,09,28,,,,,,,1.99,0.88,1.78,1*08
$GNGSA,A,3,84,69,67,78,68,,,,,,,,1.99,0.88,1.78,2*0E
$GNGSA,A,3,,,,,,,,,,,,,1.99,0.88,1.78,3*0C
$GNGSA,A,3,07,,,,,,,,,,,,1.99,0.88,1.78,4*0C
$GNGSA,A,3,,,,,,,,,,,,,1.99,0.88,1.78,5*0A
$GPGSV,3,1,09,04,42,299,23,07,09,218,21,09,15,276,30,16,23,133,33,1*62
$GPGSV,3,2,09,26,32,100,35,28,16,039,25,31,44,042,44,41,44,125,40,1*6D
$GPGSV,3,3,09,42,04,096,40,1*54
$GPGSV,1,1,01,40,63,171,,0*52
$GLGSV,2,1,06,67,10,071,27,68,36,024,30,69,30,323,34,78,41,070,34,1*73
$GLGSV,2,2,06,84,32,298,19,,,,22,1*48
$GLGSV,1,1,02,70,00,286,,85,04,332,,0*7B
$GAGSV,1,1,01,10,,,27,7*76
$GBGSV,1,1,01,07,34,042,,0*40
$GQGSV,1,1,00,0*64
$GNGLL,2520.05780,N,05128.15962,E,114120.00,A,A*78
$GNRMC,114121.00,A,2520.05776,N,05128.15960,E,0.095,,200726,,,A,V*1C
$GNVTG,,T,,M,0.095,N,0.176,K,A*31
$GNGGA,114121.00,2520.05776,N,05128.15960,E,1,12,0.88,55.2,M,-24.7,M,,*5A
$GNGSA,A,3,16,31,04,26,09,28,,,,,,,1.99,0.88,1.78,1*08
$GNGSA,A,3,84,69,67,78,68,,,,,,,,1.99,0.88,1.78,2*0E
$GNGSA,A,3,,,,,,,,,,,,,1.99,0.88,1.78,3*0C
$GNGSA,A,3,07,,,,,,,,,,,,1.99,0.88,1.78,4*0C
$GNGSA,A,3,,,,,,,,,,,,,1.99,0.88,1.78,5*0A
$GPGSV,3,1,09,04,42,299,22,07,09,218,21,09,15,276,30,16,23,133,32,1*62
$GPGSV,3,2,09,26,32,100,36,28,15,039,24,31,44,042,44,41,44,125,40,1*6C
$GPGSV,3,3,09,42,04,096,40,1*54
$GPGSV,1,1,01,40,63,171,,0*52
$GLGSV,2,1,06,67,10,071,28,68,36,024,29,69,30,323,34,78,41,070,34,1*74
$GLGSV,2,2,06,84,32,298,18,,,,22,1*49
$GLGSV,1,1,02,70,00,286,,85,04,332,,0*7B
$GAGSV,1,1,01,10,,,26,7*77
$GBGSV,1,1,01,07,34,042,,0*40
$GQGSV,1,1,00,0*64
$GNGLL,2520.05776,N,05128.15960,E,114121.00,A,A*72
$GNRMC,114122.00,A,2520.05771,N,05128.15955,E,0.037,,200726,,,A,V*16
$GNVTG,,T,,M,0.037,N,0.069,K,A*36
$GNGGA,114122.00,2520.05771,N,05128.15955,E,1,12,0.88,55.4,M,-24.7,M,,*5E
$GNGSA,A,3,16,31,04,26,09,28,,,,,,,1.99,0.88,1.78,1*08
$GNGSA,A,3,84,69,67,78,68,,,,,,,,1.99,0.88,1.78,2*0E
$GNGSA,A,3,,,,,,,,,,,,,1.99,0.88,1.78,3*0C
$GNGSA,A,3,07,,,,,,,,,,,,1.99,0.88,1.78,4*0C
$GNGSA,A,3,,,,,,,,,,,,,1.99,0.88,1.78,5*0A
$GPGSV,3,1,09,04,42,299,21,07,09,218,20,09,15,276,30,16,23,133,32,1*60
$GPGSV,3,2,09,26,32,100,36,28,15,039,26,31,44,042,44,41,44,125,40,1*6E
$GPGSV,3,3,09,42,04,096,40,1*54
$GPGSV,1,1,01,40,63,171,,0*52
$GLGSV,2,1,06,67,10,071,29,68,36,024,29,69,30,323,34,78,41,070,35,1*74
$GLGSV,2,2,06,84,32,298,17,,,,22,1*46
$GLGSV,1,1,02,70,00,286,,85,04,332,,0*7B
$GAGSV,1,1,01,10,,,27,7*76
$GBGSV,1,1,01,07,34,042,,0*40
$GQGSV,1,1,00,0*64
$GNGLL,2520.05771,N,05128.15955,E,114122.00,A,A*70
$GNRMC,114123.00,A,2520.05766,N,05128.15951,E,0.088,,200726,,,A,V*11
$GNVTG,,T,,M,0.088,N,0.163,K,A*39
$GNGGA,114123.00,2520.05766,N,05128.15951,E,1,12,0.88,55.7,M,-24.7,M,,*5E
$GNGSA,A,3,16,31,04,26,09,28,,,,,,,1.99,0.88,1.78,1*08
$GNGSA,A,3,84,69,67,78,68,,,,,,,,1.99,0.88,1.78,2*0E
$GNGSA,A,3,,,,,,,,,,,,,1.99,0.88,1.78,3*0C
$GNGSA,A,3,07,,,,,,,,,,,,1.99,0.88,1.78,4*0C
$GNGSA,A,3,,,,,,,,,,,,,1.99,0.88,1.78,5*0A
$GPGSV,3,1,09,04,42,299,22,07,09,218,20,09,15,276,29,16,23,133,31,1*68
$GPGSV,3,2,09,26,32,100,35,28,15,039,26,31,44,042,44,41,44,125,40,1*6D
$GPGSV,3,3,09,42,04,096,41,1*55
$GPGSV,1,1,01,40,63,171,,0*52
$GLGSV,2,1,06,67,10,071,29,68,36,024,29,69,30,323,33,78,41,070,35,1*73
$GLGSV,2,2,06,84,32,298,15,,,,21,1*47
$GLGSV,1,1,03,70,00,286,,77,02,027,,85,04,332,,0*4D
$GAGSV,1,1,01,10,,,27,7*76
$GBGSV,1,1,01,07,34,042,,0*40
$GQGSV,1,1,00,0*64
$GNGLL,2520.05766,N,05128.15951,E,114123.00,A,A*73
$GNRMC,114124.00,A,2520.05760,N,05128.15946,E,0.044,,200726,,,A,V*16
$GNVTG,,T,,M,0.044,N,0.082,K,A*37
$GNGGA,114124.00,2520.05760,N,05128.15946,E,1,12,0.88,56.1,M,-24.7,M,,*5C
$GNGSA,A,3,16,31,04,26,09,28,,,,,,,1.99,0.88,1.78,1*08
$GNGSA,A,3,84,69,67,78,68,,,,,,,,1.99,0.88,1.78,2*0E
$GNGSA,A,3,,,,,,,,,,,,,1.99,0.88,1.78,3*0C
$GNGSA,A,3,07,,,,,,,,,,,,1.99,0.88,1.78,4*0C
$GNGSA,A,3,,,,,,,,,,,,,1.99,0.88,1.78,5*0A
$GPGSV,3,1,10,04,42,299,22,07,09,218,19,09,15,276,30,15,,,23,1*52
$GPGSV,3,2,10,16,23,133,32,26,32,100,35,28,15,039,26,31,44,042,44,1*64
$GPGSV,3,3,10,41,44,125,40,42,04,096,40,1*6B
$GPGSV,1,1,01,40,63,171,,0*52
$GLGSV,2,1,06,67,10,071,29,68,36,024,30,69,30,323,34,78,41,070,35,1*7C
$GLGSV,2,2,06,84,32,298,15,,,,21,1*47
$GLGSV,1,1,03,70,00,286,,77,02,027,,85,04,332,,0*4D
$GAGSV,1,1,01,10,,,27,7*76
$GBGSV,1,1,01,07,34,042,,0*40
$GQGSV,1,1,00,0*64
$GNGLL,2520.05760,N,05128.15946,E,114124.00,A,A*74
$GNRMC,114125.00,A,2520.05755,N,05128.15943,E,0.055,,200726,,,A,V*14
$GNVTG,,T,,M,0.055,N,0.101,K,A*3D
$GNGGA,114125.00,2520.05755,N,05128.15943,E,1,12,0.88,56.3,M,-24.7,M,,*5C
$GNGSA,A,3,16,31,04,26,09,28,,,,,,,1.99,0.88,1.78,1*08
$GNGSA,A,3,84,69,67,78,68,,,,,,,,1.99,0.88,1.78,2*0E
$GNGSA,A,3,,,,,,,,,,,,,1.99,0.88,1.78,3*0C
$GNGSA,A,3,07,,,,,,,,,,,,1.99,0.88,1.78,4*0C
$GNGSA,A,3,,,,,,,,,,,,,1.99,0.88,1.78,5*0A
$GPGSV,3,1,11,04,42,299,23,07,09,218,19,09,15,276,30,15,,,22,1*53
$GPGSV,3,2,11,16,23,133,32,18,,,24,26,32,100,35,28,15,039,26,1*5E
$GPGSV,3,3,11,31,44,042,44,41,44,125,40,42,04,096,40,1*5E
$GPGSV,1,1,01,40,63,171,,0*52
$GLGSV,2,1,06,67,10,071,29,68,36,024,29,69,30,323,34,78,41,070,34,1*75
$GLGSV,2,2,06,84,32,298,16,,,,22,1*47
$GLGSV,1,1,03,70,00,286,,77,02,027,,85,04,332,,0*4D
$GAGSV,1,1,01,10,,,27,7*76
$GBGSV,1,1,01,07,34,042,,0*40
$GQGSV,1,1,00,0*64
$GNGLL,2520.05755,N,05128.15943,E,114125.00,A,A*76
$GNRMC,114126.00,A,2520.05754,N,05128.15941,E,0.014,,200726,,,A,V*11
$GNVTG,,T,,M,0.014,N,0.025,K,A*3F
$GNGGA,114126.00,2520.05754,N,05128.15941,E,1,12,0.88,56.4,M,-24.7,M,,*5B
$GNGSA,A,3,16,31,04,26,09,28,,,,,,,1.99,0.88,1.78,1*08
$GNGSA,A,3,84,69,67,78,68,,,,,,,,1.99,0.88,1.78,2*0E
$GNGSA,A,3,,,,,,,,,,,,,1.99,0.88,1.78,3*0C
$GNGSA,A,3,07,,,,,,,,,,,,1.99,0.88,1.78,4*0C
$GNGSA,A,3,,,,,,,,,,,,,1.99,0.88,1.78,5*0A
$GPGSV,3,1,11,04,42,299,23,07,09,218,21,09,15,276,30,15,,,21,1*5B
$GPGSV,3,2,11,16,23,133,31,18,,,20,26,32,100,35,28,15,039,26,1*59
$GPGSV,3,3,11,31,44,042,44,41,44,125,40,42,04,096,40,1*5E
$GPGSV,1,1,01,40,63,171,,0*52
$GLGSV,2,1,06,67,10,071,28,68,36,024,29,69,30,323,34,78,41,070,34,1*74
$GLGSV,2,2,06,84,32,298,16,,,,21,1*44
$GLGSV,1,1,03,70,00,286,,77,02,027,,85,04,332,,0*4D
$GAGSV,1,1,01,10,,,27,7*76
$GBGSV,1,1,01,07,34,042,,0*40
$GQGSV,1,1,00,0*64
$GNGLL,2520.05754,N,05128.15941,E,114126.00,A,A*76
$GNRMC,114127.00,A,2520.05753,N,05128.15940,E,0.028,,200726,,,A,V*19
$GNVTG,,T,,M,0.028,N,0.052,K,A*30
$GNGGA,114127.00,2520.05753,N,05128.15940,E,1,11,0.91,56.5,M,-24.7,M,,*56
$GNGSA,A,3,16,31,26,09,28,,,,,,,,2.10,0.91,1.89,1*08
$GNGSA,A,3,84,69,67,78,68,,,,,,,,2.10,0.91,1.89,2*0A
$GNGSA,A,3,,,,,,,,,,,,,2.10,0.91,1.89,3*08
$GNGSA,A,3,07,,,,,,,,,,,,2.10,0.91,1.89,4*08
$GNGSA,A,3,,,,,,,,,,,,,2.10,0.91,1.89,5*0E
$GPGSV,3,1,09,07,09,218,21,09,15,276,30,15,,,21,16,23,133,31,1*56
$GPGSV,3,2,09,26,32,100,35,28,15,039,27,31,44,042,44,41,44,125,40,1*6C
$GPGSV,3,3,09,42,04,096,40,1*54
$GPGSV,1,1,02,04,42,299,,40,63,171,,0*61
$GLGSV,2,1,06,67,10,071,28,68,36,024,28,69,30,323,35,78,41,070,34,1*74
$GLGSV,2,2,06,84,32,298,16,,,,22,1*47
$GLGSV,1,1,03,70,00,286,,77,02,027,,85,04,332,,0*4D
$GAGSV,1,1,01,10,,,26,7*77
$GBGSV,1,1,01,07,34,042,,0*40
$GQGSV,1,1,00,0*64
$GNGLL,2520.05753,N,05128.15940,E,114127.00,A,A*71
$GNRMC,114128.00,A,2520.05752,N,05128.15937,E,0.017,,200726,,,A,V*1B
$GNVTG,,T,,M,0.017,N,0.032,K,A*3A
$GNGGA,114128.00,2520.05752,N,05128.15937,E,1,11,0.91,56.6,M,-24.7,M,,*5B
$GNGSA,A,3,16,31,26,09,28,,,,,,,,2.10,0.91,1.89,1*08
$GNGSA,A,3,84,69,67,78,68,,,,,,,,2.10,0.91,1.89,2*0A
$GNGSA,A,3,,,,,,,,,,,,,2.10,0.91,1.89,3*08
$GNGSA,A,3,07,,,,,,,,,,,,2.10,0.91,1.89,4*08
$GNGSA,A,3,,,,,,,,,,,,,2.10,0.91,1.89,5*0E
$GPGSV,3,1,10,07,09,218,20,09,15,276,31,15,,,20,16,23,133,32,1*5C
$GPGSV,3,2,10,26,32,100,35,28,15,039,27,31,44,042,44,40,63,171,26,1*61
$GPGSV,3,3,10,41,44,125,40,42,38,118,40,1*63
$GPGSV,1,1,02,04,42,299,,50,04,096,,0*69
$GLGSV,2,1,06,67,10,071,28,68,36,024,29,69,30,323,34,78,41,070,34,1*74
$GLGSV,2,2,06,84,32,298,15,,,,22,1*44
$GLGSV,1,1,03,70,00,286,,77,02,027,,85,04,332,,0*4D
$GAGSV,1,1,01,10,,,25,7*74
$GBGSV,1,1,01,07,34,042,,0*40
$GQGSV,1,1,00,0*64
$GNGLL,2520.05752,N,05128.15937,E,114128.00,A,A*7F
$GNRMC,114129.00,A,2520.05750,N,05128.15932,E,0.110,,200726,,,A,V*1B
$GNVTG,,T,,M,0.110,N,0.203,K,A*3C
$GNGGA,114129.00,2520.05750,N,05128.15932,E,1,11,0.91,56.7,M,-24.7,M,,*5C
$GNGSA,A,3,16,31,26,09,28,,,,,,,,2.10,0.91,1.89,1*08
$GNGSA,A,3,84,69,67,78,68,,,,,,,,2.10,0.91,1.89,2*0A
$GNGSA,A,3,,,,,,,,,,,,,2.10,0.91,1.89,3*08
$GNGSA,A,3,07,,,,,,,,,,,,2.10,0.91,1.89,4*08
$GNGSA,A,3,,,,,,,,,,,,,2.10,0.91,1.89,5*0E
$GPGSV,3,1,10,04,42,299,27,09,15,276,31,15,,,20,16,23,133,30,1*5C
$GPGSV,3,2,10,26,32,100,35,28,15,039,26,31,44,042,44,40,63,171,27,1*61
$GPGSV,3,3,10,41,44,125,40,42,38,118,40,1*63
$GPGSV,1,1,02,07,09,218,,50,04,096,,0*6C
$GLGSV,2,1,06,67,10,071,29,68,36,024,28,69,30,323,35,78,41,070,34,1*75
$GLGSV,2,2,06,84,32,298,15,,,,22,1*44
$GLGSV,1,1,03,70,00,286,,77,02,027,,85,04,332,,0*4D
$GAGSV,1,1,01,10,,,26,7*77
$GBGSV,1,1,01,07,34,042,,0*40
$GQGSV,1,1,00,0*64
$GNGLL,2520.05750,N,05128.15932,E,114129.00,A,A*79
$GNRMC,114130.00,A,2520.05715,N,05128.15873,E,0.025,,200726,,,D,V*14
$GNVTG,,T,,M,0.025,N,0.046,K,D*3D
$GNGGA,114130.00,2520.05715,N,05128.15873,E,2,12,0.88,56.5,M,-24.7,M,,*5B
$GNGSA,A,3,16,31,04,26,09,28,,,,,,,1.99,0.88,1.78,1*08
$GNGSA,A,3,84,69,67,78,68,,,,,,,,1.99,0.88,1.78,2*0E
$GNGSA,A,3,,,,,,,,,,,,,1.99,0.88,1.78,3*0C
$GNGSA,A,3,07,,,,,,,,,,,,1.99,0.88,1.78,4*0C
$GNGSA,A,3,,,,,,,,,,,,,1.99,0.88,1.78,5*0A
$GPGSV,3,1,11,04,42,299,26,07,09,218,23,09,15,276,30,15,,,19,1*57
$GPGSV,3,2,11,16,23,133,30,26,32,100,35,28,15,039,25,31,44,042,44,1*64
$GPGSV,3,3,11,40,63,171,27,41,44,125,40,42,38,118,40,1*51
$GPGSV,1,1,01,50,04,096,,0*5A
$GLGSV,2,1,06,67,10,071,29,68,36,024,27,69,30,323,35,78,41,070,34,1*7A
$GLGSV,2,2,06,84,32,298,16,,,,21,1*44
$GLGSV,1,1,03,70,00,286,,77,02,027,,85,04,332,,0*4D
$GAGSV,1,1,01,10,,,27,7*76
$GBGSV,1,1,01,07,34,042,,0*40
$GQGSV,1,1,00,0*64
$GNGLL,2520.05715,N,05128.15873,E,114130.00,A,D*71
$GNRMC,114131.00,A,2520.05703,N,05128.15869,E,0.046,,200726,,,D,V*1C
$GNVTG,,T,,M,0.046,N,0.085,K,D*37
$GNGGA,114131.00,2520.05703,N,05128.15869,E,2,12,0.88,56.6,M,-24.7,M,,*55
$GNGSA,A,3,16,31,04,26,09,28,,,,,,,1.99,0.88,1.78,1*08
$GNGSA,A,3,84,69,67,78,68,,,,,,,,1.99,0.88,1.78,2*0E
$GNGSA,A,3,,,,,,,,,,,,,1.99,0.88,1.78,3*0C
$GNGSA,A,3,07,,,,,,,,,,,,1.99,0.88,1.78,4*0C
$GNGSA,A,3,,,,,,,,,,,,,1.99,0.88,1.78,5*0A
$GPGSV,3,1,11,04,42,299,27,07,09,218,22,09,15,276,30,15,,,19,1*57
$GPGSV,3,2,11,16,23,133,31,26,32,100,35,28,15,039,24,31,44,042,44,1*64
$GPGSV,3,3,11,40,63,171,27,41,44,125,40,42,38,118,40,1*51
$GPGSV,1,1,01,50,04,096,,0*5A
$GLGSV,2,1,06,67,10,071,29,68,36,024,26,69,30,323,34,78,41,070,34,1*7A
$GLGSV,2,2,06,84,32,298,16,,,,21,1*44
$GLGSV,1,1,04,70,00,286,,77,02,027,,79,39,144,,85,04,332,,0*7F
$GAGSV,1,1,01,10,,,27,7*76
$GBGSV,1,1,01,07,34,042,,0*40
$GQGSV,1,1,00,0*64
$GNGLL,2520.05703,N,05128.15869,E,114131.00,A,D*7C
$GNRMC,114132.00,A,2520.05695,N,05128.15862,E,0.072,,200726,,,D,V*1D
$GNVTG,,T,,M,0.072,N,0.133,K,D*3C
$GNGGA,114132.00,2520.05695,N,05128.15862,E,2,12,0.88,56.7,M,-24.7,M,,*52
$GNGSA,A,3,16,31,04,26,09,28,,,,,,,1.99,0.88,1.78,1*08
$GNGSA,A,3,84,69,67,78,68,,,,,,,,1.99,0.88,1.78,2*0E
$GNGSA,A,3,,,,,,,,,,,,,1.99,0.88,1.78,3*0C
$GNGSA,A,3,07,,,,,,,,,,,,1.99,0.88,1.78,4*0C
$GNGSA,A,3,,,,,,,,,,,,,1.99,0.88,1.78,5*0A
$GPGSV,3,1,12,04,42,299,27,07,09,218,21,09,15,276,30,15,,,19,1*57
$GPGSV,3,2,12,16,23,133,30,26,32,100,35,28,15,039,26,31,44,042,44,1*64
$GPGSV,3,3,12,36,53,220,28,40,63,171,27,41,44,125,40,42,38,118,40,1*6B
$GPGSV,1,1,01,50,04,096,,0*5A
$GLGSV,2,1,06,67,10,071,29,68,36,024,26,69,30,323,34,78,41,070,34,1*7A
$GLGSV,2,2,06,84,32,298,15,,,,22,1*44
$GLGSV,1,1,04,70,00,286,,77,02,027,,79,39,144,,85,04,332,,0*7F
$GAGSV,1,1,01,10,,,26,7*77
$GBGSV,1,1,01,07,34,042,,0*40
$GQGSV,1,1,00,0*64
$GNGLL,2520.05695,N,05128.15862,E,114132.00,A,D*7A
$GNRMC,114133.00,A,2520.05696,N,05128.15860,E,0.019,,200726,,,D,V*10
$GNVTG,,T,,M,0.019,N,0.036,K,D*35
$GNGGA,114133.00,2520.05696,N,05128.15860,E,2,12,0.88,56.9,M,-24.7,M,,*5C
$GNGSA,A,3,16,31,04,26,09,28,,,,,,,1.99,0.88,1.78,1*08
$GNGSA,A,3,84,69,67,78,68,,,,,,,,1.99,0.88,1.78,2*0E
$GNGSA,A,3,,,,,,,,,,,,,1.99,0.88,1.78,3*0C
$GNGSA,A,3,07,,,,,,,,,,,,1.99,0.88,1.78,4*0C
$GNGSA,A,3,,,,,,,,,,,,,1.99,0.88,1.78,5*0A
$GPGSV,3,1,11,04,42,299,27,07,09,218,21,09,15,276,31,15,,,18,1*54
$GPGSV,3,2,11,16,23,133,30,26,32,100,35,28,15,039,25,31,44,042,44,1*64
$GPGSV,3,3,11,36,53,220,27,41,44,125,40,42,38,118,40,1*54
$GPGSV,1,1,02,40,63,171,,50,04,096,,0*6F
$GLGSV,2,1,06,67,10,071,29,68,36,024,26,69,30,323,35,78,41,070,34,1*7B
$GLGSV,2,2,06,84,32,298,15,,,,22,1*44
$GLGSV,1,1,04,70,00,286,,77,02,027,,79,39,144,,85,04,332,,0*7F
$GAGSV,1,1,01,10,,,26,7*77
$GBGSV,1,1,01,07,34,042,,0*40
$GQGSV,1,1,00,0*64
$GNGLL,2520.05696,N,05128.15860,E,114133.00,A,D*7A
$GNRMC,114134.00,A,2520.05698,N,05128.15861,E,0.032,,200726,,,D,V*11
$GNVTG,,T,,M,0.032,N,0.059,K,D*35
$GNGGA,114134.00,2520.05698,N,05128.15861,E,2,12,0.88,56.9,M,-24.7,M,,*54
$GNGSA,A,3,16,31,04,26,09,28,,,,,,,1.99,0.88,1.78,1*08
$GNGSA,A,3,84,69,67,78,68,,,,,,,,1.99,0.88,1.78,2*0E
$GNGSA,A,3,,,,,,,,,,,,,1.99,0.88,1.78,3*0C
$GNGSA,A,3,07,,,,,,,,,,,,1.99,0.88,1.78,4*0C
$GNGSA,A,3,,,,,,,,,,,,,1.99,0.88,1.78,5*0A
$GPGSV,3,1,11,04,42,299,27,07,09,218,21,09,15,276,30,15,,,17,1*5A
$GPGSV,3,2,11,16,23,133,31,26,32,100,35,28,15,039,25,31,44,042,44,1*65
$GPGSV,3,3,11,36,53,220,27,41,44,125,40,42,38,118,40,1*54
$GPGSV,1,1,02,40,63,171,,50,04,096,,0*6F
$GLGSV,2,1,06,67,10,071,28,68,36,024,24,69,30,323,35,78,41,070,34,1*78
$GLGSV,2,2,06,84,32,298,15,,,,22,1*44
$GLGSV,1,1,04,70,00,286,,77,02,027,,79,39,144,,85,04,332,,0*7F
$GAGSV,1,1,01,10,,,26,7*77
$GBGSV,1,1,01,07,34,042,,0*40
$GQGSV,1,1,00,0*64
$GNGLL,2520.05698,N,05128.15861,E,114134.00,A,D*72
$GNRMC,114135.00,A,2520.05699,N,05128.15862,E,0.124,,200726,,,D,V*14
$GNVTG,,T,,M,0.124,N,0.230,K,D*3E
$GNGGA,114135.00,2520.05699,N,05128.15862,E,2,12,0.88,56.9,M,-24.7,M,,*57
$GNGSA,A,3,16,31,04,26,09,28,,,,,,,1.99,0.88,1.78,1*08
$GNGSA,A,3,84,69,67,78,68,,,,,,,,1.99,0.88,1.78,2*0E
$GNGSA,A,3,,,,,,,,,,,,,1.99,0.88,1.78,3*0C
$GNGSA,A,3,07,,,,,,,,,,,,1.99,0.88,1.78,4*0C
$GNGSA,A,3,,,,,,,,,,,,,1.99,0.88,1.78,5*0A
$GPGSV,3,1,10,04,42,299,27,07,09,218,20,09,15,276,30,16,23,133,31,1*6D
$GPGSV,3,2,10,26,32,100,35,28,15,039,25,31,44,042,44,36,53,220,27,1*67
$GPGSV,3,3,10,41,44,125,40,42,38,118,40,1*63
$GPGSV,1,1,02,40,63,171,,50,04,096,,0*6F
$GLGSV,2,1,06,67,10,071,28,68,36,024,24,69,30,323,35,78,41,070,34,1*78
$GLGSV,2,2,06,84,32,298,16,,,,22,1*47
$GLGSV,1,1,04,70,00,286,,77,02,027,,79,39,144,,85,04,332,,0*7F
$GAGSV,1,1,02,10,,,27,23,,,34,7*73
$GBGSV,1,1,01,07,34,042,,0*40
$GQGSV,1,1,00,0*64
$GNGLL,2520.05699,N,05128.15862,E,114135.00,A,D*71
$GNRMC,114136.00,A,2520.05699,N,05128.15861,E,0.061,,200726,,,D,V*14
$GNVTG,,T,,M,0.061,N,0.114,K,D*3B
$GNGGA,114136.00,2520.05699,N,05128.15861,E,2,12,0.99,57.0,M,-24.7,M,,*5F
$GNGSA,A,3,16,31,04,26,09,28,,,,,,,2.28,0.99,2.06,1*0B
$GNGSA,A,3,84,69,67,78,68,,,,,,,,2.28,0.99,2.06,2*0D
$GNGSA,A,3,,,,,,,,,,,,,2.28,0.99,2.06,3*0F
$GNGSA,A,3,07,,,,,,,,,,,,2.28,0.99,2.06,4*0F
$GNGSA,A,3,,,,,,,,,,,,,2.28,0.99,2.06,5*09
$GPGSV,3,1,09,04,42,299,27,07,09,218,17,09,15,276,30,16,23,133,31,1*61
$GPGSV,3,2,09,26,32,100,35,28,15,039,25,31,44,042,44,41,44,125,40,1*6E
$GPGSV,3,3,09,42,38,118,40,1*5C
$GPGSV,1,1,02,40,63,171,,50,04,096,,0*6F
$GLGSV,2,1,06,67,10,071,28,68,36,024,24,69,30,323,35,78,41,070,35,1*79
$GLGSV,2,2,06,84,32,298,16,,,,22,1*47
$GLGSV,1,1,04,70,00,286,,77,02,027,,79,39,144,,85,04,332,,0*7F
$GAGSV,1,1,02,10,,,26,23,,,34,7*72
$GBGSV,1,1,01,07,34,042,,0*40
$GQGSV,1,1,00,0*64
$GNGLL,2520.05699,N,05128.15861,E,114136.00,A,D*71
$GNRMC,114137.00,A,2520.05701,N,05128.15859,E,0.028,,200726,,,D,V*13
$GNVTG,,T,,M,0.028,N,0.051,K,D*36
$GNGGA,114137.00,2520.05701,N,05128.15859,E,2,12,0.99,57.2,M,-24.7,M,,*57
$GNGSA,A,3,16,31,04,26,09,28,,,,,,,2.28,0.99,2.06,1*0B
$GNGSA,A,3,84,69,67,78,68,,,,,,,,2.28,0.99,2.06,2*0D
$GNGSA,A,3,,,,,,,,,,,,,2.28,0.99,2.06,3*0F
$GNGSA,A,3,07,,,,,,,,,,,,2.28,0.99,2.06,4*0F
$GNGSA,A,3,,,,,,,,,,,,,2.28,0.99,2.06,5*09
$GPGSV,3,1,09,04,42,299,28,07,09,218,18,09,15,276,30,16,23,133,31,1*61
$GPGSV,3,2,09,26,32,100,35,28,15,039,26,31,43,042,44,41,44,125,40,1*6A
$GPGSV,3,3,09,42,38,118,40,1*5C
$GPGSV,1,1,02,40,63,171,,50,04,096,,0*6F
$GLGSV,2,1,06,67,10,071,28,68,36,024,23,69,30,323,34,78,41,070,34,1*7E
$GLGSV,2,2,06,84,32,298,16,,,,23,1*46
$GLGSV,1,1,04,70,00,286,,77,02,027,,79,39,144,,85,04,332,,0*7F
$GAGSV,1,1,02,10,,,26,23,,,34,7*72
$GBGSV,1,1,01,07,34,042,,0*40
$GQGSV,1,1,00,0*64
$GNGLL,2520.05701,N,05128.15859,E,114137.00,A,D*7B
$GNRMC,114138.00,A,2520.05694,N,05128.15852,E,0.088,,200726,,,D,V*10
$GNVTG,,T,,M,0.088,N,0.162,K,D*3D
$GNGGA,114138.00,2520.05694,N,05128.15852,E,2,12,0.88,56.9,M,-24.7,M,,*54
$GNGSA,A,3,16,31,04,26,09,28,,,,,,,1.99,0.88,1.78,1*08
$GNGSA,A,3,84,69,67,78,68,,,,,,,,1.99,0.88,1.78,2*0E
$GNGSA,A,3,,,,,,,,,,,,,1.99,0.88,1.78,3*0C
$GNGSA,A,3,07,,,,,,,,,,,,1.99,0.88,1.78,4*0C
$GNGSA,A,3,,,,,,,,,,,,,1.99,0.88,1.78,5*0A
$GPGSV,3,1,09,04,42,299,28,07,09,218,19,09,15,276,30,16,23,133,33,1*62
$GPGSV,3,2,09,26,32,100,35,28,15,039,27,31,43,042,44,41,44,125,40,1*6B
$GPGSV,3,3,09,42,38,118,40,1*5C
$GPGSV,1,1,02,40,63,171,,50,04,096,,0*6F
$GLGSV,2,1,06,67,10,071,27,68,36,024,25,69,30,323,34,78,41,070,34,1*77
$GLGSV,2,2,06,84,32,298,14,,,,23,1*44
$GLGSV,1,1,04,70,00,286,,77,02,027,,79,39,144,,85,04,332,,0*7F
$GAGSV,1,1,02,10,,,25,23,,,34,7*71
$GBGSV,1,1,01,07,34,042,,0*40
$GQGSV,1,1,00,0*64
$GNGLL,2520.05694,N,05128.15852,E,114138.00,A,D*72
$GNRMC,114139.00,A,2520.05693,N,05128.15852,E,0.005,,200726,,,D,V*13
$GNVTG,,T,,M,0.005,N,0.009,K,D*34
$GNGGA,114139.00,2520.05693,N,05128.15852,E,2,12,0.88,57.0,M,-24.7,M,,*5A
$GNGSA,A,3,16,31,04,26,09,28,,,,,,,1.99,0.88,1.78,1*08
$GNGSA,A,3,84,69,67,78,68,,,,,,,,1.99,0.88,1.78,2*0E
$GNGSA,A,3,,,,,,,,,,,,,1.99,0.88,1.78,3*0C
$GNGSA,A,3,07,,,,,,,,,,,,1.99,0.88,1.78,4*0C
$GNGSA,A,3,,,,,,,,,,,,,1.99,0.88,1.78,5*0A
$GPGSV,3,1,09,04,42,299,27,07,09,218,19,09,15,276,30,16,23,133,32,1*6C
$GPGSV,3,2,09,26,32,100,35,28,15,039,26,31,43,042,44,41,44,125,40,1*6A
$GPGSV,3,3,09,42,38,118,40,1*5C
$GPGSV,1,1,02,40,63,171,,50,04,096,,0*6F
$GLGSV,2,1,06,67,10,071,28,68,36,024,25,69,30,323,34,78,41,070,35,1*79
$GLGSV,2,2,06,84,32,298,13,,,,22,1*42
$GLGSV,1,1,04,70,00,286,,77,02,027,,79,39,144,,85,04,332,,0*7F
$GAGSV,1,1,02,10,,,25,23,,,33,7*76
$GBGSV,1,1,02,07,34,042,,11,29,241,,0*7F
$GQGSV,1,1,00,0*64
$GNGLL,2520.05693,N,05128.15852,E,114139.00,A,D*74
$GNRMC,114140.00,A,2520.05691,N,05128.15852,E,0.032,,200726,,,D,V*1B
$GNVTG,,T,,M,0.032,N,0.059,K,D*35
$GNGGA,114140.00,2520.05691,N,05128.15852,E,2,12,0.99,57.3,M,-24.7,M,,*55
$GNGSA,A,3,16,31,04,26,09,28,,,,,,,2.28,0.99,2.06,1*0B
$GNGSA,A,3,84,69,67,78,68,,,,,,,,2.28,0.99,2.06,2*0D
$GNGSA,A,3,,,,,,,,,,,,,2.28,0.99,2.06,3*0F
$GNGSA,A,3,07,,,,,,,,,,,,2.28,0.99,2.06,4*0F
$GNGSA,A,3,,,,,,,,,,,,,2.28,0.99,2.06,5*09
$GPGSV,3,1,09,04,42,299,28,07,09,218,16,09,15,276,29,16,23,133,31,1*67
$GPGSV,3,2,09,26,32,100,35,28,15,039,26,31,43,042,44,41,44,125,40,1*6A
$GPGSV,3,3,09,42,38,118,40,1*5C
$GPGSV,1,1,02,40,63,171,,50,04,096,,0*6F
$GLGSV,2,1,06,67,10,071,28,68,36,024,25,69,30,323,33,78,41,070,35,1*7E
$GLGSV,2,2,06,84,32,298,11,,,,21,1*43
$GLGSV,1,1,04,70,00,286,,77,02,027,,79,39,144,,85,04,332,,0*7F
$GAGSV,1,1,02,10,,,26,23,,,33,7*75
$GBGSV,1,1,02,07,34,042,,11,29,241,,0*7F
$GQGSV,1,1,00,0*64
$GNGLL,2520.05691,N,05128.15852,E,114140.00,A,D*78
$GNRMC,114141.00,A,2520.05704,N,05128.15864,E,0.035,,200726,,,A,V*10
$GNVTG,,T,,M,0.035,N,0.065,K,A*38
$GNGGA,114141.00,2520.05704,N,05128.15864,E,1,11,0.96,57.2,M,-24.7,M,,*52
$GNGSA,A,3,16,31,26,09,28,,,,,,,,2.16,0.96,1.93,1*02
$GNGSA,A,3,84,69,67,78,68,,,,,,,,2.16,0.96,1.93,2*00
$GNGSA,A,3,,,,,,,,,,,,,2.16,0.96,1.93,3*02
$GNGSA,A,3,07,,,,,,,,,,,,2.16,0.96,1.93,4*02
$GNGSA,A,3,,,,,,,,,,,,,2.16,0.96,1.93,5*04
$GPGSV,2,1,08,07,09,218,13,09,15,276,30,16,23,133,31,26,32,100,34,1*63
$GPGSV,2,2,08,28,15,039,28,31,43,042,44,41,44,125,40,42,38,118,40,1*67
$GPGSV,1,1,03,04,42,299,,40,63,171,,50,04,096,,0*5E
$GLGSV,2,1,06,67,10,071,29,68,36,024,25,69,30,323,33,78,41,070,35,1*7F
$GLGSV,2,2,06,84,32,298,13,,,,21,1*41
$GLGSV,1,1,04,70,00,286,,77,02,027,,79,39,144,,85,04,332,,0*7F
$GAGSV,1,1,02,10,,,26,23,,,34,7*72
$GBGSV,1,1,02,07,34,042,,11,29,241,,0*7F
$GQGSV,1,1,00,0*64
$GNGLL,2520.05704,N,05128.15864,E,114141.00,A,A*74
$GNRMC,114142.00,A,2520.05722,N,05128.15874,E,0.029,,200726,,,A,V*1B
$GNVTG,,T,,M,0.029,N,0.054,K,A*37
$GNGGA,114142.00,2520.05722,N,05128.15874,E,1,11,0.96,56.9,M,-24.7,M,,*5E
$GNGSA,A,3,16,31,26,09,28,,,,,,,,2.16,0.96,1.93,1*02
$GNGSA,A,3,84,69,67,78,68,,,,,,,,2.16,0.96,1.93,2*00
$GNGSA,A,3,,,,,,,,,,,,,2.16,0.96,1.93,3*02
$GNGSA,A,3,07,,,,,,,,,,,,2.16,0.96,1.93,4*02
$GNGSA,A,3,,,,,,,,,,,,,2.16,0.96,1.93,5*04
$GPGSV,2,1,07,09,15,276,30,16,23,133,31,26,32,100,34,28,15,039,29,1*64
$GPGSV,2,2,07,31,43,042,44,41,44,125,40,42,38,118,40,1*56
$GPGSV,1,1,04,04,42,299,,07,09,218,,40,63,171,,50,04,096,,0*6C
$GLGSV,2,1,06,67,10,071,28,68,36,024,24,69,30,323,33,78,41,070,35,1*7F
$GLGSV,2,2,06,84,32,298,14,,,,20,1*47
$GLGSV,1,1,04,70,00,286,,77,02,027,,79,39,144,,85,04,332,,0*7F
$GAGSV,1,1,02,10,,,26,23,,,34,7*72
$GBGSV,1,1,02,07,34,042,,11,29,241,,0*7F
$GQGSV,1,1,00,0*64
$GNGLL,2520.05722,N,05128.15874,E,114142.00,A,A*72
$GNRMC,114143.00,A,2520.05727,N,05128.15875,E,0.258,,200726,,,A,V*1A
$GNVTG,,T,,M,0.258,N,0.478,K,A*39
$GNGGA,114143.00,2520.05727,N,05128.15875,E,1,11,0.96,56.8,M,-24.7,M,,*5A
$GNGSA,A,3,16,31,26,09,28,,,,,,,,2.16,0.96,1.93,1*02
$GNGSA,A,3,84,69,67,78,68,,,,,,,,2.16,0.96,1.93,2*00
$GNGSA,A,3,,,,,,,,,,,,,2.16,0.96,1.93,3*02
$GNGSA,A,3,07,,,,,,,,,,,,2.16,0.96,1.93,4*02
$GNGSA,A,3,,,,,,,,,,,,,2.16,0.96,1.93,5*04
$GPGSV,2,1,08,09,15,276,31,16,23,133,31,17,,,23,26,32,100,33,1*55
$GPGSV,2,2,08,28,15,039,28,31,43,042,44,41,44,125,40,42,38,118,40,1*67
$GPGSV,1,1,04,04,42,299,,07,09,218,,40,63,171,,50,04,096,,0*6C
$GLGSV,2,1,06,67,10,071,28,68,36,024,25,69,30,323,32,78,41,070,35,1*7F
$GLGSV,2,2,06,84,32,298,13,,,,19,1*4A
$GLGSV,1,1,04,70,00,286,,77,02,027,,79,39,144,,85,04,332,,0*7F
$GAGSV,1,1,02,10,,,26,23,,,33,7*75
$GBGSV,1,1,02,07,34,042,,11,29,241,,0*7F
$GQGSV,1,1,00,0*64
$GNGLL,2520.05727,N,05128.15875,E,114143.00,A,A*77
$GNRMC,114144.00,A,2520.05684,N,05128.15851,E,0.044,,200726,,,D,V*19
$GNVTG,,T,,M,0.044,N,0.082,K,D*32
$GNGGA,114144.00,2520.05684,N,05128.15851,E,2,11,0.96,56.7,M,-24.7,M,,*5F
$GNGSA,A,3,16,31,26,09,28,,,,,,,,2.16,0.96,1.93,1*02
$GNGSA,A,3,84,69,67,78,68,,,,,,,,2.16,0.96,1.93,2*00
$GNGSA,A,3,,,,,,,,,,,,,2.16,0.96,1.93,3*02
$GNGSA,A,3,07,,,,,,,,,,,,2.16,0.96,1.93,4*02
$GNGSA,A,3,,,,,,,,,,,,,2.16,0.96,1.93,5*04
$GPGSV,3,1,09,04,42,299,27,09,15,276,30,16,23,133,31,17,,,20,1*56
$GPGSV,3,2,09,26,32,100,33,28,15,039,28,31,43,042,44,41,44,125,40,1*62
$GPGSV,3,3,09,42,38,118,40,1*5C
$GPGSV,1,1,03,07,09,218,,40,63,171,,50,04,096,,0*5B
$GLGSV,2,1,06,67,10,071,28,68,36,024,26,69,30,323,32,78,41,070,35,1*7C
$GLGSV,2,2,06,84,32,298,12,,,,18,1*4A
$GLGSV,1,1,04,70,00,286,,77,02,027,,79,39,144,,85,04,332,,0*7F
$GAGSV,1,1,02,10,,,26,23,,,33,7*75
$GBGSV,1,1,02,07,34,042,,11,29,241,,0*7F
$GQGSV,1,1,00,0*64
$GNGLL,2520.05684,N,05128.15851,E,114144.00,A,D*7B
$GNRMC,114145.00,A,2520.05691,N,05128.15860,E,0.074,,200726,,,D,V*1D
$GNVTG,,T,,M,0.074,N,0.137,K,D*3E
$GNGGA,114145.00,2520.05691,N,05128.15860,E,2,12,0.91,56.4,M,-24.7,M,,*5F
$GNGSA,A,3,16,31,04,26,09,28,,,,,,,2.00,0.91,1.78,1*03
$GNGSA,A,3,84,69,67,78,68,,,,,,,,2.00,0.91,1.78,2*05
$GNGSA,A,3,,,,,,,,,,,,,2.00,0.91,1.78,3*07
$GNGSA,A,3,07,,,,,,,,,,,,2.00,0.91,1.78,4*07
$GNGSA,A,3,,,,,,,,,,,,,2.00,0.91,1.78,5*01
$GPGSV,2,1,08,04,42,299,26,09,15,276,30,16,23,133,31,26,32,100,34,1*60
$GPGSV,2,2,08,28,15,039,29,31,43,042,44,41,44,125,40,42,38,118,40,1*66
$GPGSV,1,1,03,07,09,218,,40,63,171,,50,04,096,,0*5B
$GLGSV,2,1,06,67,10,071,29,68,36,024,25,69,30,323,33,78,41,070,35,1*7F
$GLGSV,2,2,06,84,32,298,12,,,,18,1*4A
$GLGSV,2,1,05,70,00,286,,77,02,027,,79,39,144,,80,03,183,,0*77
$GLGSV,2,2,05,80,03,183,,0*4D
$GAGSV,1,1,02,10,,,26,23,,,34,7*72
$GBGSV,1,1,02,07,34,042,,11,29,241,,0*7F
$GQGSV,1,1,00,0*64
$GNGLL,2520.05691,N,05128.15860,E,114145.00,A,D*7C
$GNRMC,114146.00,A,2520.05689,N,05128.15864,E,0.129,,200726,,,D,V*1A
$GNVTG,,T,,M,0.129,N,0.238,K,D*3B
$GNGGA,114146.00,2520.05689,N,05128.15864,E,2,12,0.91,56.3,M,-24.7,M,,*56
$GNGSA,A,3,16,31,04,26,09,28,,,,,,,2.00,0.91,1.78,1*03
$GNGSA,A,3,84,69,67,78,68,,,,,,,,2.00,0.91,1.78,2*05
$GNGSA,A,3,,,,,,,,,,,,,2.00,0.91,1.78,3*07
$GNGSA,A,3,07,,,,,,,,,,,,2.00,0.91,1.78,4*07
$GNGSA,A,3,,,,,,,,,,,,,2.00,0.91,1.78,5*01
$GPGSV,3,1,09,04,42,299,27,07,09,218,24,09,15,276,30,16,23,133,31,1*61
$GPGSV,3,2,09,26,32,100,34,28,15,039,28,31,43,042,44,41,44,125,40,1*65
$GPGSV,3,3,09,42,38,118,41,1*5D
$GPGSV,1,1,02,40,63,171,,50,04,096,,0*6F
$GLGSV,2,1,06,67,10,071,29,68,36,024,25,69,30,323,33,78,41,070,35,1*7F
$GLGSV,2,2,06,84,32,298,11,,,,19,1*48
$GLGSV,2,1,05,70,00,286,,77,02,027,,79,39,144,,80,03,183,,0*77
$GLGSV,2,2,05,80,03,183,,0*4D
$GAGSV,1,1,03,10,,,26,19,,,36,23,,,33,7*79
$GBGSV,1,1,02,07,34,042,,11,29,241,,0*7F
$GQGSV,1,1,00,0*64
$GNGLL,2520.05689,N,05128.15864,E,114146.00,A,D*72
$GNRMC,114147.00,A,2520.05688,N,05128.15857,E,0.574,57.28,200726,,,D,V*30
$GNVTG,57.28,T,,M,0.574,N,1.063,K,D*1C
$GNGGA,114147.00,2520.05688,N,05128.15857,E,2,11,0.91,56.4,M,-24.7,M,,*52
$GNGSA,A,3,16,31,04,26,09,28,,,,,,,2.00,0.91,1.78,1*03
$GNGSA,A,3,69,67,78,68,,,,,,,,,2.00,0.91,1.78,2*09
$GNGSA,A,3,,,,,,,,,,,,,2.00,0.91,1.78,3*07
$GNGSA,A,3,07,,,,,,,,,,,,2.00,0.91,1.78,4*07
$GNGSA,A,3,,,,,,,,,,,,,2.00,0.91,1.78,5*01
$GPGSV,2,1,08,04,42,299,27,09,15,276,29,16,23,133,31,26,32,100,34,1*69
$GPGSV,2,2,08,28,15,039,24,31,43,042,44,41,44,125,40,42,38,118,40,1*6B
$GPGSV,1,1,03,07,09,218,,40,63,171,,50,04,096,,0*5B
$GLGSV,2,1,06,67,10,072,29,68,36,024,25,69,30,323,33,78,41,070,35,1*7C
$GLGSV,2,2,06,84,32,298,05,,,,18,1*4C
$GLGSV,2,1,05,70,00,286,,77,02,027,,79,39,144,,80,03,183,,0*77
$GLGSV,2,2,05,80,03,183,,0*4D
$GAGSV,1,1,03,10,,,26,19,,,36,23,,,33,7*79
$GBGSV,1,1,02,07,34,042,,11,29,241,,0*7F
$GQGSV,1,1,00,0*64
$GNGLL,2520.05688,N,05128.15857,E,114147.00,A,D*72
$GNRMC,114148.00,A,2520.05688,N,05128.15857,E,0.083,,200726,,,D,V*14
$GNVTG,,T,,M,0.083,N,0.153,K,D*34
$GNGGA,114148.00,2520.05688,N,05128.15857,E,2,11,0.91,56.7,M,-24.7,M,,*5E
$GNGSA,A,3,16,31,04,26,09,28,,,,,,,2.00,0.91,1.78,1*03
$GNGSA,A,3,69,67,78,68,,,,,,,,,2.00,0.91,1.78,2*09
$GNGSA,A,3,,,,,,,,,,,,,2.00,0.91,1.78,3*07
$GNGSA,A,3,07,,,,,,,,,,,,2.00,0.91,1.78,4*07
$GNGSA,A,3,,,,,,,,,,,,,2.00,0.91,1.78,5*01
$GPGSV,2,1,08,04,42,299,27,09,15,276,29,16,23,133,30,26,32,100,34,1*68
$GPGSV,2,2,08,28,15,039,21,31,43,042,44,41,44,125,40,42,38,118,41,1*6F
$GPGSV,1,1,03,07,09,218,,40,63,171,,50,04,096,,0*5B
$GLGSV,2,1,06,67,10,072,29,68,36,025,25,69,30,323,33,78,41,070,35,1*7D
$GLGSV,2,2,06,84,32,298,08,,,,18,1*41
$GLGSV,2,1,05,70,00,286,,77,02,027,,79,39,144,,80,03,183,,0*77
$GLGSV,2,2,05,80,03,183,,0*4D
$GAGSV,1,1,03,10,,,26,19,,,36,23,,,33,7*79
$GBGSV,1,1,02,07,34,042,,11,29,241,,0*7F
$GQGSV,1,1,00,0*64
$GNGLL,2520.05688,N,05128.15857,E,114148.00,A,D*7D
$GNRMC,114149.00,A,2520.05684,N,05128.15861,E,0.211,,200726,,,D,V*15
$GNVTG,,T,,M,0.211,N,0.390,K,D*30
$GNGGA,114149.00,2520.05684,N,05128.15861,E,2,12,0.91,56.9,M,-24.7,M,,*5B
$GNGSA,A,3,16,31,04,26,09,28,,,,,,,2.00,0.91,1.78,1*03
$GNGSA,A,3,84,69,67,78,68,,,,,,,,2.00,0.91,1.78,2*05
$GNGSA,A,3,,,,,,,,,,,,,2.00,0.91,1.78,3*07
$GNGSA,A,3,07,,,,,,,,,,,,2.00,0.91,1.78,4*07
$GNGSA,A,3,,,,,,,,,,,,,2.00,0.91,1.78,5*01
$GPGSV,3,1,09,04,42,299,28,07,09,218,18,09,15,276,29,16,23,133,30,1*68
$GPGSV,3,2,09,26,32,100,33,28,15,039,20,31,43,042,44,41,44,125,40,1*6A
$GPGSV,3,3,09,42,38,118,41,1*5D
$GPGSV,1,1,02,40,63,171,,50,04,096,,0*6F
$GLGSV,2,1,06,67,10,072,28,68,36,025,26,69,30,324,33,78,41,070,34,1*79
$GLGSV,2,2,06,84,32,298,11,,,,19,1*48
$GLGSV,2,1,05,70,00,286,,77,02,027,,79,39,144,,80,03,183,,0*77
$GLGSV,2,2,05,80,03,183,,0*4D
$GAGSV,1,1,03,10,,,26,19,,,35,23,,,32,7*7B
$GBGSV,1,1,02,07,34,042,,11,29,241,,0*7F
$GQGSV,1,1,00,0*64
$GNGLL,2520.05684,N,05128.15861,E,114149.00,A,D*75
$GNRMC,114150.00,A,2520.05680,N,05128.15861,E,0.126,,200726,,,D,V*1E
$GNVTG,,T,,M,0.126,N,0.234,K,D*38
$GNGGA,114150.00,2520.05680,N,05128.15861,E,2,12,0.88,57.0,M,-24.7,M,,*57
$GNGSA,A,3,16,31,04,26,09,28,,,,,,,1.99,0.88,1.78,1*08
$GNGSA,A,3,84,69,67,78,68,,,,,,,,1.99,0.88,1.78,2*0E
$GNGSA,A,3,,,,,,,,,,,,,1.99,0.88,1.78,3*0C
$GNGSA,A,3,07,,,,,,,,,,,,1.99,0.88,1.78,4*0C
$GNGSA,A,3,,,,,,,,,,,,,1.99,0.88,1.78,5*0A
$GPGSV,3,1,09,04,42,299,28,07,09,218,15,09,15,276,28,16,23,133,31,1*65
$GPGSV,3,2,09,26,32,100,33,28,15,039,21,31,43,042,43,41,44,125,40,1*6C
$GPGSV,3,3,09,42,38,118,41,1*5D
$GPGSV,1,1,02,40,63,171,,50,04,096,,0*6F
$GLGSV,2,1,06,67,10,072,28,68,36,025,26,69,30,324,33,78,41,070,34,1*79
$GLGSV,2,2,06,84,32,298,13,,,,18,1*4B
$GLGSV,2,1,05,70,00,286,,77,02,027,,79,39,144,,80,03,183,,0*77
$GLGSV,2,2,05,80,03,183,,0*4D
$GAGSV,1,1,03,10,,,26,19,,,35,23,,,33,7*7A
$GBGSV,1,1,02,07,34,042,,11,29,241,,0*7F
$GQGSV,1,1,00,0*64
$GNGLL,2520.05680,N,05128.15861,E,114150.00,A,D*79
$GNRMC,114151.00,A,2520.05676,N,05128.15862,E,0.034,,200726,,,D,V*17
$GNVTG,,T,,M,0.034,N,0.064,K,D*3D
$GNGGA,114151.00,2520.05676,N,05128.15862,E,2,12,0.89,57.1,M,-24.7,M,,*5C
$GNGSA,A,3,16,31,04,26,09,28,,,,,,,1.99,0.89,1.78,1*09
$GNGSA,A,3,84,69,67,78,68,,,,,,,,1.99,0.89,1.78,2*0F
$GNGSA,A,3,,,,,,,,,,,,,1.99,0.89,1.78,3*0D
$GNGSA,A,3,07,,,,,,,,,,,,1.99,0.89,1.78,4*0D
$GNGSA,A,3,,,,,,,,,,,,,1.99,0.89,1.78,5*0B
$GPGSV,3,1,09,04,42,299,28,07,09,218,14,09,15,276,28,16,23,133,31,1*64
$GPGSV,3,2,09,26,32,100,33,28,15,039,22,31,43,042,44,41,44,125,40,1*68
$GPGSV,3,3,09,42,38,118,40,1*5C
$GPGSV,1,1,02,40,63,171,,50,04,096,,0*6F
$GLGSV,2,1,06,67,10,072,28,68,36,025,25,69,30,324,33,78,41,070,34,1*7A
$GLGSV,2,2,06,84,32,298,13,,,,18,1*4B
$GLGSV,2,1,05,70,00,286,,77,02,027,,79,39,144,,80,03,183,,0*77
$GLGSV,2,2,05,80,03,183,,0*4D
$GAGSV,1,1,03,10,,,26,19,,,36,23,,,33,7*79
$GBGSV,1,1,02,07,34,042,,11,29,241,,0*7F
$GQGSV,1,1,00,0*64
$GNGLL,2520.05676,N,05128.15862,E,114151.00,A,D*72
$GNRMC,114152.00,A,2520.05672,N,05128.15865,E,0.238,,200726,,,D,V*19
$GNVTG,,T,,M,0.238,N,0.442,K,D*33
$GNGGA,114152.00,2520.05672,N,05128.15865,E,2,12,0.89,57.1,M,-24.7,M,,*5C
$GNGSA,A,3,16,31,04,26,09,28,,,,,,,1.99,0.89,1.78,1*09
$GNGSA,A,3,84,69,67,78,68,,,,,,,,1.99,0.89,1.78,2*0F
$GNGSA,A,3,,,,,,,,,,,,,1.99,0.89,1.78,3*0D
$GNGSA,A,3,07,,,,,,,,,,,,1.99,0.89,1.78,4*0D
$GNGSA,A,3,,,,,,,,,,,,,1.99,0.89,1.78,5*0B
$GPGSV,3,1,09,04,42,299,28,07,09,218,13,09,15,276,28,16,23,133,30,1*62
$GPGSV,3,2,09,26,32,100,32,28,15,039,23,31,43,042,44,41,44,125,40,1*68
$GPGSV,3,3,09,42,38,118,40,1*5C
$GPGSV,1,1,02,40,63,171,,50,04,096,,0*6F
$GLGSV,2,1,06,67,10,072,28,68,36,025,24,69,30,324,33,78,41,070,34,1*7B
$GLGSV,2,2,06,84,32,298,12,,,,18,1*4A
$GLGSV,2,1,05,70,00,286,,77,02,027,,79,39,144,,80,03,183,,0*77
$GLGSV,2,2,05,80,03,183,,0*4D
$GAGSV,1,1,03,10,,,26,19,,,36,23,,,33,7*79
$GBGSV,1,1,02,07,34,042,,11,29,241,,0*7F
$GQGSV,1,1,00,0*64
$GNGLL,2520.05672,N,05128.15865,E,114152.00,A,D*72
$GNRMC,114153.00,A,2520.05673,N,05128.15870,E,0.065,,200726,,,D,V*17
$GNVTG,,T,,M,0.065,N,0.121,K,D*39
$GNGGA,114153.00,2520.05673,N,05128.15870,E,2,12,0.89,57.3,M,-24.7,M,,*5A
$GNGSA,A,3,16,31,04,26,09,28,,,,,,,1.98,0.89,1.78,1*08
$GNGSA,A,3,84,69,67,78,68,,,,,,,,1.98,0.89,1.78,2*0E
$GNGSA,A,3,,,,,,,,,,,,,1.98,0.89,1.78,3*0C
$GNGSA,A,3,07,,,,,,,,,,,,1.98,0.89,1.78,4*0C
$GNGSA,A,3,,,,,,,,,,,,,1.98,0.89,1.78,5*0A
$GPGSV,3,1,09,04,42,299,29,07,09,218,11,09,15,276,28,16,23,133,31,1*60
$GPGSV,3,2,09,26,32,100,33,28,15,039,22,31,43,042,44,41,44,125,40,1*68
$GPGSV,3,3,09,42,38,118,41,1*5D
$GPGSV,1,1,02,40,63,171,,50,04,096,,0*6F
$GLGSV,2,1,06,67,10,072,28,68,36,025,21,69,30,324,33,78,41,070,36,1*7C
$GLGSV,2,2,06,84,32,298,12,,,,15,1*47
$GLGSV,2,1,06,70,00,286,,77,02,027,,79,39,144,,80,03,183,,0*74
$GLGSV,2,2,06,80,03,183,,82,05,184,,0*7C
$GAGSV,1,1,03,10,,,25,19,,,36,23,,,33,7*7A
$GBGSV,1,1,02,07,34,042,,11,29,241,,0*7F
$GQGSV,1,1,00,0*64
$GNGLL,2520.05673,N,05128.15870,E,114153.00,A,D*76
$GNRMC,114154.00,A,2520.05675,N,05128.15874,E,0.052,,200726,,,D,V*16
$GNVTG,,T,,M,0.052,N,0.096,K,D*30
$GNGGA,114154.00,2520.05675,N,05128.15874,E,2,12,0.89,57.4,M,-24.7,M,,*58
$GNGSA,A,3,16,31,04,26,09,28,,,,,,,1.98,0.89,1.78,1*08
$GNGSA,A,3,84,69,67,78,68,,,,,,,,1.98,0.89,1.78,2*0E
$GNGSA,A,3,,,,,,,,,,,,,1.98,0.89,1.78,3*0C
$GNGSA,A,3,07,,,,,,,,,,,,1.98,0.89,1.78,4*0C
$GNGSA,A,3,,,,,,,,,,,,,1.98,0.89,1.78,5*0A
$GPGSV,3,1,09,04,42,299,29,07,09,218,09,09,15,276,28,16,23,133,31,1*69
$GPGSV,3,2,09,26,32,100,34,28,15,039,22,31,43,042,44,41,44,125,40,1*6F
$GPGSV,3,3,09,42,38,118,41,1*5D
$GPGSV,1,1,02,40,63,171,,50,04,096,,0*6F
$GLGSV,2,1,06,67,10,072,28,68,36,025,19,69,30,324,32,78,41,070,36,1*76
$GLGSV,2,2,06,82,05,184,14,84,32,298,10,1*76
$GLGSV,2,1,05,70,00,286,,77,02,027,,79,39,144,,80,03,183,,0*77
$GLGSV,2,2,05,80,03,183,,0*4D
$GAGSV,1,1,03,10,,,25,19,,,35,23,,,33,7*79
$GBGSV,1,1,02,07,34,042,,11,29,241,,0*7F
$GQGSV,1,1,00,0*64
$GNGLL,2520.05675,N,05128.15874,E,114154.00,A,D*73
$GNRMC,114155.00,A,2520.05679,N,05128.15876,E,0.025,,200726,,,D,V*19
$GNVTG,,T,,M,0.025,N,0.047,K,D*3C
$GNGGA,114155.00,2520.05679,N,05128.15876,E,2,11,0.91,57.5,M,-24.7,M,,*5C
$GNGSA,A,3,16,31,04,26,09,28,,,,,,,2.00,0.91,1.78,1*03
$GNGSA,A,3,69,67,78,68,,,,,,,,,2.00,0.91,1.78,2*09
$GNGSA,A,3,,,,,,,,,,,,,2.00,0.91,1.78,3*07
$GNGSA,A,3,07,,,,,,,,,,,,2.00,0.91,1.78,4*07
$GNGSA,A,3,,,,,,,,,,,,,2.00,0.91,1.78,5*01
$GPGSV,3,1,09,04,42,299,29,07,09,218,08,09,15,276,28,16,23,133,31,1*68
$GPGSV,3,2,09,26,32,100,33,28,15,039,20,31,43,042,44,41,44,125,40,1*6A
$GPGSV,3,3,09,42,38,118,41,1*5D
$GPGSV,1,1,02,40,63,171,,50,04,096,,0*6F
$GLGSV,2,1,06,67,10,072,28,68,36,025,19,69,30,324,33,78,41,070,35,1*74
$GLGSV,2,2,06,82,05,184,15,84,32,298,09,1*7F
$GLGSV,2,1,05,70,00,286,,77,02,027,,79,39,144,,80,03,183,,0*77
$GLGSV,2,2,05,80,03,183,,0*4D
$GAGSV,1,1,03,10,,,25,19,,,35,23,,,33,7*79
$GBGSV,1,1,02,07,34,042,,11,29,241,,0*7F
$GQGSV,1,1,00,0*64
$GNGLL,2520.05679,N,05128.15876,E,114155.00,A,D*7C
$GNRMC,114156.00,A,2520.05679,N,05128.15875,E,0.033,,200726,,,D,V*1E
$GNVTG,,T,,M,0.033,N,0.062,K,D*3C
$GNGGA,114156.00,2520.05679,N,05128.15875,E,2,12,0.91,57.7,M,-24.7,M,,*5D
$GNGSA,A,3,16,31,04,26,09,28,,,,,,,2.00,0.91,1.78,1*03
$GNGSA,A,3,84,69,67,78,68,,,,,,,,2.00,0.91,1.78,2*05
$GNGSA,A,3,,,,,,,,,,,,,2.00,0.91,1.78,3*07
$GNGSA,A,3,07,,,,,,,,,,,,2.00,0.91,1.78,4*07
$GNGSA,A,3,,,,,,,,,,,,,2.00,0.91,1.78,5*01
$GPGSV,3,1,09,04,42,299,29,07,09,218,08,09,15,276,28,16,23,133,31,1*68
$GPGSV,3,2,09,26,32,100,33,28,15,039,19,31,43,042,44,41,44,125,40,1*60
$GPGSV,3,3,09,42,38,118,41,1*5D
$GPGSV,1,1,02,40,63,171,,50,04,096,,0*6F
$GLGSV,2,1,06,67,10,072,28,68,36,025,21,69,30,324,33,78,41,070,35,1*7F
$GLGSV,2,2,06,82,05,184,17,84,32,298,14,1*71
$GLGSV,2,1,05,70,00,286,,77,02,027,,79,39,144,,80,03,183,,0*77
$GLGSV,2,2,05,80,03,183,,0*4D
$GAGSV,1,1,03,10,,,25,19,,,35,23,,,33,7*79
$GBGSV,1,1,02,07,34,042,,11,29,241,,0*7F
$GQGSV,1,1,00,0*64
$GNGLL,2520.05679,N,05128.15875,E,114156.00,A,D*7C
$GNRMC,114157.00,A,2520.05679,N,05128.15873,E,0.015,,200726,,,D,V*1D
$GNVTG,,T,,M,0.015,N,0.028,K,D*36
$GNGGA,114157.00,2520.05679,N,05128.15873,E,2,12,0.91,57.8,M,-24.7,M,,*55
$GNGSA,A,3,16,31,04,26,09,28,,,,,,,2.00,0.91,1.78,1*03
$GNGSA,A,3,84,69,67,78,68,,,,,,,,2.00,0.91,1.78,2*05
$GNGSA,A,3,,,,,,,,,,,,,2.00,0.91,1.78,3*07
$GNGSA,A,3,07,,,,,,,,,,,,2.00,0.91,1.78,4*07
$GNGSA,A,3,,,,,,,,,,,,,2.00,0.91,1.78,5*01
$GPGSV,3,1,09,04,42,299,29,07,09,218,07,09,15,276,28,16,23,133,31,1*67
$GPGSV,3,2,09,26,32,100,33,28,15,039,20,31,43,042,44,41,44,125,40,1*6A
$GPGSV,3,3,09,42,38,118,41,1*5D
$GPGSV,1,1,02,40,63,171,,50,04,096,,0*6F
$GLGSV,2,1,06,67,10,072,27,68,36,025,22,69,30,324,33,78,41,070,35,1*73
$GLGSV,2,2,06,82,05,184,18,84,32,298,16,1*7C
$GLGSV,2,1,06,70,00,286,,77,02,026,,79,39,144,,80,03,183,,0*75
$GLGSV,2,2,06,80,03,183,,83,37,228,,0*79
$GAGSV,1,1,03,10,,,25,19,,,35,23,,,33,7*79
$GBGSV,1,1,02,07,34,042,,11,29,241,,0*7F
$GQGSV,1,1,00,0*64
$GNGLL,2520.05679,N,05128.15873,E,114157.00,A,D*7B
$GNRMC,114158.00,A,2520.05678,N,05128.15870,E,0.014,,200726,,,D,V*11
$GNVTG,,T,,M,0.014,N,0.026,K,D*39
$GNGGA,114158.00,2520.05678,N,05128.15870,E,2,12,0.91,57.9,M,-24.7,M,,*59
$GNGSA,A,3,16,31,04,26,09,28,,,,,,,2.00,0.91,1.78,1*03
$GNGSA,A,3,84,69,67,78,68,,,,,,,,2.00,0.91,1.78,2*05
$GNGSA,A,3,,,,,,,,,,,,,2.00,0.91,1.78,3*07
$GNGSA,A,3,07,,,,,,,,,,,,2.00,0.91,1.78,4*07
$GNGSA,A,3,,,,,,,,,,,,,2.00,0.91,1.78,5*01
$GPGSV,3,1,09,04,42,299,29,07,09,218,08,09,15,276,28,16,23,133,32,1*6B
$GPGSV,3,2,09,26,32,100,34,28,15,039,22,31,43,042,44,41,44,125,40,1*6F
$GPGSV,3,3,09,42,38,118,41,1*5D
$GPGSV,1,1,02,40,63,171,,50,04,096,,0*6F
$GLGSV,2,1,06,67,10,072,28,68,36,025,22,69,30,324,33,78,41,070,35,1*7C
$GLGSV,2,2,06,82,05,184,17,84,32,298,16,1*73
$GLGSV,2,1,06,70,00,286,,77,02,026,,79,39,144,,80,03,183,,0*75
$GLGSV,2,2,06,80,03,183,,83,37,228,,0*79
$GAGSV,1,1,03,10,,,25,19,,,36,23,,,33,7*7A
$GBGSV,1,1,02,07,34,042,,11,29,241,,0*7F
$GQGSV,1,1,00,0*64
$GNGLL,2520.05678,N,05128.15870,E,114158.00,A,D*76
$GNRMC,114159.00,A,2520.05678,N,05128.15867,E,0.124,,200726,,,D,V*14
$GNVTG,,T,,M,0.124,N,0.229,K,D*36
$GNGGA,114159.00,2520.05678,N,05128.15867,E,2,12,0.91,57.9,M,-24.7,M,,*5E
$GNGSA,A,3,16,31,04,26,09,28,,,,,,,2.00,0.91,1.78,1*03
$GNGSA,A,3,84,69,67,78,68,,,,,,,,2.00,0.91,1.78,2*05
$GNGSA,A,3,,,,,,,,,,,,,2.00,0.91,1.78,3*07
$GNGSA,A,3,07,,,,,,,,,,,,2.00,0.91,1.78,4*07
$GNGSA,A,3,,,,,,,,,,,,,2.00,0.91,1.78,5*01
$GPGSV,2,1,08,04,42,299,30,09,15,276,27,16,23,133,32,26,32,100,34,1*62
$GPGSV,2,2,08,28,15,039,24,31,43,042,44,41,44,125,40,42,38,118,41,1*6A
$GPGSV,1,1,03,07,09,218,,40,63,171,,50,04,096,,0*5B
$GLGSV,2,1,06,67,10,072,27,68,36,025,20,69,30,324,33,78,41,070,36,1*72
$GLGSV,2,2,06,82,05,184,17,84,32,298,13,1*76
$GLGSV,2,1,06,70,00,286,,77,02,026,,79,39,143,,80,03,183,,0*72
$GLGSV,2,2,06,80,03,183,,83,37,228,,0*79
$GAGSV,1,1,03,10,,,24,19,,,36,23,,,34,7*7C
$GBGSV,1,1,02,07,34,042,,11,29,241,,0*7F
$GQGSV,1,1,00,0*64
$GNGLL,2520.05678,N,05128.15867,E,114159.00,A,D*71
$GNRMC,114200.00,A,2520.05660,N,05128.15875,E,0.960,87.55,200726,,,D,V*38
$GNVTG,87.55,T,,M,0.960,N,1.779,K,D*1E
$GNGGA,114200.00,2520.05660,N,05128.15875,E,2,12,1.01,57.6,M,-24.7,M,,*5C
$GNGSA,A,3,16,31,04,26,09,28,,,,,,,2.30,1.01,2.07,1*03
$GNGSA,A,3,84,69,67,78,68,,,,,,,,2.30,1.01,2.07,2*05
$GNGSA,A,3,,,,,,,,,,,,,2.30,1.01,2.07,3*07
$GNGSA,A,3,07,,,,,,,,,,,,2.30,1.01,2.07,4*07
$GNGSA,A,3,,,,,,,,,,,,,2.30,1.01,2.07,5*01
$GPGSV,3,1,10,04,42,299,30,07,09,218,27,09,15,276,27,16,23,133,26,1*6C
$GPGSV,3,2,10,26,32,100,33,28,15,039,38,31,43,042,42,41,44,125,31,1*6B
$GPGSV,3,3,10,42,38,118,36,50,04,096,27,1*6E
$GPGSV,1,1,01,40,63,171,,0*52
$GLGSV,2,1,06,67,10,072,38,68,36,025,35,69,30,324,32,78,41,070,38,1*77
$GLGSV,2,2,06,82,05,184,18,84,32,298,27,1*7E
$GLGSV,2,1,06,70,00,286,,77,02,026,,79,39,143,,80,03,183,,0*72
$GLGSV,2,2,06,80,03,183,,83,37,228,,0*79
$GAGSV,1,1,03,10,,,24,19,,,31,23,,,29,7*77
$GBGSV,1,1,02,07,34,042,,11,29,241,,0*7F
$GQGSV,1,1,00,0*64
$GNGLL,2520.05660,N,05128.15875,E,114200.00,A,D*74
$GNRMC,114201.00,A,2520.05650,N,05128.15868,E,0.338,,200726,,,D,V*10
$GNVTG,,T,,M,0.338,N,0.625,K,D*31
$GNGGA,114201.00,2520.05650,N,05128.15868,E,2,12,0.91,58.2,M,-24.7,M,,*51
$GNGSA,A,3,16,31,04,26,09,28,,,,,,,2.00,0.91,1.78,1*03
$GNGSA,A,3,84,69,67,78,68,,,,,,,,2.00,0.91,1.78,2*05
$GNGSA,A,3,,,,,,,,,,,,,2.00,0.91,1.78,3*07
$GNGSA,A,3,07,,,,,,,,,,,,2.00,0.91,1.78,4*07
$GNGSA,A,3,,,,,,,,,,,,,2.00,0.91,1.78,5*01
$GPGSV,3,1,09,04,42,299,22,07,09,218,26,09,15,276,25,16,23,133,27,1*65
$GPGSV,3,2,09,26,32,100,37,28,15,039,36,31,43,042,40,41,44,125,30,1*6A
$GPGSV,3,3,09,42,38,118,28,1*52
$GPGSV,1,1,02,40,63,171,,50,04,096,,0*6F
$GLGSV,2,1,05,67,10,072,37,68,36,025,29,69,30,324,14,78,41,070,37,1*7D
$GLGSV,2,2,05,84,32,298,26,1*47
$GLGSV,2,1,07,70,00,286,,77,02,026,,79,39,143,,80,03,183,,0*73
$GLGSV,2,2,07,80,03,183,,82,05,184,,83,37,228,,0*4A
$GAGSV,1,1,03,10,,,23,19,,,32,23,,,23,7*79
$GBGSV,1,1,02,07,34,042,,11,29,241,,0*7F
$GQGSV,1,1,00,0*64
$GNGLL,2520.05650,N,05128.15868,E,114201.00,A,D*7A
$GNRMC,114202.00,A,2520.05651,N,05128.15859,E,0.338,,200726,,,D,V*10
$GNVTG,,T,,M,0.338,N,0.626,K,D*32
$GNGGA,114202.00,2520.05651,N,05128.15859,E,2,12,0.91,58.3,M,-24.7,M,,*50
$GNGSA,A,3,16,31,04,26,09,28,,,,,,,2.00,0.91,1.78,1*03
$GNGSA,A,3,84,69,67,78,68,,,,,,,,2.00,0.91,1.78,2*05
$GNGSA,A,3,,,,,,,,,,,,,2.00,0.91,1.78,3*07
$GNGSA,A,3,07,,,,,,,,,,,,2.00,0.91,1.78,4*07
$GNGSA,A,3,,,,,,,,,,,,,2.00,0.91,1.78,5*01
$GPGSV,2,1,08,04,42,299,19,07,09,218,25,09,15,276,21,16,23,133,25,1*68
$GPGSV,2,2,08,26,32,100,37,28,15,039,38,31,43,042,40,41,44,125,30,1*64
$GPGSV,1,1,03,40,63,171,,42,38,118,,50,04,096,,0*5B
$GLGSV,2,1,06,67,10,072,36,68,36,025,36,69,30,324,28,78,41,070,39,1*70
$GLGSV,2,2,06,82,05,184,21,84,32,298,27,1*74
$GLGSV,2,1,06,70,00,286,,77,02,026,,79,39,143,,80,03,183,,0*72
$GLGSV,2,2,06,80,03,183,,83,37,228,,0*79
$GAGSV,1,1,03,10,,,23,19,,,33,23,,,23,7*78
$GBGSV,1,1,02,07,34,042,,11,29,241,,0*7F
$GQGSV,1,1,00,0*64
$GNGLL,2520.05651,N,05128.15859,E,114202.00,A,D*7A
$GNRMC,114203.00,A,2520.05644,N,05128.15858,E,0.278,,200726,,,D,V*11
$GNVTG,,T,,M,0.278,N,0.515,K,D*34
$GNGGA,114203.00,2520.05644,N,05128.15858,E,2,12,0.99,59.1,M,-24.7,M,,*5F
$GNGSA,A,3,16,31,04,26,09,28,,,,,,,2.29,0.99,2.06,1*0A
$GNGSA,A,3,84,69,67,78,68,,,,,,,,2.29,0.99,2.06,2*0C
$GNGSA,A,3,,,,,,,,,,,,,2.29,0.99,2.06,3*0E
$GNGSA,A,3,07,,,,,,,,,,,,2.29,0.99,2.06,4*0E
$GNGSA,A,3,,,,,,,,,,,,,2.29,0.99,2.06,5*08
$GPGSV,2,1,08,04,42,299,18,07,09,218,24,09,15,276,16,16,23,133,24,1*6D
$GPGSV,2,2,08,26,32,100,36,28,15,039,38,31,43,042,41,41,44,125,31,1*65
$GPGSV,1,1,03,40,63,171,,42,38,118,,50,04,096,,0*5B
$GLGSV,2,1,06,67,10,072,37,68,36,025,30,69,30,324,25,78,41,070,37,1*74
$GLGSV,2,2,06,82,05,184,21,84,32,298,27,1*74
$GLGSV,2,1,06,70,00,286,,77,02,026,,79,39,143,,80,03,183,,0*72
$GLGSV,2,2,06,80,03,183,,83,37,228,,0*79
$GAGSV,1,1,03,10,,,20,19,,,32,23,,,26,7*7F
$GBGSV,1,1,02,07,34,042,,11,29,241,,0*7F
$GQGSV,1,1,00,0*64
$GNGLL,2520.05644,N,05128.15858,E,114203.00,A,D*7E
$GNRMC,114204.00,A,2520.05643,N,05128.15867,E,0.152,,200726,,,D,V*16
$GNVTG,,T,,M,0.152,N,0.281,K,D*35
$GNGGA,114204.00,2520.05643,N,05128.15867,E,2,12,0.89,59.7,M,-24.7,M,,*54
$GNGSA,A,3,16,31,04,26,09,28,,,,,,,1.98,0.89,1.78,1*08
$GNGSA,A,3,84,69,67,78,68,,,,,,,,1.98,0.89,1.78,2*0E
$GNGSA,A,3,,,,,,,,,,,,,1.98,0.89,1.78,3*0C
$GNGSA,A,3,07,,,,,,,,,,,,1.98,0.89,1.78,4*0C
$GNGSA,A,3,,,,,,,,,,,,,1.98,0.89,1.78,5*0A
$GPGSV,2,1,07,04,42,299,20,07,09,218,24,09,15,276,15,16,23,133,24,1*6A
$GPGSV,2,2,07,26,32,100,38,28,15,039,35,31,43,042,39,1*57
$GPGSV,1,1,04,40,63,171,,41,44,125,,42,38,118,,50,04,096,,0*6F
$GLGSV,2,1,06,67,10,072,37,68,36,025,35,69,30,324,23,78,41,070,39,1*79
$GLGSV,2,2,06,82,05,184,24,84,33,297,28,1*70
$GLGSV,2,1,06,70,00,286,,77,02,026,,79,39,143,,80,03,183,,0*72
$GLGSV,2,2,06,80,03,183,,83,37,228,,0*79
$GAGSV,1,1,03,10,,,21,19,,,32,23,,,26,7*7E
$GBGSV,1,1,02,07,34,042,,11,29,241,,0*7F
$GQGSV,1,1,00,0*64
$GNGLL,2520.05643,N,05128.15867,E,114204.00,A,D*72
$GNRMC,114205.00,A,2520.05628,N,05128.15887,E,0.474,,200726,,,A,V*10
$GNVTG,,T,,M,0.474,N,0.879,K,A*3C
$GNGGA,114205.00,2520.05628,N,05128.15887,E,1,09,0.95,59.7,M,-24.7,M,,*52
$GNGSA,A,3,16,31,26,09,28,,,,,,,,2.25,0.95,2.04,1*0C
$GNGSA,A,3,84,67,68,,,,,,,,,,2.25,0.95,2.04,2*0E
$GNGSA,A,3,,,,,,,,,,,,,2.25,0.95,2.04,3*0C
$GNGSA,A,3,07,,,,,,,,,,,,2.25,0.95,2.04,4*0C
$GNGSA,A,3,,,,,,,,,,,,,2.25,0.95,2.04,5*0A
$GPGSV,2,1,06,07,09,218,22,09,15,276,17,16,23,133,24,26,32,100,30,1*6A
$GPGSV,2,2,06,28,15,039,27,31,43,042,32,1*61
$GPGSV,2,1,05,04,42,299,,40,63,171,,41,44,125,,42,38,118,,0*63
$GPGSV,2,2,05,42,38,118,,0*55
$GLGSV,2,1,05,67,10,072,29,68,36,025,35,79,39,143,34,83,37,228,19,1*70
$GLGSV,2,2,05,84,33,297,27,1*48
$GLGSV,2,1,07,69,30,324,,70,00,286,,77,02,026,,78,41,070,,0*74
$GLGSV,2,2,07,78,41,070,,80,03,183,,82,05,184,,0*40
$GAGSV,1,1,03,10,,,19,19,,,25,23,,,24,7*71
$GBGSV,1,1,02,07,34,042,,11,29,241,,0*7F
$GQGSV,1,1,00,0*64
$GNGLL,2520.05628,N,05128.15887,E,114205.00,A,A*75
$GNRMC,114206.00,A,2520.05642,N,05128.15912,E,0.098,,200726,,,A,V*14
$GNVTG,,T,,M,0.098,N,0.182,K,A*37
$GNGGA,114206.00,2520.05642,N,05128.15912,E,1,09,0.95,59.4,M,-24.7,M,,*53
$GNGSA,A,3,16,31,26,09,28,,,,,,,,2.25,0.95,2.04,1*0C
$GNGSA,A,3,84,67,68,,,,,,,,,,2.25,0.95,2.04,2*0E
$GNGSA,A,3,,,,,,,,,,,,,2.25,0.95,2.04,3*0C
$GNGSA,A,3,07,,,,,,,,,,,,2.25,0.95,2.04,4*0C
$GNGSA,A,3,,,,,,,,,,,,,2.25,0.95,2.04,5*0A
$GPGSV,2,1,07,07,09,218,21,09,15,276,15,16,23,133,24,26,32,100,29,1*62
$GPGSV,2,2,07,28,15,039,27,31,43,042,32,42,38,118,32,1*54
$GPGSV,1,1,04,04,42,299,,40,63,171,,41,44,125,,50,04,096,,0*6A
$GLGSV,1,1,04,67,10,072,28,68,36,025,35,83,37,228,17,84,33,297,26,1*7C
$GLGSV,2,1,08,69,30,324,,70,00,286,,77,02,026,,78,41,070,,0*7B
$GLGSV,2,2,08,78,41,070,,79,39,143,,80,03,183,,82,05,184,,0*7D
$GAGSV,1,1,03,10,,,19,19,,,26,23,,,23,7*75
$GBGSV,1,1,02,07,34,042,,11,29,241,,0*7F
$GQGSV,1,1,00,0*64
$GNGLL,2520.05642,N,05128.15912,E,114206.00,A,A*77
$GNRMC,114207.00,A,2520.05653,N,05128.15929,E,0.092,,200726,,,A,V*17
$GNVTG,,T,,M,0.092,N,0.171,K,A*31
$GNGGA,114207.00,2520.05653,N,05128.15929,E,1,09,0.95,59.2,M,-24.7,M,,*5C
$GNGSA,A,3,16,31,26,09,28,,,,,,,,2.25,0.95,2.04,1*0C
$GNGSA,A,3,84,67,68,,,,,,,,,,2.25,0.95,2.04,2*0E
$GNGSA,A,3,,,,,,,,,,,,,2.25,0.95,2.04,3*0C
$GNGSA,A,3,07,,,,,,,,,,,,2.25,0.95,2.04,4*0C
$GNGSA,A,3,,,,,,,,,,,,,2.25,0.95,2.04,5*0A
$GPGSV,2,1,07,07,09,218,18,09,15,276,13,16,23,133,25,26,32,100,30,1*67
$GPGSV,2,2,07,28,15,039,27,31,43,042,31,42,38,118,33,1*56
$GPGSV,1,1,04,04,42,299,,40,63,171,,41,44,125,,50,04,096,,0*6A
$GLGSV,1,1,04,67,10,072,28,68,36,025,35,83,37,228,13,84,33,297,25,1*7B
$GLGSV,2,1,08,69,30,324,,70,00,286,,77,02,026,,78,41,070,,0*7B
$GLGSV,2,2,08,78,41,070,,79,39,143,,80,03,183,,82,05,184,,0*7D
$GAGSV,1,1,03,10,,,19,19,,,27,23,,,21,7*76
$GBGSV,1,1,02,07,34,042,,11,29,241,,0*7F
$GQGSV,1,1,00,0*64
$GNGLL,2520.05653,N,05128.15929,E,114207.00,A,A*7E
$GNRMC,114208.00,A,2520.05658,N,05128.15941,E,0.235,,200726,,,A,V*12
$GNVTG,,T,,M,0.235,N,0.435,K,A*3B
$GNGGA,114208.00,2520.05658,N,05128.15941,E,1,09,0.95,59.0,M,-24.7,M,,*54
$GNGSA,A,3,16,31,26,09,28,,,,,,,,2.25,0.95,2.04,1*0C
$GNGSA,A,3,84,67,68,,,,,,,,,,2.25,0.95,2.04,2*0E
$GNGSA,A,3,,,,,,,,,,,,,2.25,0.95,2.04,3*0C
$GNGSA,A,3,07,,,,,,,,,,,,2.25,0.95,2.04,4*0C
$GNGSA,A,3,,,,,,,,,,,,,2.25,0.95,2.04,5*0A
$GPGSV,2,1,07,07,09,218,15,09,15,276,15,16,23,133,25,26,32,100,29,1*64
$GPGSV,2,2,07,28,15,039,27,31,43,042,30,42,38,118,34,1*50
$GPGSV,1,1,04,04,42,299,,40,63,171,,41,44,125,,50,04,096,,0*6A
$GLGSV,1,1,04,67,10,072,28,68,36,025,35,83,37,228,09,84,33,297,24,1*71
$GLGSV,2,1,08,69,30,324,,70,00,286,,77,02,026,,78,41,070,,0*7B
$GLGSV,2,2,08,78,41,070,,79,39,143,,80,03,183,,82,05,184,,0*7D
$GAGSV,1,1,03,10,,,19,19,,,26,23,,,20,7*76
$GBGSV,1,1,02,07,34,042,,11,29,241,,0*7F
$GQGSV,1,1,00,0*64
$GNGLL,2520.05658,N,05128.15941,E,114208.00,A,A*74
$GNRMC,114209.00,A,2520.05723,N,05128.15963,E,0.449,,200726,,,A,V*13
$GNVTG,,T,,M,0.449,N,0.831,K,A*3E
$GNGGA,114209.00,2520.05723,N,05128.15963,E,1,10,1.02,57.0,M,-24.7,M,,*51
$GNGSA,A,3,16,31,26,09,28,,,,,,,,2.20,1.02,1.95,1*0D
$GNGSA,A,3,84,67,78,68,,,,,,,,,2.20,1.02,1.95,2*00
$GNGSA,A,3,,,,,,,,,,,,,2.20,1.02,1.95,3*0D
$GNGSA,A,3,07,,,,,,,,,,,,2.20,1.02,1.95,4*0D
$GNGSA,A,3,,,,,,,,,,,,,2.20,1.02,1.95,5*0B
$GPGSV,2,1,07,07,09,218,17,09,15,276,17,16,23,133,27,26,32,100,34,1*6A
$GPGSV,2,2,07,28,15,039,36,31,43,042,29,42,38,118,29,1*54
$GPGSV,1,1,04,04,42,299,,40,63,171,,41,44,125,,50,04,096,,0*6A
$GLGSV,2,1,05,67,10,072,27,68,36,025,31,78,41,070,33,83,37,228,12,1*79
$GLGSV,2,2,05,84,33,297,23,1*4C
$GLGSV,2,1,07,69,30,324,,70,00,286,,77,02,026,,79,39,143,,0*7B
$GLGSV,2,2,07,79,39,143,,80,03,183,,82,05,184,,0*4F
$GAGSV,1,1,03,10,,,21,19,,,28,23,,,25,7*76
$GBGSV,1,1,02,07,34,042,,11,29,241,,0*7F
$GQGSV,1,1,00,0*64
$GNGLL,2520.05723,N,05128.15963,E,114209.00,A,A*78
$GNRMC,114210.00,A,2520.05734,N,05128.15983,E,0.193,,200726,,,D,V*14
$GNVTG,,T,,M,0.193,N,0.357,K,D*32
$GNGGA,114210.00,2520.05734,N,05128.15983,E,2,10,1.07,59.1,M,-24.7,M,,*58
$GNGSA,A,3,16,31,26,09,28,,,,,,,,2.48,1.07,2.24,1*0F
$GNGSA,A,3,84,67,78,68,,,,,,,,,2.48,1.07,2.24,2*02
$GNGSA,A,3,,,,,,,,,,,,,2.48,1.07,2.24,3*0F
$GNGSA,A,3,07,,,,,,,,,,,,2.48,1.07,2.24,4*0F
$GNGSA,A,3,,,,,,,,,,,,,2.48,1.07,2.24,5*09
$GPGSV,2,1,07,04,42,300,27,07,09,218,20,09,15,276,20,16,23,133,31,1*6A
$GPGSV,2,2,07,26,32,100,25,28,15,039,41,31,43,042,37,1*56
$GPGSV,1,1,04,40,63,171,,41,44,125,,42,38,118,,50,04,096,,0*6F
$GLGSV,2,1,06,67,10,072,40,68,36,025,27,69,30,324,26,78,41,070,34,1*72
$GLGSV,2,2,06,83,37,228,19,84,33,297,26,1*75
$GLGSV,2,1,06,70,00,286,,77,02,026,,79,39,143,,80,03,183,,0*72
$GLGSV,2,2,06,80,03,183,,82,05,184,,0*7C
$GAGSV,1,1,03,10,,,18,19,,,24,23,,,23,7*76
$GBGSV,1,1,02,07,34,042,,11,29,241,,0*7F
$GQGSV,1,1,00,0*64
$GNGLL,2520.05734,N,05128.15983,E,114210.00,A,D*7D
$GNRMC,114211.00,A,2520.05765,N,05128.15990,E,0.103,,200726,,,D,V*1A
$GNVTG,,T,,M,0.103,N,0.190,K,D*32
$GNGGA,114211.00,2520.05765,N,05128.15990,E,2,11,0.96,59.2,M,-24.7,M,,*54
$GNGSA,A,3,16,31,26,09,28,,,,,,,,2.16,0.96,1.93,1*02
$GNGSA,A,3,84,69,67,78,68,,,,,,,,2.16,0.96,1.93,2*00
$GNGSA,A,3,,,,,,,,,,,,,2.16,0.96,1.93,3*02
$GNGSA,A,3,07,,,,,,,,,,,,2.16,0.96,1.93,4*02
$GNGSA,A,3,,,,,,,,,,,,,2.16,0.96,1.93,5*04
$GPGSV,3,1,09,04,42,300,25,07,09,218,24,09,15,276,20,16,23,133,32,1*60
$GPGSV,3,2,09,26,32,100,22,28,15,039,40,31,43,042,35,36,53,220,29,1*65
$GPGSV,3,3,09,50,04,096,28,1*59
$GPGSV,1,1,03,40,63,171,,41,44,125,,42,38,118,,0*56
$GLGSV,2,1,06,67,10,072,40,68,36,025,24,69,30,324,32,78,41,070,35,1*75
$GLGSV,2,2,06,83,37,228,19,84,33,297,24,1*77
$GLGSV,2,1,06,70,00,286,,77,02,026,,79,39,143,,80,03,183,,0*72
$GLGSV,2,2,06,80,03,183,,82,05,184,,0*7C
$GAGSV,1,1,03,10,,,19,19,,,23,23,,,22,7*71
$GBGSV,1,1,02,07,34,042,,11,29,241,,0*7F
$GQGSV,1,1,00,0*64
$GNGLL,2520.05765,N,05128.15990,E,114211.00,A,D*7A
$GNRMC,114212.00,A,2520.05792,N,05128.15973,E,0.071,,200726,,,D,V*18
$GNVTG,,T,,M,0.071,N,0.132,K,D*3E
$GNGGA,114212.00,2520.05792,N,05128.15973,E,2,11,1.29,58.6,M,-24.7,M,,*52
$GNGSA,A,3,16,31,26,09,28,,,,,,,,2.48,1.29,2.11,1*05
$GNGSA,A,3,84,69,67,78,68,,,,,,,,2.48,1.29,2.11,2*07
$GNGSA,A,3,,,,,,,,,,,,,2.48,1.29,2.11,3*05
$GNGSA,A,3,07,,,,,,,,,,,,2.48,1.29,2.11,4*05
$GNGSA,A,3,,,,,,,,,,,,,2.48,1.29,2.11,5*03
$GPGSV,3,1,09,04,42,300,21,07,09,218,24,09,15,276,19,16,23,133,32,1*6E
$GPGSV,3,2,09,26,32,100,20,28,15,039,41,31,43,042,35,36,53,220,27,1*68
$GPGSV,3,3,09,50,04,096,27,1*56
$GPGSV,1,1,03,40,63,171,,41,44,125,,42,38,118,,0*56
$GLGSV,2,1,06,67,10,072,42,68,36,025,22,69,30,324,34,78,41,070,38,1*7A
$GLGSV,2,2,06,83,37,228,20,84,33,297,22,1*7B
$GLGSV,2,1,06,70,00,286,,77,02,026,,79,39,143,,80,03,183,,0*72
$GLGSV,2,2,06,80,03,183,,82,05,184,,0*7C
$GAGSV,1,1,03,10,,,20,19,,,24,23,,,19,7*74
$GBGSV,1,1,02,07,34,042,,11,29,241,,0*7F
$GQGSV,1,1,00,0*64
$GNGLL,2520.05792,N,05128.15973,E,114212.00,A,D*7C
$GNRMC,114213.00,A,2520.05809,N,05128.15968,E,0.041,,200726,,,D,V*1D
$GNVTG,,T,,M,0.041,N,0.077,K,D*3D
$GNGGA,114213.00,2520.05809,N,05128.15968,E,2,11,1.12,58.4,M,-24.7,M,,*5E
$GNGSA,A,3,16,31,26,28,04,,,,,,,,2.72,1.12,2.48,1*05
$GNGSA,A,3,84,69,67,78,68,,,,,,,,2.72,1.12,2.48,2*0A
$GNGSA,A,3,,,,,,,,,,,,,2.72,1.12,2.48,3*08
$GNGSA,A,3,07,,,,,,,,,,,,2.72,1.12,2.48,4*08
$GNGSA,A,3,,,,,,,,,,,,,2.72,1.12,2.48,5*0E
$GPGSV,2,1,07,04,42,300,19,07,09,218,23,16,23,133,31,26,32,100,22,1*6C
$GPGSV,2,2,07,28,15,039,35,31,43,042,32,36,53,220,26,1*54
$GPGSV,2,1,05,09,15,276,,40,63,171,,41,44,125,,42,38,118,,0*6D
$GPGSV,2,2,05,42,38,118,,0*55
$GLGSV,2,1,06,67,10,072,42,68,36,025,17,69,30,324,35,78,41,070,34,1*71
$GLGSV,2,2,06,83,37,228,18,84,33,297,24,1*76
$GLGSV,2,1,06,70,00,286,,77,02,026,,79,39,143,,80,03,183,,0*72
$GLGSV,2,2,06,80,03,183,,82,05,184,,0*7C
$GAGSV,1,1,03,10,,,21,19,,,27,23,,,22,7*7E
$GBGSV,1,1,02,07,34,042,,11,29,241,,0*7F
$GQGSV,1,1,00,0*64
$GNGLL,2520.05809,N,05128.15968,E,114213.00,A,D*7A
$GNRMC,114214.00,A,2520.05810,N,05128.15978,E,0.033,,200726,,,D,V*16
$GNVTG,,T,,M,0.033,N,0.060,K,D*3E
$GNGGA,114214.00,2520.05810,N,05128.15978,E,2,11,1.08,58.2,M,-24.7,M,,*5D
$GNGSA,A,3,16,31,26,28,04,,,,,,,,2.37,1.08,2.11,1*03
$GNGSA,A,3,84,69,67,78,68,,,,,,,,2.37,1.08,2.11,2*0C
$GNGSA,A,3,,,,,,,,,,,,,2.37,1.08,2.11,3*0E
$GNGSA,A,3,07,,,,,,,,,,,,2.37,1.08,2.11,4*0E
$GNGSA,A,3,,,,,,,,,,,,,2.37,1.08,2.11,5*08
$GPGSV,2,1,06,04,42,300,20,07,09,218,23,16,23,133,29,26,32,100,23,1*6F
$GPGSV,2,2,06,28,15,039,34,31,43,042,32,1*63
$GPGSV,2,1,05,09,15,276,,40,63,171,,41,44,125,,42,38,118,,0*6D
$GPGSV,2,2,05,42,38,118,,0*55
$GLGSV,2,1,06,67,10,072,41,68,36,025,19,69,30,324,34,78,41,070,32,1*7B
$GLGSV,2,2,06,83,37,228,16,84,33,297,25,1*79
$GLGSV,2,1,06,70,00,286,,77,02,026,,79,39,143,,80,03,183,,0*72
$GLGSV,2,2,06,80,03,183,,82,05,184,,0*7C
$GAGSV,1,1,03,10,,,20,19,,,29,23,,,25,7*76
$GBGSV,1,1,02,07,34,042,,11,29,241,,0*7F
$GQGSV,1,1,00,0*64
$GNGLL,2520.05810,N,05128.15978,E,114214.00,A,D*74
$GNRMC,114215.00,A,2520.05874,N,05128.16022,E,0.021,,200726,,,A,V*16
$GNVTG,,T,,M,0.021,N,0.040,K,A*3A
$GNGGA,114215.00,2520.05874,N,05128.16022,E,1,11,1.03,56.6,M,-24.7,M,,*59
$GNGSA,A,3,16,31,26,28,04,,,,,,,,2.35,1.03,2.11,1*0A
$GNGSA,A,3,84,69,67,78,68,,,,,,,,2.35,1.03,2.11,2*05
$GNGSA,A,3,,,,,,,,,,,,,2.35,1.03,2.11,3*07
$GNGSA,A,3,07,,,,,,,,,,,,2.35,1.03,2.11,4*07
$GNGSA,A,3,,,,,,,,,,,,,2.35,1.03,2.11,5*01
$GPGSV,2,1,07,04,42,300,25,07,09,218,23,09,15,276,23,16,23,133,27,1*6F
$GPGSV,2,2,07,26,32,100,25,28,15,039,34,31,43,042,32,1*51
$GPGSV,1,1,04,40,63,171,,41,44,125,,42,38,118,,50,04,096,,0*6F
$GLGSV,2,1,06,67,10,072,39,68,36,025,29,69,30,324,28,78,41,070,30,1*78
$GLGSV,2,2,06,83,37,228,28,84,33,297,25,1*74
$GLGSV,2,1,06,70,00,286,,77,02,026,,79,39,143,,80,03,183,,0*72
$GLGSV,2,2,06,80,03,183,,82,05,184,,0*7C
$GAGSV,1,1,03,10,,,18,19,,,29,23,,,24,7*7C
$GBGSV,1,1,02,07,34,042,,11,29,241,,0*7F
$GQGSV,1,1,00,0*64
$GNGLL,2520.05874,N,05128.16022,E,114215.00,A,A*77
$GNRMC,114216.00,A,2520.05865,N,05128.16033,E,0.149,,200726,,,A,V*1A
$GNVTG,,T,,M,0.149,N,0.276,K,A*32
$GNGGA,114216.00,2520.05865,N,05128.16033,E,1,12,0.89,56.4,M,-24.7,M,,*58
$GNGSA,A,3,16,31,26,09,28,04,,,,,,,1.98,0.89,1.78,1*08
$GNGSA,A,3,84,69,67,78,68,,,,,,,,1.98,0.89,1.78,2*0E
$GNGSA,A,3,,,,,,,,,,,,,1.98,0.89,1.78,3*0C
$GNGSA,A,3,07,,,,,,,,,,,,1.98,0.89,1.78,4*0C
$GNGSA,A,3,,,,,,,,,,,,,1.98,0.89,1.78,5*0A
$GPGSV,2,1,06,04,42,300,29,09,15,276,25,16,23,133,25,26,32,100,32,1*67
$GPGSV,2,2,06,28,15,039,26,31,43,042,31,1*63
$GPGSV,2,1,05,07,09,218,,40,63,171,,41,44,125,,42,38,118,,0*66
$GPGSV,2,2,05,42,38,118,,0*55
$GLGSV,2,1,06,67,10,072,38,68,36,025,30,69,30,324,18,78,41,070,31,1*73
$GLGSV,2,2,06,83,37,228,21,84,33,297,25,1*7D
$GLGSV,2,1,06,70,00,286,,77,02,026,,79,39,143,,80,03,183,,0*72
$GLGSV,2,2,06,80,03,183,,82,05,184,,0*7C
$GAGSV,1,1,03,10,,,18,19,,,28,23,,,25,7*7C
$GBGSV,1,1,02,07,34,042,,11,29,241,,0*7F
$GQGSV,1,1,00,0*64
$GNGLL,2520.05865,N,05128.16033,E,114216.00,A,A*74
$GNRMC,114217.00,A,2520.05929,N,05128.16043,E,0.400,,200726,,,A,V*1D
$GNVTG,,T,,M,0.400,N,0.742,K,A*38
$GNGGA,114217.00,2520.05929,N,05128.16043,E,1,11,0.94,54.7,M,-24.7,M,,*59
$GNGSA,A,3,16,31,26,09,28,,,,,,,,2.14,0.94,1.92,1*03
$GNGSA,A,3,84,69,67,78,68,,,,,,,,2.14,0.94,1.92,2*01
$GNGSA,A,3,,,,,,,,,,,,,2.14,0.94,1.92,3*03
$GNGSA,A,3,07,,,,,,,,,,,,2.14,0.94,1.92,4*03
$GNGSA,A,3,,,,,,,,,,,,,2.14,0.94,1.92,5*05
$GPGSV,2,1,06,07,09,218,23,09,15,276,26,16,23,133,25,26,32,100,38,1*60
$GPGSV,2,2,06,28,15,039,35,31,43,042,35,1*65
$GPGSV,2,1,05,04,42,300,,40,63,171,,41,44,125,,42,38,118,,0*62
$GPGSV,2,2,05,42,38,118,,0*55
$GLGSV,2,1,06,67,10,072,33,68,36,025,30,69,30,324,32,78,41,070,39,1*78
$GLGSV,2,2,06,83,37,228,24,84,33,297,24,1*79
$GLGSV,2,1,06,70,00,286,,77,02,026,,79,39,143,,80,03,183,,0*72
$GLGSV,2,2,06,80,03,183,,82,05,184,,0*7C
$GAGSV,1,1,03,10,,,17,19,,,26,23,,,26,7*7E
$GBGSV,1,1,02,07,34,042,,11,29,241,,0*7F
$GQGSV,1,1,00,0*64
$GNGLL,2520.05929,N,05128.16043,E,114217.00,A,A*7B
$GNRMC,114218.00,A,2520.05951,N,05128.16054,E,0.122,,200726,,,A,V*1E
$GNVTG,,T,,M,0.122,N,0.227,K,A*3B
$GNGGA,114218.00,2520.05951,N,05128.16054,E,1,11,0.91,53.5,M,-24.7,M,,*5F
$GNGSA,A,3,16,31,26,09,28,,,,,,,,2.10,0.91,1.89,1*08
$GNGSA,A,3,84,69,67,78,68,,,,,,,,2.10,0.91,1.89,2*0A
$GNGSA,A,3,,,,,,,,,,,,,2.10,0.91,1.89,3*08
$GNGSA,A,3,07,,,,,,,,,,,,2.10,0.91,1.89,4*08
$GNGSA,A,3,,,,,,,,,,,,,2.10,0.91,1.89,5*0E
$GPGSV,2,1,07,04,42,300,28,07,09,218,20,09,15,276,22,16,23,133,30,1*66
$GPGSV,2,2,07,26,33,099,32,28,15,039,39,31,43,042,42,1*5D
$GPGSV,1,1,04,40,63,171,,41,44,125,,42,38,118,,50,04,096,,0*6F
$GLGSV,2,1,06,67,10,072,29,68,36,025,30,69,30,324,27,78,41,070,32,1*7C
$GLGSV,2,2,06,83,37,228,25,84,33,297,22,1*7E
$GLGSV,2,1,06,70,00,286,,77,02,026,,79,39,143,,80,03,183,,0*72
$GLGSV,2,2,06,80,03,183,,82,05,184,,0*7C
$GAGSV,1,1,03,10,,,15,19,,,35,23,,,26,7*7E
$GBGSV,1,1,02,07,34,042,,11,29,241,,0*7F
$GQGSV,1,1,00,0*64
$GNGLL,2520.05951,N,05128.16054,E,114218.00,A,A*7D
$GNRMC,114219.00,A,2520.05957,N,05128.16065,E,0.044,,200726,,,A,V*1A
$GNVTG,,T,,M,0.044,N,0.082,K,A*37
$GNGGA,114219.00,2520.05957,N,05128.16065,E,1,12,0.89,52.6,M,-24.7,M,,*52
$GNGSA,A,3,16,31,26,09,28,04,,,,,,,1.98,0.89,1.78,1*08
$GNGSA,A,3,84,69,67,78,68,,,,,,,,1.98,0.89,1.78,2*0E
$GNGSA,A,3,,,,,,,,,,,,,1.98,0.89,1.78,3*0C
$GNGSA,A,3,07,,,,,,,,,,,,1.98,0.89,1.78,4*0C
$GNGSA,A,3,,,,,,,,,,,,,1.98,0.89,1.78,5*0A
$GPGSV,2,1,07,04,42,300,30,07,09,218,17,09,15,276,20,16,23,133,31,1*68
$GPGSV,2,2,07,26,33,099,32,28,15,039,39,31,43,042,45,1*5A
$GPGSV,1,1,04,40,63,171,,41,44,125,,42,38,118,,50,04,096,,0*6F
$GLGSV,2,1,06,67,10,072,37,68,36,025,35,69,30,324,30,78,41,070,26,1*75
$GLGSV,2,2,06,83,37,228,23,84,33,297,20,1*7A
$GLGSV,2,1,06,70,00,286,,77,02,026,,79,39,143,,80,03,183,,0*72
$GLGSV,2,2,06,80,03,183,,82,05,184,,0*7C
$GAGSV,1,1,03,10,,,16,19,,,36,23,,,27,7*7F
$GBGSV,1,1,02,07,34,042,,11,29,241,,0*7F
$GQGSV,1,1,00,0*64
$GNGLL,2520.05957,N,05128.16065,E,114219.00,A,A*78
$GNRMC,114220.00,A,2520.05983,N,05128.16076,E,0.116,,200726,,,A,V*1D
$GNVTG,,T,,M,0.116,N,0.215,K,A*3D
$GNGGA,114220.00,2520.05983,N,05128.16076,E,1,12,0.89,51.8,M,-24.7,M,,*5E
$GNGSA,A,3,16,31,26,09,28,04,,,,,,,1.98,0.89,1.78,1*08
$GNGSA,A,3,84,69,67,78,68,,,,,,,,1.98,0.89,1.78,2*0E
$GNGSA,A,3,,,,,,,,,,,,,1.98,0.89,1.78,3*0C
$GNGSA,A,3,07,,,,,,,,,,,,1.98,0.89,1.78,4*0C
$GNGSA,A,3,,,,,,,,,,,,,1.98,0.89,1.78,5*0A
$GPGSV,2,1,08,04,42,300,23,07,09,218,15,09,15,276,18,16,23,133,30,1*6D
$GPGSV,2,2,08,26,33,099,32,28,15,039,37,31,43,042,36,42,38,118,37,1*6E
$GPGSV,1,1,03,40,63,171,,41,44,125,,50,04,096,,0*5D
$GLGSV,2,1,06,67,10,072,34,68,36,025,44,69,30,324,24,78,41,070,39,1*7B
$GLGSV,2,2,06,83,37,228,22,84,33,297,24,1*7F
$GLGSV,2,1,06,70,00,286,,77,02,026,,79,39,143,,80,03,183,,0*72
$GLGSV,2,2,06,80,03,183,,82,05,184,,0*7C
$GAGSV,1,1,03,10,,,20,19,,,38,23,,,32,7*70
$GBGSV,1,1,02,07,34,042,,11,29,241,,0*7F
$GQGSV,1,1,00,0*64
$GNGLL,2520.05983,N,05128.16076,E,114220.00,A,A*79
$GNRMC,114221.00,A,2520.05999,N,05128.16072,E,0.783,358.20,200726,,,A,V*0B
$GNVTG,358.20,T,,M,0.783,N,1.450,K,A*23
$GNGGA,114221.00,2520.05999,N,05128.16072,E,1,12,0.91,51.0,M,-24.7,M,,*51
$GNGSA,A,3,16,31,26,09,28,04,,,,,,,2.25,0.91,2.06,1*0E
$GNGSA,A,3,84,69,67,78,68,,,,,,,,2.25,0.91,2.06,2*08
$GNGSA,A,3,,,,,,,,,,,,,2.25,0.91,2.06,3*0A
$GNGSA,A,3,07,,,,,,,,,,,,2.25,0.91,2.06,4*0A
$GNGSA,A,3,,,,,,,,,,,,,2.25,0.91,2.06,5*0C
$GPGSV,2,1,08,04,42,300,25,07,09,218,14,09,15,276,27,16,23,133,35,1*63
$GPGSV,2,2,08,26,33,099,35,28,15,039,36,31,43,042,37,42,38,118,33,1*6D
$GPGSV,1,1,03,40,63,171,,41,44,125,,50,04,096,,0*5D
$GLGSV,2,1,06,67,10,072,37,68,36,025,34,69,30,324,30,78,41,070,38,1*7B
$GLGSV,2,2,06,83,37,228,21,84,33,297,26,1*7E
$GLGSV,2,1,06,70,00,286,,77,02,026,,79,39,143,,80,03,183,,0*72
$GLGSV,2,2,06,80,03,183,,82,05,184,,0*7C
$GAGSV,1,1,03,10,,,23,19,,,29,23,,,30,7*71
$GBGSV,1,1,02,07,34,042,,11,29,241,,0*7F
$GQGSV,1,1,00,0*64
$GNGLL,2520.05999,N,05128.16072,E,114221.00,A,A*77
$GNRMC,114222.00,A,2520.06003,N,05128.16103,E,0.127,,200726,,,A,V*1C
$GNVTG,,T,,M,0.127,N,0.235,K,A*3D
$GNGGA,114222.00,2520.06003,N,05128.16103,E,1,12,0.91,50.7,M,-24.7,M,,*5A
$GNGSA,A,3,16,31,26,09,28,04,,,,,,,2.10,0.91,1.89,1*0C
$GNGSA,A,3,84,69,67,78,68,,,,,,,,2.10,0.91,1.89,2*0A
$GNGSA,A,3,,,,,,,,,,,,,2.10,0.91,1.89,3*08
$GNGSA,A,3,07,,,,,,,,,,,,2.10,0.91,1.89,4*08
$GNGSA,A,3,,,,,,,,,,,,,2.10,0.91,1.89,5*0E
$GPGSV,2,1,08,04,42,300,31,07,09,218,15,09,15,276,25,16,23,133,31,1*61
$GPGSV,2,2,08,26,33,099,34,28,15,039,37,31,43,042,34,42,38,118,33,1*6E
$GPGSV,1,1,03,40,63,171,,41,44,125,,50,04,096,,0*5D
$GLGSV,2,1,06,67,10,072,35,68,36,025,33,69,30,324,31,78,41,070,27,1*71
$GLGSV,2,2,06,83,37,228,21,84,33,297,32,1*7B
$GLGSV,2,1,06,70,00,286,,77,02,026,,79,39,143,,80,03,183,,0*72
$GLGSV,2,2,06,80,03,183,,82,05,184,,0*7C
$GAGSV,1,1,03,10,,,25,19,,,29,23,,,26,7*70
$GBGSV,1,1,02,07,34,042,,11,29,241,,0*7F
$GQGSV,1,1,00,0*64
$GNGLL,2520.06003,N,05128.16103,E,114222.00,A,A*7A
$GNRMC,114223.00,A,2520.06014,N,05128.16138,E,0.047,,200726,,,A,V*14
$GNVTG,,T,,M,0.047,N,0.088,K,A*3E
$GNGGA,114223.00,2520.06014,N,05128.16138,E,1,12,0.89,50.0,M,-24.7,M,,*5B
$GNGSA,A,3,16,31,26,09,28,04,,,,,,,1.98,0.89,1.78,1*08
$GNGSA,A,3,84,69,67,78,68,,,,,,,,1.98,0.89,1.78,2*0E
$GNGSA,A,3,,,,,,,,,,,,,1.98,0.89,1.78,3*0C
$GNGSA,A,3,07,,,,,,,,,,,,1.98,0.89,1.78,4*0C
$GNGSA,A,3,,,,,,,,,,,,,1.98,0.89,1.78,5*0A
$GPGSV,2,1,08,04,42,300,30,07,09,218,14,09,15,276,26,16,23,133,22,1*60
$GPGSV,2,2,08,26,33,099,37,28,15,039,39,31,43,042,33,42,38,118,35,1*62
$GPGSV,1,1,03,40,63,171,,41,44,125,,50,04,096,,0*5D
$GLGSV,2,1,06,67,10,072,36,68,36,025,35,69,30,324,32,78,41,070,34,1*75
$GLGSV,2,2,06,83,37,228,29,84,33,297,31,1*70
$GLGSV,2,1,06,70,00,286,,77,02,026,,79,39,143,,80,03,183,,0*72
$GLGSV,2,2,06,80,03,183,,82,05,184,,0*7C
$GAGSV,1,1,03,10,,,25,19,,,30,23,,,32,7*7D
$GBGSV,1,1,02,07,34,042,,11,29,241,,0*7F
$GQGSV,1,1,00,0*64
$GNGLL,2520.06014,N,05128.16138,E,114223.00,A,A*75
$GNRMC,114224.00,A,2520.06025,N,05128.16187,E,0.077,,200726,,,A,V*16
$GNVTG,,T,,M,0.077,N,0.143,K,A*3B
$GNGGA,114224.00,2520.06025,N,05128.16187,E,1,12,0.89,49.7,M,-24.7,M,,*55
$GNGSA,A,3,16,31,26,09,28,04,,,,,,,1.98,0.89,1.78,1*08
$GNGSA,A,3,84,69,67,78,68,,,,,,,,1.98,0.89,1.78,2*0E
$GNGSA,A,3,,,,,,,,,,,,,1.98,0.89,1.78,3*0C
$GNGSA,A,3,07,,,,,,,,,,,,1.98,0.89,1.78,4*0C
$GNGSA,A,3,,,,,,,,,,,,,1.98,0.89,1.78,5*0A
$GPGSV,3,1,09,04,42,300,30,07,09,218,13,09,15,276,26,16,23,133,22,1*67
$GPGSV,3,2,09,24,,,16,26,33,099,36,28,15,039,39,31,43,042,34,1*56
$GPGSV,3,3,09,42,38,118,34,1*5F
$GPGSV,1,1,03,40,63,171,,41,44,125,,50,04,096,,0*5D
$GLGSV,2,1,06,67,10,072,35,68,36,025,35,69,30,324,33,78,41,070,31,1*72
$GLGSV,2,2,06,83,37,228,29,84,33,297,32,1*73
$GLGSV,2,1,06,70,00,286,,77,02,026,,79,39,143,,80,03,183,,0*72
$GLGSV,2,2,06,80,03,183,,82,05,184,,0*7C
$GAGSV,1,1,03,10,,,25,19,,,31,23,,,32,7*7C
$GBGSV,1,1,02,07,34,042,,11,29,241,,0*7F
$GQGSV,1,1,00,0*64
$GNGLL,2520.06025,N,05128.16187,E,114224.00,A,A*74
$GNRMC,114225.00,A,2520.06032,N,05128.16224,E,0.081,,200726,,,A,V*12
$GNVTG,,T,,M,0.081,N,0.149,K,A*38
$GNGGA,114225.00,2520.06032,N,05128.16224,E,1,12,0.89,49.7,M,-24.7,M,,*58
$GNGSA,A,3,16,31,26,09,28,04,,,,,,,1.98,0.89,1.78,1*08
$GNGSA,A,3,84,69,67,78,68,,,,,,,,1.98,0.89,1.78,2*0E
$GNGSA,A,3,,,,,,,,,,,,,1.98,0.89,1.78,3*0C
$GNGSA,A,3,07,,,,,,,,,,,,1.98,0.89,1.78,4*0C
$GNGSA,A,3,,,,,,,,,,,,,1.98,0.89,1.78,5*0A
$GPGSV,3,1,09,04,42,300,30,07,09,218,13,09,15,276,26,16,23,133,21,1*64
$GPGSV,3,2,09,24,,,16,26,33,099,36,28,15,039,38,31,43,042,34,1*57
$GPGSV,3,3,09,42,38,118,33,1*58
$GPGSV,1,1,03,40,63,171,,41,44,125,,50,04,096,,0*5D
$GLGSV,2,1,06,67,10,072,34,68,36,025,34,69,30,324,32,78,41,070,31,1*73
$GLGSV,2,2,06,83,37,228,29,84,33,297,31,1*70
$GLGSV,2,1,06,70,00,286,,77,02,026,,79,39,143,,80,03,183,,0*72
$GLGSV,2,2,06,80,03,183,,82,05,184,,0*7C
$GAGSV,1,1,03,10,,,26,19,,,31,23,,,32,7*7F
$GBGSV,1,1,02,07,34,042,,11,29,241,,0*7F
$GQGSV,1,1,00,0*64
$GNGLL,2520.06032,N,05128.16224,E,114225.00,A,A*79
$GNRMC,114226.00,A,2520.06037,N,05128.16242,E,0.062,,200726,,,A,V*19
$GNVTG,,T,,M,0.062,N,0.115,K,A*3C
$GNGGA,114226.00,2520.06037,N,05128.16242,E,1,12,0.89,49.5,M,-24.7,M,,*5C
$GNGSA,A,3,16,31,26,09,28,04,,,,,,,1.98,0.89,1.78,1*08
$GNGSA,A,3,84,69,67,78,68,,,,,,,,1.98,0.89,1.78,2*0E
$GNGSA,A,3,,,,,,,,,,,,,1.98,0.89,1.78,3*0C
$GNGSA,A,3,07,,,,,,,,,,,,1.98,0.89,1.78,4*0C
$GNGSA,A,3,,,,,,,,,,,,,1.98,0.89,1.78,5*0A
$GPGSV,3,1,09,04,42,300,30,07,09,218,11,09,15,276,27,16,23,133,20,1*66
$GPGSV,3,2,09,24,,,17,26,33,099,36,28,15,039,38,31,43,042,33,1*51
$GPGSV,3,3,09,42,38,118,33,1*58
$GPGSV,1,1,03,40,63,171,,41,44,125,,50,04,096,,0*5D
$GLGSV,2,1,06,67,10,072,34,68,36,025,34,69,30,324,31,78,41,070,31,1*70
$GLGSV,2,2,06,83,37,228,29,84,33,297,30,1*71
$GLGSV,2,1,06,70,00,286,,77,02,026,,79,39,143,,80,03,183,,0*72
$GLGSV,2,2,06,80,03,183,,82,05,184,,0*7C
$GAGSV,1,1,03,10,,,26,19,,,31,23,,,32,7*7F
$GBGSV,1,1,02,07,34,042,,11,29,241,,0*7F
$GQGSV,1,1,00,0*64
$GNGLL,2520.06037,N,05128.16242,E,114226.00,A,A*7F
$GNRMC,114227.00,A,2520.06040,N,05128.16252,E,0.017,,200726,,,A,V*1B
$GNVTG,,T,,M,0.017,N,0.032,K,A*3A
$GNGGA,114227.00,2520.06040,N,05128.16252,E,1,12,0.89,49.1,M,-24.7,M,,*58
$GNGSA,A,3,16,31,26,09,28,04,,,,,,,1.98,0.89,1.78,1*08
$GNGSA,A,3,84,69,67,78,68,,,,,,,,1.98,0.89,1.78,2*0E
$GNGSA,A,3,,,,,,,,,,,,,1.98,0.89,1.78,3*0C
$GNGSA,A,3,07,,,,,,,,,,,,1.98,0.89,1.78,4*0C
$GNGSA,A,3,,,,,,,,,,,,,1.98,0.89,1.78,5*0A
$GPGSV,3,1,10,04,42,300,30,07,09,218,09,09,15,276,27,16,23,133,19,1*6D
$GPGSV,3,2,10,24,,,17,26,33,099,37,28,15,039,38,31,43,042,33,1*58
$GPGSV,3,3,10,40,63,171,30,42,38,118,34,1*62
$GPGSV,1,1,02,41,44,125,,50,04,096,,0*6A
$GLGSV,2,1,06,67,10,072,34,68,36,025,34,69,30,324,31,78,41,070,33,1*72
$GLGSV,2,2,06,83,37,228,29,84,33,297,31,1*70
$GLGSV,2,1,06,70,00,286,,77,02,026,,79,39,143,,80,03,183,,0*72
$GLGSV,2,2,06,80,03,183,,82,05,184,,0*7C
$GAGSV,1,1,04,10,,,26,19,,,31,21,,,34,23,,,33,7*7D
$GBGSV,1,1,02,07,34,042,,11,29,241,,0*7F
$GQGSV,1,1,00,0*64
$GNGL