$GPRMC,,V,,,,,,,,,,N*53
$GPVTG,,,,,,,,,N*30
$GPGGA,,,,,,0,00,99.99,,,,,,*48
$GPGSA,A,1,,,,,,,,,,,,,99.99,99.99,99.99*30
$GPGSV,1,1,01,04,,,08*74
$GPGLL,,,,,,V,N*64
$GPTXT,01,01,01,PQTM inv format*24
$GPRMC,,V,,,,,,,,,,N*53
$GPVTG,,,,,,,,,N*30
$GPGGA,,,,,,0,00,99.99,,,,,,*48
$GPGSA,A,1,,,,,,,,,,,,,99.99,99.99,99.99*30
$GPGSV,1,1,00*79
$GPGLL,,,,,,V,N*64
$GPRMC,,V,,,,,,,,,,N*53
$GPVTG,,,,,,,,,N*30
$GPGGA,,,,,,0,00,99.99,,,,,,*48
$GPGSA,A,1,,,,,,,,,,,,,99.99,99.99,99.99*30
$GPGSV,1,1,00*79
$GPGLL,,,,,,V,N*64
$GPRMC,,V,,,,,,,,,,N*53
$GPVTG,,,,,,,,,N*30
$GPGGA,,,,,,0,00,99.99,,,,,,*48
$GPGSA,A,1,,,,,,,,,,,,,99.99,99.99,99.99*30
$GPGSV,1,1,00*79
$GPGLL,,,,,,V,N*64
$GPRMC,,V,,,,,,,,,,N*53
$GPVTG,,,,,,,,,N*30
$GPGGA,,,,,,0,00,99.99,,,,,,*48
$GPGSA,A,1,,,,,,,,,,,,,99.99,99.99,99.99*30
$GPGSV,1,1,00*79
$GPGLL,,,,,,V,N*64
$GPRMC,,V,,,,,,,,,,N*53
$GPVTG,,,,,,,,,N*30
$GPGGA,,,,,,0,00,99.99,,,,,,*48
$GPGSA,A,1,,,,,,,,,,,,,99.99,99.99,99.99*30
$GPGSV,1,1,00*79
$GPGLL,,,,,,V,N*64
$GPRMC,,V,,,,,,,,,,N*53
$GPVTG,,,,,,,,,N*30
$GPGGA,,,,,,0,00,99.99,,,,,,*48
$GPGSA,A,1,,,,,,,,,,,,,99.99,99.99,99.99*30
$GPGSV,1,1,01,08,,,25*77
$GPGLL,,,,,,V,N*64
$GPRMC,,V,,,,,,,,,,N*53
$GPVTG,,,,,,,,,N*30
$GPGGA,,,,,,0,00,99.99,,,,,,*48
$GPGSA,A,1,,,,,,,,,,,,,99.99,99.99,99.99*30
$GPGSV,1,1,01,08,,,24*76
$GPGLL,,,,,,V,N*64
$GPRMC,,V,,,,,,,,,,N*53
$GPVTG,,,,,,,,,N*30
$GPGGA,,,,,,0,00,99.99,,,,,,*48
$GPGSA,A,1,,,,,,,,,,,,,99.99,99.99,99.99*30
$GPGSV,1,1,01,08,,,22*70
$GPGLL,,,,,,V,N*64
$GPRMC,,V,,,,,,,,,,N*53
$GPVTG,,,,,,,,,N*30
$GPGGA,,,,,,0,00,99.99,,,,,,*48
$GPGSA,A,1,,,,,,,,,,,,,99.99,99.99,99.99*30
$GPGSV,1,1,02,08,,,20,10,,,29*7B
$GPGLL,,,,,,V,N*64
$GPRMC,,V,,,,,,,,,,N*53
$GPVTG,,,,,,,,,N*30
$GPGGA,,,,,,0,00,99.99,,,,,,*48
$GPGSA,A,1,,,,,,,,,,,,,99.99,99.99,99.99*30
$GPGSV,1,1,03,08,,,20,10,,,25,31,,,34*73
$GPGLL,,,,,,V,N*64
$GPRMC,,V,,,,,,,,,,N*53
$GPVTG,,,,,,,,,N*30
$GPGGA,,,,,,0,00,99.99,,,,,,*48
$GPGSA,A,1,,,,,,,,,,,,,99.99,99.99,99.99*30
$GPGSV,1,1,03,08,,,18,10,,,23,31,,,36*7C
$GPGLL,,,,,,V,N*64
$GPRMC,,V,,,,,,,,,,N*53
$GPVTG,,,,,,,,,N*30
$GPGGA,,,,,,0,00,99.99,,,,,,*48
$GPGSA,A,1,,,,,,,,,,,,,99.99,99.99,99.99*30
$GPGSV,1,1,03,08,,,17,10,,,21,31,,,36*71
$GPGLL,,,,,,V,N*64
$GPRMC,,V,,,,,,,,,,N*53
$GPVTG,,,,,,,,,N*30
$GPGGA,,,,,,0,00,99.99,,,,,,*48
$GPGSA,A,1,,,,,,,,,,,,,99.99,99.99,99.99*30
$GPGSV,1,1,04,08,,,17,10,,,18,11,,,28,31,,,31*71
$GPGLL,,,,,,V,N*64
$GPRMC,,V,,,,,,,,,,N*53
$GPVTG,,,,,,,,,N*30
$GPGGA,,,,,,0,00,99.99,,,,,,*48
$GPGSA,A,1,,,,,,,,,,,,,99.99,99.99,99.99*30
$GPGSV,1,1,04,08,,,15,10,,,18,28,,,42,31,,,32*76
$GPGLL,,,,,,V,N*64
$GPRMC,,V,,,,,,,,,,N*53
$GPVTG,,,,,,,,,N*30
$GPGGA,,,,,,0,00,99.99,,,,,,*48
$GPGSA,A,1,,,,,,,,,,,,,99.99,99.99,99.99*30
$GPGSV,2,1,05,08,,,16,10,,,19,12,,,25,28,,,42*71
$GPGSV,2,2,05,31,,,33*7E
$GPGLL,,,,,,V,N*64
$GPRMC,,V,,,,,,,,,,N*53
$GPVTG,,,,,,,,,N*30
$GPGGA,,,,,,0,00,99.99,,,,,,*48
$GPGSA,A,1,,,,,,,,,,,,,99.99,99.99,99.99*30
$GPGSV,2,1,06,08,,,17,10,,,19,12,,,23,17,,,26*7B
$GPGSV,2,2,06,28,,,42,31,,,34*76
$GPGLL,,,,,,V,N*64
$GPRMC,,V,,,,,,,,,,N*53
$GPVTG,,,,,,,,,N*30
$GPGGA,,,,,,0,00,99.99,,,,,,*48
$GPGSA,A,1,,,,,,,,,,,,,99.99,99.99,99.99*30
$GPGSV,2,1,06,08,,,17,10,,,19,17,,,24,18,,,28*78
$GPGSV,2,2,06,28,,,43,31,,,23*71
$GPGLL,,,,,,V,N*64
$GPRMC,,V,,,,,,,,,,N*53
$GPVTG,,,,,,,,,N*30
$GPGGA,,,,,,0,00,99.99,,,,,,*48
$GPGSA,A,1,,,,,,,,,,,,,99.99,99.99,99.99*30
$GPGSV,2,1,06,08,,,16,10,,,18,19,,,26,20,,,25*72
$GPGSV,2,2,06,28,,,43,31,,,26*74
$GPGLL,,,,,,V,N*64
$GPRMC,,V,,,,,,,,,,N*53
$GPVTG,,,,,,,,,N*30
$GPGGA,,,,,,0,00,99.99,,,,,,*48
$GPGSA,A,1,,,,,,,,,,,,,99.99,99.99,99.99*30
$GPGSV,2,1,06,08,,,16,10,,,16,19,,,23,20,,,23*7F
$GPGSV,2,2,06,28,,,38,31,,,26*78
$GPGLL,,,,,,V,N*64
$GPRMC,,V,,,,,,,,,,N*53
$GPVTG,,,,,,,,,N*30
$GPGGA,,,,,,0,00,99.99,,,,,,*48
$GPGSA,A,1,,,,,,,,,,,,,99.99,99.99,99.99*30
$GPGSV,2,1,06,08,,,15,10,,,15,19,,,19,20,,,20*75
$GPGSV,2,2,06,28,,,36,31,,,26*76
$GPGLL,,,,,,V,N*64
$GPRMC,,V,,,,,,,,,,N*53
$GPVTG,,,,,,,,,N*30
$GPGGA,,,,,,0,00,99.99,,,,,,*48
$GPGSA,A,1,,,,,,,,,,,,,99.99,99.99,99.99*30
$GPGSV,2,1,06,08,,,14,10,,,14,19,,,11,22,,,28*77
$GPGSV,2,2,06,28,,,38,31,,,27*79
$GPGLL,,,,,,V,N*64
$GPRMC,,V,,,,,,,,,,N*53
$GPVTG,,,,,,,,,N*30
$GPGGA,,,,,,0,00,99.99,,,,,,*48
$GPGSA,A,1,,,,,,,,,,,,,99.99,99.99,99.99*30
$GPGSV,2,1,05,08,,,11,10,,,11,19,,,10,28,,,21*76
$GPGSV,2,2,05,31,,,27*7B
$GPGLL,,,,,,V,N*64
$GPRMC,,V,,,,,,,,,,N*53
$GPVTG,,,,,,,,,N*30
$GPGGA,,,,,,0,00,99.99,,,,,,*48
$GPGSA,A,1,,,,,,,,,,,,,99.99,99.99,99.99*30
$GPGSV,1,1,04,08,,,12,10,,,10,28,,,34,31,,,32*78
$GPGLL,,,,,,V,N*64
$GPRMC,,V,,,,,,,,,,N*53
$GPVTG,,,,,,,,,N*30
$GPGGA,,,,,,0,00,99.99,,,,,,*48
$GPGSA,A,1,,,,,,,,,,,,,99.99,99.99,99.99*30
$GPGSV,2,1,05,08,,,11,10,,,09,26,,,26,28,,,30*76
$GPGSV,2,2,05,31,,,26*7A
$GPGLL,,,,,,V,N*64
$GPRMC,,V,,,,,,,,,,N*53
$GPVTG,,,,,,,,,N*30
$GPGGA,,,,,,0,00,99.99,,,,,,*48
$GPGSA,A,1,,,,,,,,,,,,,99.99,99.99,99.99*30
$GPGSV,1,1,04,08,,,13,26,,,24,28,,,23,31,,,24*7A
$GPGLL,,,,,,V,N*64
$GPRMC,,V,,,,,,,,,,N*53
$GPVTG,,,,,,,,,N*30
$GPGGA,,,,,,0,00,99.99,,,,,,*48
$GPGSA,A,1,,,,,,,,,,,,,99.99,99.99,99.99*30
$GPGSV,1,1,04,08,,,11,26,,,24,28,,,23,31,,,30*7D
$GPGLL,,,,,,V,N*64
$GPRMC,,V,,,,,,,,,,N*53
$GPVTG,,,,,,,,,N*30
$GPGGA,,,,,,0,00,99.99,,,,,,*48
$GPGSA,A,1,,,,,,,,,,,,,99.99,99.99,99.99*30
$GPGSV,1,1,04,08,,,09,26,,,21,28,,,22,31,,,21*70
$GPGLL,,,,,,V,N*64
$GPRMC,,V,,,,,,,,,,N*53
$GPVTG,,,,,,,,,N*30
$GPGGA,,,,,,0,00,99.99,,,,,,*48
$GPGSA,A,1,,,,,,,,,,,,,99.99,99.99,99.99*30
$GPGSV,1,1,04,08,,,08,25,,,28,28,,,21,31,,,20*79
$GPGLL,,,,,,V,N*64
$GPRMC,,V,,,,,,,,,,N*53
$GPVTG,,,,,,,,,N*30
$GPGGA,,,,,,0,00,99.99,,,,,,*48
$GPGSA,A,1,,,,,,,,,,,,,99.99,99.99,99.99*30
$GPGSV,2,1,05,08,,,08,25,,,22,26,,,30,28,,,20*77
$GPGSV,2,2,05,31,,,30*7D
$GPGLL,,,,,,V,N*64
$GPRMC,,V,,,,,,,,,,N*53
$GPVTG,,,,,,,,,N*30
$GPGGA,,,,,,0,00,99.99,,,,,,*48
$GPGSA,A,1,,,,,,,,,,,,,99.99,99.99,99.99*30
$GPGSV,2,1,05,08,,,34,25,,,20,26,,,29,28,,,24*76
$GPGSV,2,2,05,31,,,30*7D
$GPGLL,,,,,,V,N*64
$GPRMC,,V,,,,,,,,,,N*53
$GPVTG,,,,,,,,,N*30
$GPGGA,,,,,,0,00,99.99,,,,,,*48
$GPGSA,A,1,,,,,,,,,,,,,99.99,99.99,99.99*30
$GPGSV,2,1,05,08,,,35,25,,,16,26,,,27,28,,,24*7C
$GPGSV,2,2,05,31,,,29*75
$GPGLL,,,,,,V,N*64
$GPRMC,,V,,,,,,,,,,N*53
$GPVTG,,,,,,,,,N*30
$GPGGA,,,,,,0,00,99.99,,,,,,*48
$GPGSA,A,1,,,,,,,,,,,,,99.99,99.99,99.99*30
$GPGSV,2,1,05,08,,,36,25,,,16,26,,,25,28,,,23*7A
$GPGSV,2,2,05,31,,,28*74
$GPGLL,,,,,,V,N*64
$GPRMC,,V,,,,,,,,,,N*53
$GPVTG,,,,,,,,,N*30
$GPGGA,,,,,,0,00,99.99,,,,,,*48
$GPGSA,A,1,,,,,,,,,,,,,99.99,99.99,99.99*30
$GPGSV,2,1,06,08,,,32,25,,,15,26,,,26,27,,,28*79
$GPGSV,2,2,06,28,,,25,31,,,29*7B
$GPGLL,,,,,,V,N*64
$GPRMC,,V,,,,,,,,,,N*53
$GPVTG,,,,,,,,,N*30
$GPGGA,,,,,,0,00,99.99,,,,,,*48
$GPGSA,A,1,,,,,,,,,,,,,99.99,99.99,99.99*30
$GPGSV,2,1,05,08,,,33,26,,,26,27,,,24,28,,,27*7B
$GPGSV,2,2,05,31,,,28*74
$GPGLL,,,,,,V,N*64
$GPRMC,,V,,,,,,,,,,N*53
$GPVTG,,,,,,,,,N*30
$GPGGA,,,,,,0,00,99.99,,,,,,*48
$GPGSA,A,1,,,,,,,,,,,,,99.99,99.99,99.99*30
$GPGSV,2,1,05,08,,,31,26,,,26,27,,,22,28,,,28*70
$GPGSV,2,2,05,31,,,28*74
$GPGLL,,,,,,V,N*64
$GPRMC,,V,,,,,,,,,,N*53
$GPVTG,,,,,,,,,N*30
$GPGGA,,,,,,0,00,99.99,,,,,,*48
$GPGSA,A,1,,,,,,,,,,,,,99.99,99.99,99.99*30
$GPGSV,1,1,04,08,,,28,26,,,32,28,,,30,31,,,28*7B
$GPGLL,,,,,,V,N*64
$GPRMC,,V,,,,,,,,,,N*53
$GPVTG,,,,,,,,,N*30
$GPGGA,,,,,,0,00,99.99,,,,,,*48
$GPGSA,A,1,,,,,,,,,,,,,99.99,99.99,99.99*30
$GPGSV,1,1,04,08,,,19,26,,,31,28,,,24,31,,,27*70
$GPGLL,,,,,,V,N*64
$GPRMC,,V,,,,,,,,,,N*53
$GPVTG,,,,,,,,,N*30
$GPGGA,,,,,,0,00,99.99,,,,,,*48
$GPGSA,A,1,,,,,,,,,,,,,99.99,99.99,99.99*30
$GPGSV,1,1,04,08,,,21,26,,,31,28,,,27,31,,,26*79
$GPGLL,,,,,,V,N*64
$GPRMC,,V,,,,,,,,,,N*53
$GPVTG,,,,,,,,,N*30
$GPGGA,,,,,,0,00,99.99,,,,,,*48
$GPGSA,A,1,,,,,,,,,,,,,99.99,99.99,99.99*30
$GPGSV,1,1,04,08,,,23,26,,,31,28,,,28,31,,,26*74
$GPGLL,,,,,,V,N*64
$GPRMC,,V,,,,,,,,,,N*53
$GPVTG,,,,,,,,,N*30
$GPGGA,,,,,,0,00,99.99,,,,,,*48
$GPGSA,A,1,,,,,,,,,,,,,99.99,99.99,99.99*30
$GPGSV,1,1,04,08,,,22,26,,,31,28,,,32,31,,,26*7E
$GPGLL,,,,,,V,N*64
$GPRMC,,V,,,,,,,,,,N*53
$GPVTG,,,,,,,,,N*30
$GPGGA,,,,,,0,00,99.99,,,,,,*48
$GPGSA,A,1,,,,,,,,,,,,,99.99,99.99,99.99*30
$GPGSV,1,1,04,08,,,22,26,,,32,28,,,31,31,,,26*7E
$GPGLL,,,,,,V,N*64
$GPRMC,,V,,,,,,,,,,N*53
$GPVTG,,,,,,,,,N*30
$GPGGA,,,,,,0,00,99.99,,,,,,*48
$GPGSA,A,1,,,,,,,,,,,,,99.99,99.99,99.99*30
$GPGSV,1,1,04,08,,,21,26,,,31,28,,,31,31,,,26*7E
$GPGLL,,,,,,V,N*64
$GPRMC,,V,,,,,,,,,,N*53
$GPVTG,,,,,,,,,N*30
$GPGGA,,,,,,0,00,99.99,,,,,,*48
$GPGSA,A,1,,,,,,,,,,,,,99.99,99.99,99.99*30
$GPGSV,1,1,04,08,,,21,26,,,32,28,,,25,31,,,27*79
$GPGLL,,,,,,V,N*64
$GPRMC,,V,,,,,,,,,,N*53
$GPVTG,,,,,,,,,N*30
$GPGGA,,,,,,0,00,99.99,,,,,,*48
$GPGSA,A,1,,,,,,,,,,,,,99.99,99.99,99.99*30
$GPGSV,1,1,04,08,,,22,26,,,32,28,,,27,31,,,26*79
$GPGLL,,,,,,V,N*64
$GPRMC,,V,,,,,,,,,,N*53
$GPVTG,,,,,,,,,N*30
$GPGGA,,,,,,0,00,99.99,,,,,,*48
$GPGSA,A,1,,,,,,,,,,,,,99.99,99.99,99.99*30
$GPGSV,1,1,04,08,,,21,26,,,32,28,,,30,31,,,26*7C
$GPGLL,,,,,,V,N*64
$GPRMC,,V,,,,,,,,,,N*53
$GPVTG,,,,,,,,,N*30
$GPGGA,,,,,,0,00,99.99,,,,,,*48
$GPGSA,A,1,,,,,,,,,,,,,99.99,99.99,99.99*30
$GPGSV,1,1,04,08,,,21,26,,,32,28,,,30,31,,,25*7F
$GPGLL,,,,,,V,N*64
$GPRMC,,V,,,,,,,,,,N*53
$GPVTG,,,,,,,,,N*30
$GPGGA,,,,,,0,00,99.99,,,,,,*48
$GPGSA,A,1,,,,,,,,,,,,,99.99,99.99,99.99*30
$GPGSV,1,1,04,08,,,22,26,,,32,28,,,29,31,,,24*75
$GPGLL,,,,,,V,N*64
$GPRMC,,V,,,,,,,,,,N*53
$GPVTG,,,,,,,,,N*30
$GPGGA,,,,,,0,00,99.99,,,,,,*48
$GPGSA,A,1,,,,,,,,,,,,,99.99,99.99,99.99*30
$GPGSV,2,1,05,08,,,22,26,,,30,28,,,30,29,,,24*74
$GPGSV,2,2,05,31,,,25*79
$GPGLL,,,,,,V,N*64
$GPRMC,,V,,,,,,,,,,N*53
$GPVTG,,,,,,,,,N*30
$GPGGA,,,,,,0,00,99.99,,,,,,*48
$GPGSA,A,1,,,,,,,,,,,,,99.99,99.99,99.99*30
$GPGSV,2,1,05,08,,,24,26,,,29,28,,,29,29,,,20*76
$GPGSV,2,2,05,31,,,25*79
$GPGLL,,,,,,V,N*64
$GPRMC,,V,,,,,,,,,,N*53
$GPVTG,,,,,,,,,N*30
$GPGGA,,,,,,0,00,99.99,,,,,,*48
$GPGSA,A,1,,,,,,,,,,,,,99.99,99.99,99.99*30
$GPGSV,1,1,04,08,,,27,26,,,28,28,,,27,31,,,25*74
$GPGLL,,,,,,V,N*64
$GPRMC,,V,,,,,,,,,,N*53
$GPVTG,,,,,,,,,N*30
$GPGGA,,,,,,0,00,99.99,,,,,,*48
$GPGSA,A,1,,,,,,,,,,,,,99.99,99.99,99.99*30
$GPGSV,1,1,04,08,,,30,26,,,30,28,,,27,31,,,26*78
$GPGLL,,,,,,V,N*64
$GPRMC,,V,,,,,,,,,,N*53
$GPVTG,,,,,,,,,N*30
$GPGGA,,,,,,0,00,99.99,,,,,,*48
$GPGSA,A,1,,,,,,,,,,,,,99.99,99.99,99.99*30
$GPGSV,1,1,04,08,,,29,26,,,29,28,,,26,31,,,25*7A
$GPGLL,,,,,,V,N*64
$GPRMC,,V,,,,,,,,,,N*53
$GPVTG,,,,,,,,,N*30
$GPGGA,,,,,,0,00,99.99,,,,,,*48
$GPGSA,A,1,,,,,,,,,,,,,99.99,99.99,99.99*30
$GPGSV,2,1,05,08,,,27,26,,,29,28,,,27,30,,,24*77
$GPGSV,2,2,05,31,,,24*78
$GPGLL,,,,,,V,N*64
$GPRMC,,V,,,,,,,,,,N*53
$GPVTG,,,,,,,,,N*30
$GPGGA,,,,,,0,00,99.99,,,,,,*48
$GPGSA,A,1,,,,,,,,,,,,,99.99,99.99,99.99*30
$GPGSV,1,1,04,08,,,26,26,,,29,28,,,28,31,,,24*7A
$GPGLL,,,,,,V,N*64
$GPRMC,,V,,,,,,,,,,N*53
$GPVTG,,,,,,,,,N*30
$GPGGA,,,,,,0,00,99.99,,,,,,*48
$GPGSA,A,1,,,,,,,,,,,,,99.99,99.99,99.99*30
$GPGSV,2,1,05,08,,,33,26,,,29,28,,,27,31,,,25*72
$GPGSV,2,2,05,32,,,31*7F
$GPGLL,,,,,,V,N*64
$GPRMC,,V,,,,,,,,,,N*53
$GPVTG,,,,,,,,,N*30
$GPGGA,,,,,,0,00,99.99,,,,,,*48
$GPGSA,A,1,,,,,,,,,,,,,99.99,99.99,99.99*30
$GPGSV,2,1,06,01,,,28,08,,,32,26,,,27,28,,,25*72
$GPGSV,2,2,06,31,,,26,32,,,30*7B
$GPGLL,,,,,,V,N*64
$GPRMC,112611.00,V,,,,,,,,,,N*79
$GPVTG,,,,,,,,,N*30
$GPGGA,112611.00,,,,,0,00,99.99,,,,,,*62
$GPGSA,A,1,,,,,,,,,,,,,99.99,99.99,99.99*30
$GPGSV,2,1,06,01,,,27,08,,,31,26,,,28,28,,,26*72
$GPGSV,2,2,06,31,,,26,32,,,30*7B
$GPGLL,,,,,112611.00,V,N*4E
$GPRMC,112612.00,V,,,,,,,,,,N*7A
$GPVTG,,,,,,,,,N*30
$GPGGA,112612.00,,,,,0,00,99.99,,,,,,*61
$GPGSA,A,1,,,,,,,,,,,,,99.99,99.99,99.99*30
$GPGSV,2,1,08,01,,,26,02,,,31,03,,,28,08,,,31*74
$GPGSV,2,2,08,26,,,29,28,,,27,31,,,26,32,,,30*75
$GPGLL,,,,,112612.00,V,N*4D
$GPRMC,112613.00,V,,,,,,,,,,N*7B
$GPVTG,,,,,,,,,N*30
$GPGGA,112613.00,,,,,0,00,99.99,,,,,,*60
$GPGSA,A,1,,,,,,,,,,,,,99.99,99.99,99.99*30
$GPGSV,2,1,08,01,,,24,02,,,26,04,,,29,08,,,32*75
$GPGSV,2,2,08,26,,,27,28,,,24,31,,,26,32,,,30*78
$GPGLL,,,,,112613.00,V,N*4C
$GPRMC,112614.00,V,,,,,,,,,,N*7C
$GPVTG,,,,,,,,,N*30
$GPGGA,112614.00,,,,,0,00,99.99,,,,,,*67
$GPGSA,A,1,,,,,,,,,,,,,99.99,99.99,99.99*30
$GPGSV,2,1,07,01,,,21,02,,,24,08,,,30,26,,,26*70
$GPGSV,2,2,07,28,,,21,31,,,27,32,,,29*7A
$GPGLL,,,,,112614.00,V,N*4B
$GPRMC,112615.00,V,,,,,,,,,,N*7D
$GPVTG,,,,,,,,,N*30
$GPGGA,112615.00,,,,,0,00,99.99,,,,,,*66
$GPGSA,A,1,,,,,,,,,,,,,99.99,99.99,99.99*30
$GPGSV,2,1,07,01,,,25,02,,,26,08,,,35,26,,,28*7D
$GPGSV,2,2,07,28,,,30,31,,,23,32,,,28*7F
$GPGLL,,,,,112615.00,V,N*4A
$GPRMC,112616.00,V,,,,,,,,,,N*7E
$GPVTG,,,,,,,,,N*30
$GPGGA,112616.00,,,,,0,00,99.99,,,,,,*65
$GPGSA,A,1,,,,,,,,,,,,,99.99,99.99,99.99*30
$GPGSV,2,1,07,01,,,26,02,,,26,08,,,29,26,,,30*7A
$GPGSV,2,2,07,28,,,31,31,,,21,32,,,29*7D
$GPGLL,,,,,112616.00,V,N*49
$GPRMC,112617.00,V,,,,,,,200726,,,N*7E
$GPVTG,,,,,,,,,N*30
$GPGGA,112617.00,,,,,0,00,99.99,,,,,,*64
$GPGSA,A,1,,,,,,,,,,,,,99.99,99.99,99.99*30
$GPGSV,2,1,07,01,,,28,02,,,26,08,,,30,26,,,30*7C
$GPGSV,2,2,07,28,,,32,31,,,19,32,,,29*75
$GPGLL,,,,,112617.00,V,N*48
$GPRMC,112618.00,V,,,,,,,200726,,,N*71
$GPVTG,,,,,,,,,N*30
$GPGGA,112618.00,,,,,0,00,99.99,,,,,,*6B
$GPGSA,A,1,,,,,,,,,,,,,99.99,99.99,99.99*30
$GPGSV,2,1,07,01,,,28,02,,,28,08,,,30,26,,,29*7A
$GPGSV,2,2,07,28,,,31,31,,,20,32,,,29*7C
$GPGLL,,,,,112618.00,V,N*47
$GPRMC,112619.00,V,,,,,,,200726,,,N*70
$GPVTG,,,,,,,,,N*30
$GPGGA,112619.00,,,,,0,00,99.99,,,,,,*6A
$GPGSA,A,1,,,,,,,,,,,,,99.99,99.99,99.99*30
$GPGSV,3,1,10,01,,,27,02,,,26,05,,,30,06,,,27*7D
$GPGSV,3,2,10,08,,,29,15,,,30,26,,,21,28,,,31*72
$GPGSV,3,3,10,31,,,20,32,,,29*72
$GPGLL,,,,,112619.00,V,N*46
$GPRMC,112620.00,V,,,,,,,200726,,,N*7A
$GPVTG,,,,,,,,,N*30
$GPGGA,112620.00,,,,,0,00,99.99,,,,,,*60
$GPGSA,A,1,,,,,,,,,,,,,99.99,99.99,99.99*30
$GPGSV,3,1,10,01,,,27,02,,,27,05,,,30,06,,,26*7D
$GPGSV,3,2,10,08,,,29,15,,,28,26,,,22,28,,,32*7B
$GPGSV,3,3,10,31,,,18,32,,,29*79
$GPGLL,,,,,112620.00,V,N*4C
$GPRMC,112621.00,V,,,,,,,200726,,,N*7B
$GPVTG,,,,,,,,,N*30
$GPGGA,112621.00,,,,,0,00,99.99,,,,,,*61
$GPGSA,A,1,,,,,,,,,,,,,99.99,99.99,99.99*30
$GPGSV,3,1,09,01,,,26,02,,,27,05,,,29,06,,,26*7C
$GPGSV,3,2,09,08,,,28,15,,,27,28,,,33,31,,,19*72
$GPGSV,3,3,09,32,,,28*7B
$GPGLL,,,,,112621.00,V,N*4D
$GPRMC,112622.00,V,,,,,,,200726,,,N*78
$GPVTG,,,,,,,,,N*30
$GPGGA,112622.00,,,,,0,00,99.99,,,,,,*62
$GPGSA,A,1,,,,,,,,,,,,,99.99,99.99,99.99*30
$GPGSV,3,1,10,01,,,22,02,,,24,05,,,28,06,,,24*70
$GPGSV,3,2,10,07,,,28,08,,,26,15,,,26,28,,,29*79
$GPGSV,3,3,10,31,,,24,32,,,29*76
$GPGLL,,,,,112622.00,V,N*4E
$GPRMC,112623.00,V,,,,,,,200726,,,N*79
$GPVTG,,,,,,,,,N*30
$GPGGA,112623.00,,,,,0,00,99.99,,,,,,*63
$GPGSA,A,1,,,,,,,,,,,,,99.99,99.99,99.99*30
$GPGSV,3,1,09,01,,,19,02,,,22,05,,,26,06,,,22*7E
$GPGSV,3,2,09,08,,,25,15,,,25,28,,,41,31,,,26*74
$GPGSV,3,3,09,32,,,29*7A
$GPGLL,,,,,112623.00,V,N*4F
$GPRMC,112624.00,V,,,,,,,200726,,,N*7E
$GPVTG,,,,,,,,,N*30
$GPGGA,112624.00,,,,,0,00,99.99,,,,,,*64
$GPGSA,A,1,,,,,,,,,,,,,99.99,99.99,99.99*30
$GPGSV,3,1,10,02,,,20,05,,,24,06,,,20,08,,,24*73
$GPGSV,3,2,10,15,,,24,22,,,27,25,,,25,28,,,39*7E
$GPGSV,3,3,10,31,,,27,32,,,28*74
$GPGLL,,,,,112624.00,V,N*48
$GPRMC,112625.00,V,,,,,,,200726,,,N*7F
$GPVTG,,,,,,,,,N*30
$GPGGA,112625.00,,,,,0,00,99.99,,,,,,*65
$GPGSA,A,1,,,,,,,,,,,,,99.99,99.99,99.99*30
$GPGSV,3,1,10,02,,,22,05,,,23,06,,,17,15,,,26*7C
$GPGSV,3,2,10,22,,,26,23,,,25,25,,,26,28,,,38*79
$GPGSV,3,3,10,31,,,27,32,,,27*7B
$GPGLL,,,,,112625.00,V,N*49
$GPRMC,112626.00,V,,,,,,,200726,,,N*7C
$GPVTG,,,,,,,,,N*30
$GPGGA,112626.00,,,,,0,00,99.99,,,,,,*66
$GPGSA,A,1,,,,,,,,,,,,,99.99,99.99,99.99*30
$GPGSV,3,1,10,02,,,25,05,,,23,06,,,17,15,,,25*78
$GPGSV,3,2,10,22,,,24,23,,,25,25,,,25,28,,,38*78
$GPGSV,3,3,10,31,,,28,32,,,26*75
$GPGLL,,,,,112626.00,V,N*4A
$GPRMC,112627.00,V,,,,,,,200726,,,N*7D
$GPVTG,,,,,,,,,N*30
$GPGGA,112627.00,,,,,0,00,99.99,,,,,,*67
$GPGSA,A,1,,,,,,,,,,,,,99.99,99.99,99.99*30
$GPGSV,3,1,12,02,,,23,05,,,23,06,,,17,10,,,23*7F
$GPGSV,3,2,12,11,,,29,15,,,24,22,,,22,23,,,22*73
$GPGSV,3,3,12,25,,,25,28,,,40,31,,,28,32,,,25*7A
$GPGLL,,,,,112627.00,V,N*4B
$GPRMC,112628.00,V,,,,,,,200726,,,N*72
$GPVTG,,,,,,,,,N*30
$GPGGA,112628.00,,,,,0,00,99.99,,,,,,*68
$GPGSA,A,1,,,,,,,,,,,,,99.99,99.99,99.99*30
$GPGSV,2,1,07,05,,,23,06,,,17,11,,,26,25,,,24*7C
$GPGSV,2,2,07,28,,,40,31,,,29,32,,,25*7F
$GPGLL,,,,,112628.00,V,N*44
$GPRMC,112629.00,V,,,,,,,200726,,,N*73
$GPVTG,,,,,,,,,N*30
$GPGGA,112629.00,,,,,0,00,99.99,,,,,,*69
$GPGSA,A,1,,,,,,,,,,,,,99.99,99.99,99.99*30
$GPGSV,2,1,06,06,,,18,11,,,24,25,,,23,28,,,39*73
$GPGSV,2,2,06,31,,,29,32,,,24*71
$GPGLL,,,,,112629.00,V,N*45
$GPRMC,112630.00,V,,,,,,,200726,,,N*7B
$GPVTG,,,,,,,,,N*30
$GPGGA,112630.00,,,,,0,00,99.99,,,,,,*61
$GPGSA,A,1,,,,,,,,,,,,,99.99,99.99,99.99*30
$GPGSV,2,1,05,06,,,18,11,,,21,28,,,39,31,,,38*7A
$GPGSV,2,2,05,32,,,22*7D
$GPGLL,,,,,112630.00,V,N*4D
$GPRMC,112631.00,V,,,,,,,200726,,,N*7A
$GPVTG,,,,,,,,,N*30
$GPGGA,112631.00,,,,,0,00,99.99,,,,,,*60
$GPGSA,A,1,,,,,,,,,,,,,99.99,99.99,99.99*30
$GPGSV,2,1,05,06,,,16,11,,,17,28,,,36,31,,,34*72
$GPGSV,2,2,05,32,,,20*7F
$GPGLL,,,,,112631.00,V,N*4C
$GPRMC,112632.00,V,,,,,,,200726,,,N*79
$GPVTG,,,,,,,,,N*30
$GPGGA,112632.00,,,,,0,00,99.99,,,,,,*63
$GPGSA,A,1,,,,,,,,,,,,,99.99,99.99,99.99*30
$GPGSV,1,1,04,11,,,16,28,,,33,31,,,29,32,,,17*7E
$GPGLL,,,,,112632.00,V,N*4F
$GPRMC,112633.00,V,,,,,,,200726,,,N*78
$GPVTG,,,,,,,,,N*30
$GPGGA,112633.00,,,,,0,00,99.99,,,,,,*62
$GPGSA,A,1,,,,,,,,,,,,,99.99,99.99,99.99*30
$GPGSV,1,1,03,28,,,30,31,,,29,32,,,14*7E
$GPGLL,,,,,112633.00,V,N*4E
$GPRMC,112634.00,V,,,,,,,200726,,,N*7F
$GPVTG,,,,,,,,,N*30
$GPGGA,112634.00,,,,,0,00,99.99,,,,,,*65
$GPGSA,A,1,,,,,,,,,,,,,99.99,99.99,99.99*30
$GPGSV,1,1,02,28,,,34,31,,,30*77
$GPGLL,,,,,112634.00,V,N*49
$GPRMC,112635.00,V,,,,,,,200726,,,N*7E
$GPVTG,,,,,,,,,N*30
$GPGGA,112635.00,,,,,0,00,99.99,,,,,,*64
$GPGSA,A,1,,,,,,,,,,,,,99.99,99.99,99.99*30
$GPGSV,1,1,04,20,,,28,28,,,33,31,,,28,42,,,32*70
$GPGLL,,,,,112635.00,V,N*48
$GPRMC,112636.00,V,,,,,,,200726,,,N*7D
$GPVTG,,,,,,,,,N*30
$GPGGA,112636.00,,,,,0,00,99.99,,,,,,*67
$GPGSA,A,1,,,,,,,,,,,,,99.99,99.99,99.99*30
$GPGSV,1,1,03,28,,,36,31,,,28,42,,,36*7E
$GPGLL,,,,,112636.00,V,N*4B
$GPRMC,112637.00,V,,,,,,,200726,,,N*7C
$GPVTG,,,,,,,,,N*30
$GPGGA,112637.00,,,,,0,00,99.99,,,,,,*66
$GPGSA,A,1,,,,,,,,,,,,,99.99,99.99,99.99*30
$GPGSV,1,1,03,28,,,36,31,,,36,42,,,29*7F
$GPGLL,,,,,112637.00,V,N*4A
$GPRMC,112638.00,V,,,,,,,200726,,,N*73
$GPVTG,,,,,,,,,N*30
$GPGGA,112638.00,,,,,0,00,99.99,,,,,,*69
$GPGSA,A,1,,,,,,,,,,,,,99.99,99.99,99.99*30
$GPGSV,1,1,03,28,,,33,31,,,32,42,,,30*76
$GPGLL,,,,,112638.00,V,N*45
$GPRMC,112639.00,V,,,,,,,200726,,,N*72
$GPVTG,,,,,,,,,N*30
$GPGGA,112639.00,,,,,0,00,99.99,,,,,,*68
$GPGSA,A,1,,,,,,,,,,,,,99.99,99.99,99.99*30
$GPGSV,1,1,04,24,,,27,28,,,41,31,,,35,42,,,31*71
$GPGLL,,,,,112639.00,V,N*44
$GPRMC,112640.00,V,,,,,,,200726,,,N*7C
$GPVTG,,,,,,,,,N*30
$GPGGA,112640.00,,,,,0,00,99.99,,,,,,*66
$GPGSA,A,1,,,,,,,,,,,,,99.99,99.99,99.99*30
$GPGSV,2,1,06,23,,,25,25,,,26,26,,,36,28,,,40*76
$GPGSV,2,2,06,31,,,37,42,,,32*7E
$GPGLL,,,,,112640.00,V,N*4A
$GPRMC,112641.00,V,,,,,,,200726,,,N*7D
$GPVTG,,,,,,,,,N*30
$GPGGA,112641.00,,,,,0,00,99.99,,,,,,*67
$GPGSA,A,1,,,,,,,,,,,,,99.99,99.99,99.99*30
$GPGSV,2,1,06,23,,,25,25,,,26,26,,,30,28,,,28*7E
$GPGSV,2,2,06,31,,,40,42,,,31*7D
$GPGLL,,,,,112641.00,V,N*4B
$GPRMC,112642.00,V,,,,,,,200726,,,N*7E
$GPVTG,,,,,,,,,N*30
$GPGGA,112642.00,,,,,0,00,99.99,,,,,,*64
$GPGSA,A,1,,,,,,,,,,,,,99.99,99.99,99.99*30
$GPGSV,3,1,10,03,,,25,08,,,28,13,,,28,23,,,23*74
$GPGSV,3,2,10,25,,,26,26,,,37,27,,,27,28,,,28*7A
$GPGSV,3,3,10,31,,,35,42,,,34*7D
$GPGLL,,,,,112642.00,V,N*48
$GPRMC,112643.00,V,,,,,,,200726,,,N*7F
$GPVTG,,,,,,,,,N*30
$GPGGA,112643.00,,,,,0,00,99.99,,,,,,*65
$GPGSA,A,1,,,,,,,,,,,,,99.99,99.99,99.99*30
$GPGSV,3,1,10,03,,,24,08,,,26,13,,,26,23,,,21*77
$GPGSV,3,2,10,25,,,25,26,,,29,27,,,25,28,,,32*7F
$GPGSV,3,3,10,31,,,37,42,,,33*78
$GPGLL,,,,,112643.00,V,N*49
$GPRMC,112644.00,V,,,,,,,200726,,,N*78
$GPVTG,,,,,,,,,N*30
$GPGGA,112644.00,,,,,0,00,99.99,,,,,,*62
$GPGSA,A,1,,,,,,,,,,,,,99.99,99.99,99.99*30
$GPGSV,3,1,09,03,,,22,13,,,21,23,,,16,25,,,20*73
$GPGSV,3,2,09,26,,,38,27,,,22,28,,,32,31,,,34*75
$GPGSV,3,3,09,42,,,36*73
$GPGLL,,,,,112644.00,V,N*4E
$GPRMC,112645.00,V,,,,,,,200726,,,N*79
$GPVTG,,,,,,,,,N*30
$GPGGA,112645.00,,,,,0,00,99.99,,,,,,*63
$GPGSA,A,1,,,,,,,,,,,,,99.99,99.99,99.99*30
$GPGSV,2,1,08,03,,,19,13,,,15,23,,,12,26,,,38*72
$GPGSV,2,2,08,27,,,19,28,,,33,31,,,32,42,,,35*75
$GPGLL,,,,,112645.00,V,N*4F
$GPRMC,112646.00,V,,,,,,,200726,,,N*7A
$GPVTG,,,,,,,,,N*30
$GPGGA,112646.00,,,,,0,00,99.99,,,,,,*60
$GPGSA,A,1,,,,,,,,,,,,,99.99,99.99,99.99*30
$GPGSV,2,1,06,13,,,11,23,,,09,26,,,38,28,,,33*73
$GPGSV,2,2,06,31,,,32,42,,,34*7D
$GPGLL,,,,,112646.00,V,N*4C
$GPRMC,112647.00,V,,,,,,,200726,,,N*7B
$GPVTG,,,,,,,,,N*30
$GPGGA,112647.00,,,,,0,00,99.99,,,,,,*61
$GPGSA,A,1,,,,,,,,,,,,,99.99,99.99,99.99*30
$GPGSV,2,1,06,13,,,08,23,,,08,26,,,38,28,,,32*7B
$GPGSV,2,2,06,31,,,32,42,,,34*7D
$GPGLL,,,,,112647.00,V,N*4D
$GPRMC,112648.00,V,,,,,,,200726,,,N*74
$GPVTG,,,,,,,,,N*30
$GPGGA,112648.00,,,,,0,00,99.99,,,,,,*6E
$GPGSA,A,1,,,,,,,,,,,,,99.99,99.99,99.99*30
$GPGSV,2,1,07,03,,,34,13,,,08,23,,,09,26,,,38*74
$GPGSV,2,2,07,28,,,32,31,,,32,42,,,35*76
$GPGLL,,,,,112648.00,V,N*42
$GPRMC,112649.00,V,,,,,,,200726,,,N*75
$GPVTG,,,,,,,,,N*30
$GPGGA,112649.00,,,,,0,00,99.99,,,,,,*6F
$GPGSA,A,1,,,,,,,,,,,,,99.99,99.99,99.99*30
$GPGSV,2,1,08,01,,,26,03,,,35,04,,,27,23,,,12*71
$GPGSV,2,2,08,26,,,38,28,,,33,31,,,32,42,,,34*76
$GPGLL,,,,,112649.00,V,N*43
$GPRMC,112650.00,V,,,,,,,200726,,,N*7D
$GPVTG,,,,,,,,,N*30
$GPGGA,112650.00,,,,,0,00,99.99,,,,,,*67
$GPGSA,A,1,,,,,,,,,,,,,99.99,99.99,99.99*30
$GPGSV,2,1,07,01,,,25,03,,,35,23,,,15,26,,,38*74
$GPGSV,2,2,07,28,,,34,31,,,32,42,,,28*7C
$GPGLL,,,,,112650.00,V,N*4B
$GPRMC,112651.02,V,,,,,,,200726,,,N*7E
$GPVTG,,,,,,,,,N*30
$GPGGA,112651.02,,,,,0,00,99.99,,,,,,*64
$GPGSA,A,1,,,,,,,,,,,,,99.99,99.99,99.99*30
$GPGSV,2,1,07,01,,,23,03,,,35,23,,,14,26,,,38*73
$GPGSV,2,2,07,28,,,30,31,,,33,42,,,26*77
$GPGLL,,,,,112651.02,V,N*48
$GPRMC,112652.00,V,,,,,,,200726,,,N*7F
$GPVTG,,,,,,,,,N*30
$GPGGA,112652.00,,,,,0,00,99.99,,,,,,*65
$GPGSA,A,1,,,,,,,,,,,,,99.99,99.99,99.99*30
$GPGSV,2,1,08,01,,,23,03,,,35,09,,,25,23,,,12*7B
$GPGSV,2,2,08,26,,,37,28,,,31,31,,,32,42,,,40*78
$GPGLL,,,,,112652.00,V,N*49
$GPRMC,112653.00,V,,,,,,,200726,,,N*7E
$GPVTG,,,,,,,,,N*30
$GPGGA,112653.00,,,,,0,00,99.99,,,,,,*64
$GPGSA,A,1,,,,,,,,,,,,,99.99,99.99,99.99*30
$GPGSV,2,1,08,01,,,20,03,,,35,09,,,24,23,,,13*78
$GPGSV,2,2,08,26,,,37,28,,,31,31,,,33,42,,,40*79
$GPGLL,,,,,112653.00,V,N*48
$GPRMC,112654.00,V,,,,,,,200726,,,N*79
$GPVTG,,,,,,,,,N*30
$GPGGA,112654.00,,,,,0,00,99.99,,,,,,*63
$GPGSA,A,1,,,,,,,,,,,,,99.99,99.99,99.99*30
$GPGSV,3,1,10,01,,,17,03,,,35,09,,,20,12,,,23*71
$GPGSV,3,2,10,13,,,27,23,,,14,26,,,37,28,,,29*7B
$GPGSV,3,3,10,31,,,33,42,,,40*78
$GPGLL,,,,,112654.00,V,N*4F
$GPRMC,112655.00,V,,,,,,,200726,,,N*78
$GPVTG,,,,,,,,,N*30
$GPGGA,112655.00,,,,,0,00,99.99,,,,,,*62
$GPGSA,A,1,,,,,,,,,,,,,99.99,99.99,99.99*30
$GPGSV,3,1,10,01,,,13,03,,,35,09,,,18,12,,,23*7E
$GPGSV,3,2,10,13,,,26,23,,,16,26,,,37,28,,,30*70
$GPGSV,3,3,10,31,,,33,42,,,40*78
$GPGLL,,,,,112655.00,V,N*4E
$GPRMC,112656.00,V,,,,,,,200726,,,N*7B
$GPVTG,,,,,,,,,N*30
$GPGGA,112656.00,,,,,0,00,99.99,,,,,,*61
$GPGSA,A,1,,,,,,,,,,,,,99.99,99.99,99.99*30
$GPGSV,4,1,13,01,,,13,03,,,35,09,,,16,12,,,21*76
$GPGSV,4,2,13,13,,,25,15,,,25,16,,,30,18,,,28*7C
$GPGSV,4,3,13,23,,,16,26,,,37,28,,,30,31,,,34*76
$GPGSV,4,4,13,42,,,40*79
$GPGLL,,,,,112656.00,V,N*4D
$GPRMC,112657.00,V,,,,,,,200726,,,N*7A
$GPVTG,,,,,,,,,N*30
$GPGGA,112657.00,,,,,0,00,99.99,,,,,,*60
$GPGSA,A,1,,,,,,,,,,,,,99.99,99.99,99.99*30
$GPGSV,4,1,13,01,,,14,03,,,35,09,,,16,12,,,19*7A
$GPGSV,4,2,13,13,,,23,15,,,23,16,,,30,18,,,24*70
$GPGSV,4,3,13,23,,,17,26,,,37,28,,,30,31,,,34*77
$GPGSV,4,4,13,42,,,40*79
$GPGLL,,,,,112657.00,V,N*4C
$GPRMC,112658.00,V,,,,,,,200726,,,N*75
$GPVTG,,,,,,,,,N*30
$GPGGA,112658.00,,,,,0,00,99.99,,,,,,*6F
$GPGSA,A,1,,,,,,,,,,,,,99.99,99.99,99.99*30
$GPGSV,4,1,15,01,,,16,03,,,35,09,,,17,12,,,17*71
$GPGSV,4,2,15,13,,,19,15,,,22,16,,,30,18,,,23*79
$GPGSV,4,3,15,19,,,25,20,,,25,23,,,16,26,,,37*76
$GPGSV,4,4,15,28,,,30,31,,,34,42,,,40*73
$GPGLL,,,,,112658.00,V,N*43
$GPRMC,112659.00,V,,,,,,,200726,,,N*74
$GPVTG,,,,,,,,,N*30
$GPGGA,112659.00,,,,,0,00,99.99,,,,,,*6E
$GPGSA,A,1,,,,,,,,,,,,,99.99,99.99,99.99*30
$GPGSV,4,1,15,01,,,17,03,,,35,09,,,15,12,,,15*70
$GPGSV,4,2,15,13,,,16,15,,,21,16,,,31,18,,,23*74
$GPGSV,4,3,15,19,,,22,20,,,23,23,,,16,26,,,37*77
$GPGSV,4,4,15,28,,,29,31,,,34,42,,,41*7A
$GPGLL,,,,,112659.00,V,N*42
$GPRMC,112700.00,V,,,,,,,200726,,,N*79
$GPVTG,,,,,,,,,N*30
$GPGGA,112700.00,,,,,0,00,99.99,,,,,,*63
$GPGSA,A,1,,,,,,,,,,,,,99.99,99.99,99.99*30
$GPGSV,4,1,15,01,,,18,03,,,35,09,,,14,12,,,14*7F
$GPGSV,4,2,15,13,,,16,15,,,20,16,,,31,18,,,23*75
$GPGSV,4,3,15,19,,,19,20,,,19,23,,,14,26,,,38*7B
$GPGSV,4,4,15,28,,,30,31,,,34,42,,,40*73
$GPGLL,,,,,112700.00,V,N*4F
$GPRMC,112701.00,V,,,,,,,200726,,,N*78
$GPVTG,,,,,,,,,N*30
$GPGGA,112701.00,,,,,0,00,99.99,,,,,,*62
$GPGSA,A,1,,,,,,,,,,,,,99.99,99.99,99.99*30
$GPGSV,4,1,15,01,,,17,03,,,35,09,,,14,12,,,11*75
$GPGSV,4,2,15,13,,,17,15,,,18,16,,,31,18,,,22*7E
$GPGSV,4,3,15,19,,,13,20,,,12,23,,,13,26,,,38*7D
$GPGSV,4,4,15,28,,,31,31,,,34,42,,,40*72
$GPGLL,,,,,112701.00,V,N*4E
$GPRMC,112702.00,V,,,,,,,200726,,,N*7B
$GPVTG,,,,,,,,,N*30
$GPGGA,112702.00,,,,,0,00,99.99,,,,,,*61
$GPGSA,A,1,,,,,,,,,,,,,99.99,99.99,99.99*30
$GPGSV,4,1,13,01,,,15,03,,,35,09,,,11,13,,,16*72
$GPGSV,4,2,13,15,,,18,16,,,32,18,,,22,20,,,11*7D
$GPGSV,4,3,13,23,,,12,26,,,38,28,,,31,31,,,34*7C
$GPGSV,4,4,13,42,,,40*79
$GPGLL,,,,,112702.00,V,N*4D
$GPRMC,112702.98,V,,,,,,,200726,,,N*7A
$GPVTG,,,,,,,,,N*30
$GPGGA,112702.98,,,,,0,00,99.99,,,,,,*60
$GPGSA,A,1,,,,,,,,,,,,,99.99,99.99,99.99*30
$GPGSV,4,1,13,01,,,13,03,,,34,09,,,10,13,,,12*70
$GPGSV,4,2,13,15,,,17,16,,,32,18,,,20,20,,,12*73
$GPGSV,4,3,13,23,,,10,26,,,37,28,,,31,31,,,33*76
$GPGSV,4,4,13,42,,,41*78
$GPGLL,,,,,112702.98,V,N*4C
$GPRMC,112704.00,V,,,,,,,200726,,,N*7D
$GPVTG,,,,,,,,,N*30
$GPGGA,112704.00,,,,,0,00,99.99,,,,,,*67
$GPGSA,A,1,,,,,,,,,,,,,99.99,99.99,99.99*30
$GPGSV,3,1,10,03,,,34,09,,,09,15,,,17,16,,,32*7A
$GPGSV,3,2,10,18,,,18,20,,,09,26,,,38,28,,,32*76
$GPGSV,3,3,10,31,,,33,42,,,41*79
$GPGLL,,,,,112704.00,V,N*4B
$GPRMC,112705.00,V,,,,,,,200726,,,N*7C
$GPVTG,,,,,,,,,N*30
$GPGGA,112705.00,,,,,0,00,99.99,,,,,,*66
$GPGSA,A,1,,,,,,,,,,,,,99.99,99.99,99.99*30
$GPGSV,3,1,10,03,,,34,09,,,11,15,,,15,16,,,32*71
$GPGSV,3,2,10,18,,,15,20,,,08,26,,,38,28,,,33*7B
$GPGSV,3,3,10,31,,,33,42,,,41*79
$GPGLL,,,,,112705.00,V,N*4A
$GPRMC,112705.99,V,,,,,,,200726,,,N*7C
$GPVTG,,,,,,,,,N*30
$GPGGA,112705.99,,,,,0,00,99.99,,,,,,*66
$GPGSA,A,1,,,,,,,,,,,,,99.99,99.99,99.99*30
$GPGSV,3,1,10,03,,,34,09,,,12,15,,,14,16,,,32*73
$GPGSV,3,2,10,18,,,14,20,,,10,26,,,37,28,,,33*7C
$GPGSV,3,3,10,31,,,32,42,,,41*78
$GPGLL,,,,,112705.99,V,N*4A
$GPRMC,112707.00,V,,,,,,,200726,,,N*7E
$GPVTG,,,,,,,,,N*30
$GPGGA,112707.00,,,,,0,00,99.99,,,,,,*64
$GPGSA,A,1,,,,,,,,,,,,,99.99,99.99,99.99*30
$GPGSV,3,1,10,03,,,34,08,,,28,09,,,09,15,,,15*7C
$GPGSV,3,2,10,16,,,31,18,,,13,26,,,38,28,,,33*72
$GPGSV,3,3,10,31,,,33,42,,,40*78
$GPGLL,,,,,112707.00,V,N*48
$GPRMC,112708.00,V,,,,,,,200726,,,N*71
$GPVTG,,,,,,,,,N*30
$GPGGA,112708.00,,,,,0,00,99.99,,,,,,*6B
$GPGSA,A,1,,,,,,,,,,,,,99.99,99.99,99.99*30
$GPGSV,3,1,09,03,,,35,15,,,14,16,,,31,18,,,16*7D
$GPGSV,3,2,09,20,,,23,26,,,37,28,,,33,31,,,33*7A
$GPGSV,3,3,09,42,,,40*72
$GPGLL,,,,,112708.00,V,N*47
$GPRMC,112708.99,V,,,,,,,200726,,,N*71
$GPVTG,,,,,,,,,N*30
$GPGGA,112708.99,,,,,0,00,99.99,,,,,,*6B
$GPGSA,A,1,,,,,,,,,,,,,99.99,99.99,99.99*30
$GPGSV,3,1,10,03,,,34,12,,,28,15,,,13,16,,,31*74
$GPGSV,3,2,10,18,,,16,20,,,20,26,,,37,28,,,33*7D
$GPGSV,3,3,10,31,,,33,42,,,42*7A
$GPGLL,,,,,112708.99,V,N*47
$GPRMC,112710.00,V,,,,,,,200726,,,N*78
$GPVTG,,,,,,,,,N*30
$GPGGA,112710.00,,,,,0,00,99.99,,,,,,*62
$GPGSA,A,1,,,,,,,,,,,,,99.99,99.99,99.99*30
$GPGSV,2,1,08,03,,,34,15,,,10,16,,,30,18,,,14*7B
$GPGSV,2,2,08,26,,,37,28,,,33,31,,,33,42,,,41*7A
$GPGLL,,,,,112710.00,V,N*4E
$GPRMC,112711.00,V,,,,,,,200726,,,N*79
$GPVTG,,,,,,,,,N*30
$GPGGA,112711.00,,,,,0,00,99.99,,,,,,*63
$GPGSA,A,1,,,,,,,,,,,,,99.99,99.99,99.99*30
$GPGSV,2,1,07,03,,,34,16,,,31,18,,,13,26,,,36*76
$GPGSV,2,2,07,28,,,33,31,,,31,42,,,41*77
$GPGLL,,,,,112711.00,V,N*4F
$GPRMC,112711.99,V,,,,,,,200726,,,N*79
$GPVTG,,,,,,,,,N*30
$GPGGA,112711.99,,,,,0,00,99.99,,,,,,*63
$GPGSA,A,1,,,,,,,,,,,,,99.99,99.99,99.99*30
$GPGSV,2,1,07,03,,,34,16,,,31,18,,,13,26,,,37*77
$GPGSV,2,2,07,28,,,33,31,,,32,42,,,41*74
$GPGLL,,,,,112711.99,V,N*4F
$GPRMC,112713.00,V,,,,,,,200726,,,N*7B
$GPVTG,,,,,,,,,N*30
$GPGGA,112713.00,,,,,0,00,99.99,,,,,,*61
$GPGSA,A,1,,,,,,,,,,,,,99.99,99.99,99.99*30
$GPGSV,2,1,06,03,,,34,16,,,31,26,,,37,28,,,32*76
$GPGSV,2,2,06,31,,,32,42,,,41*7F
$GPGLL,,,,,112713.00,V,N*4D
$GPRMC,112714.00,V,,,,,,,200726,,,N*7C
$GPVTG,,,,,,,,,N*30
$GPGGA,112714.00,,,,,0,00,99.99,,,,,,*66
$GPGSA,A,1,,,,,,,,,,,,,99.99,99.99,99.99*30
$GPGSV,2,1,06,03,,,34,16,,,30,26,,,37,28,,,33*76
$GPGSV,2,2,06,31,,,31,42,,,41*7C
$GPGLL,,,,,112714.00,V,N*4A
$GPRMC,112714.99,V,,,,,,,200726,,,N*7C
$GPVTG,,,,,,,,,N*30
$GPGGA,112714.99,,,,,0,00,99.99,,,,,,*66
$GPGSA,A,1,,,,,,,,,,,,,99.99,99.99,99.99*30
$GPGSV,2,1,06,03,,,34,16,,,29,26,,,37,28,,,32*7F
$GPGSV,2,2,06,31,,,31,42,,,40*7D
$GPGLL,,,,,112714.99,V,N*4A
$GPRMC,112716.00,V,,,,,,,200726,,,N*7E
$GPVTG,,,,,,,,,N*30
$GPGGA,112716.00,,,,,0,00,99.99,,,,,,*64
$GPGSA,A,1,,,,,,,,,,,,,99.99,99.99,99.99*30
$GPGSV,2,1,06,03,,,35,16,,,29,26,,,37,28,,,32*7E
$GPGSV,2,2,06,31,,,31,42,,,40*7D
$GPGLL,,,,,112716.00,V,N*48
$GPRMC,112717.00,V,,,,,,,200726,,,N*7F
$GPVTG,,,,,,,,,N*30
$GPGGA,112717.00,,,,,0,00,99.99,,,,,,*65
$GPGSA,A,1,,,,,,,,,,,,,99.99,99.99,99.99*30
$GPGSV,2,1,07,03,,,34,16,,,29,23,,,28,26,,,36*7F
$GPGSV,2,2,07,28,,,31,31,,,31,42,,,40*74
$GPGLL,,,,,112717.00,V,N*49
$GPRMC,112717.99,V,,,,,,,200726,,,N*7F
$GPVTG,,,,,,,,,N*30
$GPGGA,112717.99,,,,,0,00,99.99,,,,,,*65
$GPGSA,A,1,,,,,,,,,,,,,99.99,99.99,99.99*30
$GPGSV,2,1,06,03,,,34,16,,,28,26,,,37,28,,,31*7D
$GPGSV,2,2,06,31,,,31,42,,,40*7D
$GPGLL,,,,,112717.99,V,N*49
$GPRMC,112719.00,V,,,,,,,200726,,,N*71
$GPVTG,,,,,,,,,N*30
$GPGGA,112719.00,,,,,0,00,99.99,,,,,,*6B
$GPGSA,A,1,,,,,,,,,,,,,99.99,99.99,99.99*30
$GPGSV,2,1,06,03,,,34,16,,,28,26,,,37,28,,,32*7E
$GPGSV,2,2,06,31,,,31,42,,,40*7D
$GPGLL,,,,,112719.00,V,N*47
$GPRMC,112720.00,V,,,,,,,200726,,,N*7B
$GPVTG,,,,,,,,,N*30
$GPGGA,112720.00,,,,,0,00,99.99,,,,,,*61
$GPGSA,A,1,,,,,,,,,,,,,99.99,99.99,99.99*30
$GPGSV,2,1,06,03,,,34,16,,,27,26,,,37,28,,,32*71
$GPGSV,2,2,06,31,,,32,42,,,41*7F
$GPGLL,,,,,112720.00,V,N*4D
$GPRMC,112721.00,V,,,,,,,200726,,,N*7A
$GPVTG,,,,,,,,,N*30
$GPGGA,112721.00,,,,,0,03,5.85,,,,,,*5B
$GPGSA,A,1,31,28,03,,,,,,,,,,5.94,5.85,1.00*0A
$GPGSV,2,1,06,03,54,348,34,16,,,27,26,,,37,28,21,039,32*76
$GPGSV,2,2,06,31,50,045,31,42,38,117,41*74
$GPGLL,,,,,112721.00,V,N*4C
$GPRMC,112722.00,V,,,,,,,200726,,,N*79
$GPVTG,,,,,,,,,N*30
$GPGGA,112722.00,,,,,0,03,5.86,,,,,,*5B
$GPGSA,A,1,31,28,03,,,,,,,,,,5.94,5.86,1.00*09
$GPGSV,2,1,06,03,54,348,34,16,,,27,26,,,37,28,21,039,32*76
$GPGSV,2,2,06,31,50,045,32,42,38,117,41*77
$GPGLL,,,,,112722.00,V,N*4F
$GPRMC,112723.00,V,,,,,,,200726,,,N*78
$GPVTG,,,,,,,,,N*30
$GPGGA,112723.00,,,,,0,03,5.86,,,,,,*5A
$GPGSA,A,1,31,28,03,,,,,,,,,,5.94,5.86,1.00*09
$GPGSV,2,1,06,03,54,348,34,16,,,28,26,,,39,28,21,039,32*77
$GPGSV,2,2,06,31,50,045,31,42,38,117,41*74
$GPGLL,,,,,112723.00,V,N*4E
$GPRMC,112724.00,A,2520.02526,N,05128.15637,E,0.730,,200726,,,A*78
$GPVTG,,T,,M,0.730,N,1.352,K,A*22
$GPGGA,112724.00,2520.02526,N,05128.15637,E,1,03,5.86,-0.5,M,-24.7,M,,*5D
$GPGSA,A,2,31,28,03,,,,,,,,,,5.94,5.86,1.00*0A
$GPGSV,2,1,06,03,54,348,35,16,,,33,26,,,38,28,21,039,33*7C
$GPGSV,2,2,06,31,50,045,30,42,38,117,41*75
$GPGLL,2520.02526,N,05128.15637,E,112724.00,A,A*64
$GPRMC,112725.00,A,2520.02565,N,05128.15652,E,0.949,,200726,,,A*7D
$GPVTG,,T,,M,0.949,N,1.757,K,A*23
$GPGGA,112725.00,2520.02565,N,05128.15652,E,1,03,5.86,-0.4,M,-24.7,M,,*59
$GPGSA,A,2,31,28,03,,,,,,,,,,5.95,5.86,1.00*0B
$GPGSV,2,1,07,03,54,348,34,16,,,32,26,,,38,28,21,039,29*76
$GPGSV,2,2,07,30,,,27,31,50,045,31,42,38,117,41*73
$GPGLL,2520.02565,N,05128.15652,E,112725.00,A,A*61
$GPRMC,112726.00,A,2520.02586,N,05128.15629,E,0.556,,200726,,,A*7D
$GPVTG,,T,,M,0.556,N,1.029,K,A*2F
$GPGGA,112726.00,2520.02586,N,05128.15629,E,1,03,5.86,-0.3,M,-24.7,M,,*5C
$GPGSA,A,2,31,28,03,,,,,,,,,,5.95,5.86,1.00*0B
$GPGSV,2,1,06,03,54,348,34,16,,,31,26,,,37,28,21,039,33*70
$GPGSV,2,2,06,31,50,045,32,42,38,117,41*77
$GPGLL,2520.02586,N,05128.15629,E,112726.00,A,A*63
$GPRMC,112727.00,A,2520.02551,N,05128.15628,E,0.554,,200726,,,A*75
$GPVTG,,T,,M,0.554,N,1.027,K,A*23
$GPGGA,112727.00,2520.02551,N,05128.15628,E,1,03,5.87,-0.3,M,-24.7,M,,*57
$GPGSA,A,2,31,28,03,,,,,,,,,,5.95,5.87,1.00*0A
$GPGSV,2,1,06,03,54,348,34,16,,,31,26,,,37,28,21,039,34*77
$GPGSV,2,2,06,31,50,045,31,42,38,117,41*74
$GPGLL,2520.02551,N,05128.15628,E,112727.00,A,A*69
$GPRMC,112728.00,A,2520.02490,N,05128.15654,E,0.545,,200726,,,A*7D
$GPVTG,,T,,M,0.545,N,1.010,K,A*27
$GPGGA,112728.00,2520.02490,N,05128.15654,E,1,03,5.87,-0.2,M,-24.7,M,,*5E
$GPGSA,A,2,31,28,03,,,,,,,,,,5.95,5.87,1.00*0A
$GPGSV,2,1,06,03,54,348,34,16,,,30,26,,,37,28,21,039,34*76
$GPGSV,2,2,06,31,50,045,31,42,38,117,41*74
$GPGLL,2520.02490,N,05128.15654,E,112728.00,A,A*61
$GPRMC,112729.00,A,2520.02449,N,05128.15690,E,0.788,,200726,,,A*73
$GPVTG,,T,,M,0.788,N,1.459,K,A*2D
$GPGGA,112729.00,2520.02449,N,05128.15690,E,1,03,5.87,-0.2,M,-24.7,M,,*53
$GPGSA,A,2,31,28,03,,,,,,,,,,5.96,5.87,1.00*09
$GPGSV,2,1,06,03,54,348,34,16,,,32,26,,,37,28,21,039,30*70
$GPGSV,2,2,06,31,50,045,31,42,38,117,41*74
$GPGLL,2520.02449,N,05128.15690,E,112729.00,A,A*6C
$GPRMC,112730.00,A,2520.02355,N,05128.15692,E,1.369,,200726,,,A*79
$GPVTG,,T,,M,1.369,N,2.536,K,A*2C
$GPGGA,112730.00,2520.02355,N,05128.15692,E,1,03,5.87,-0.2,M,-24.7,M,,*53
$GPGSA,A,2,31,28,03,,,,,,,,,,5.96,5.87,1.00*09
$GPGSV,2,1,06,03,54,348,34,16,,,33,26,,,37,28,21,039,34*75
$GPGSV,2,2,06,31,50,045,32,42,38,117,41*77
$GPGLL,2520.02355,N,05128.15692,E,112730.00,A,A*6C
$GPRMC,112731.00,A,2520.02374,N,05128.15686,E,1.006,,200726,,,A*74
$GPVTG,,T,,M,1.006,N,1.862,K,A*29
$GPGGA,112731.00,2520.02374,N,05128.15686,E,1,03,5.88,-0.2,M,-24.7,M,,*5B
$GPGSA,A,2,31,28,03,,,,,,,,,,5.96,5.88,1.00*06
$GPGSV,2,1,06,03,54,348,33,16,,,33,26,,,37,28,21,039,33*75
$GPGSV,2,2,06,31,50,045,31,42,38,117,41*74
$GPGLL,2520.02374,N,05128.15686,E,112731.00,A,A*6B
$GPRMC,112732.00,A,2520.02387,N,05128.15697,E,1.140,,200726,,,A*78
$GPVTG,,T,,M,1.140,N,2.111,K,A*24
$GPGGA,112732.00,2520.02387,N,05128.15697,E,1,03,5.88,-0.2,M,-24.7,M,,*54
$GPGSA,A,2,31,28,03,,,,,,,,,,5.96,5.88,1.00*06
$GPGSV,2,1,06,03,54,348,33,16,,,34,26,,,37,28,21,039,33*72
$GPGSV,2,2,06,31,50,045,31,42,38,117,41*74
$GPGLL,2520.02387,N,05128.15697,E,112732.00,A,A*64
$GPRMC,112733.00,A,2520.02508,N,05128.15693,E,0.164,,200726,,,A*7B
$GPVTG,,T,,M,0.164,N,0.304,K,A*27
$GPGGA,112733.00,2520.02508,N,05128.15693,E,1,03,5.88,-0.2,M,-24.7,M,,*50
$GPGSA,A,2,31,28,03,,,,,,,,,,5.96,5.88,1.00*06
$GPGSV,2,1,06,03,54,348,33,16,,,33,26,,,37,28,21,039,33*75
$GPGSV,2,2,06,31,50,045,31,42,38,117,41*74
$GPGLL,2520.02508,N,05128.15693,E,112733.00,A,A*60
$GPRMC,112734.00,V,,,,,,,200726,,,N*7E
$GPVTG,,,,,,,,,N*30
$GPGGA,112734.00,,,,,0,04,3.56,,,,,,*50
$GPGSA,A,1,31,28,26,03,,,,,,,,,5.84,3.56,4.62*06
$GPGSV,2,1,06,03,54,348,33,16,,,33,26,30,107,36,28,21,039,32*40
$GPGSV,2,2,06,31,50,045,31,42,38,117,41*74
$GPGLL,,,,,112734.00,V,N*48
$GPRMC,112735.00,V,,,,,,,200726,,,N*7F
$GPVTG,,,,,,,,,N*30
$GPGGA,112735.00,,,,,0,04,3.56,,,,,,*51
$GPGSA,A,1,31,28,26,03,,,,,,,,,5.84,3.56,4.62*06
$GPGSV,2,1,06,03,54,348,34,16,,,33,26,30,107,36,28,21,039,32*47
$GPGSV,2,2,06,31,50,045,31,42,38,117,41*74
$GPGLL,,,,,112735.00,V,N*49
$GPRMC,112736.00,A,2520.06216,N,05128.16623,E,0.081,,200726,,,A*70
$GPVTG,,T,,M,0.081,N,0.150,K,A*2E
$GPGGA,112736.00,2520.06216,N,05128.16623,E,1,04,3.56,44.0,M,-24.7,M,,*4C
$GPGSA,A,3,31,28,26,03,,,,,,,,,5.84,3.56,4.63*05
$GPGSV,2,1,06,03,54,348,34,16,,,33,26,30,107,37,28,21,039,32*46
$GPGSV,2,2,06,31,50,045,31,42,38,117,41*74
$GPGLL,2520.06216,N,05128.16623,E,112736.00,A,A*61
$GPRMC,112737.00,A,2520.06225,N,05128.16659,E,0.548,,200726,,,A*7C
$GPVTG,,T,,M,0.548,N,1.015,K,A*2F
$GPGGA,112737.00,2520.06225,N,05128.16659,E,1,04,3.56,45.1,M,-24.7,M,,*40
$GPGSA,A,3,31,28,26,03,,,,,,,,,5.84,3.56,4.63*05
$GPGSV,2,1,06,03,54,348,34,16,,,33,26,30,107,37,28,21,039,32*46
$GPGSV,2,2,06,31,50,045,31,42,38,117,41*74
$GPGLL,2520.06225,N,05128.16659,E,112737.00,A,A*6D
$GPRMC,112738.00,A,2520.06239,N,05128.16710,E,0.339,,200726,,,A*72
$GPVTG,,T,,M,0.339,N,0.628,K,A*26
$GPGGA,112738.00,2520.06239,N,05128.16710,E,1,04,3.57,46.0,M,-24.7,M,,*4D
$GPGSA,A,3,31,28,26,03,,,,,,,,,5.84,3.57,4.63*04
$GPGSV,2,1,06,03,54,348,34,16,,,33,26,30,107,36,28,21,039,32*47
$GPGSV,2,2,06,31,50,045,31,42,38,117,41*74
$GPGLL,2520.06239,N,05128.16710,E,112738.00,A,A*63
$GPRMC,112739.00,A,2520.06232,N,05128.16718,E,0.408,,200726,,,A*75
$GPVTG,,T,,M,0.408,N,0.755,K,A*28
$GPGGA,112739.00,2520.06232,N,05128.16718,E,1,04,3.57,46.6,M,-24.7,M,,*49
$GPGSA,A,3,31,28,26,03,,,,,,,,,5.84,3.57,4.63*04
$GPGSV,2,1,06,03,54,348,34,16,,,33,26,30,107,36,28,21,039,32*47
$GPGSV,2,2,06,31,50,045,31,42,38,117,41*74
$GPGLL,2520.06232,N,05128.16718,E,112739.00,A,A*61
$GPRMC,112740.00,A,2520.06250,N,05128.16754,E,0.488,,200726,,,A*7F
$GPVTG,,T,,M,0.488,N,0.904,K,A*2A
$GPGGA,112740.00,2520.06250,N,05128.16754,E,1,04,3.57,47.4,M,-24.7,M,,*48
$GPGSA,A,3,31,28,26,03,,,,,,,,,5.84,3.57,4.63*04
$GPGSV,2,1,06,03,54,348,34,16,,,33,26,30,107,36,28,21,039,32*47
$GPGSV,2,2,06,31,50,045,31,42,38,117,41*74
$GPGLL,2520.06250,N,05128.16754,E,112740.00,A,A*63
$GPRMC,112741.00,A,2520.06265,N,05128.16777,E,0.667,,200726,,,A*7A
$GPVTG,,T,,M,0.667,N,1.235,K,A*21
$GPGGA,112741.00,2520.06265,N,05128.16777,E,1,04,3.57,47.8,M,-24.7,M,,*42
$GPGSA,A,3,31,28,26,03,,,,,,,,,5.85,3.57,4.63*05
$GPGSV,2,1,06,03,54,348,34,16,,,32,26,30,107,36,28,21,039,32*46
$GPGSV,2,2,06,31,50,045,31,42,38,117,41*74
$GPGLL,2520.06265,N,05128.16777,E,112741.00,A,A*65
$GPRMC,112742.00,A,2520.06258,N,05128.16766,E,0.437,,200726,,,A*70
$GPVTG,,T,,M,0.437,N,0.810,K,A*2A
$GPGGA,112742.00,2520.06258,N,05128.16766,E,1,04,3.57,47.7,M,-24.7,M,,*40
$GPGSA,A,3,31,28,26,03,,,,,,,,,5.85,3.57,4.63*05
$GPGSV,2,1,06,03,54,348,33,16,,,32,26,30,107,36,28,21,039,31*42
$GPGSV,2,2,06,31,50,045,32,42,38,117,41*77
$GPGLL,2520.06258,N,05128.16766,E,112742.00,A,A*68
$GPRMC,112743.00,A,2520.06255,N,05128.16778,E,0.450,,200726,,,A*72
$GPVTG,,T,,M,0.450,N,0.834,K,A*2D
$GPGGA,112743.00,2520.06255,N,05128.16778,E,1,04,3.57,47.4,M,-24.7,M,,*40
$GPGSA,A,3,31,28,26,03,,,,,,,,,5.85,3.57,4.63*05
$GPGSV,2,1,06,03,54,348,33,16,,,33,26,30,107,36,28,21,039,32*40
$GPGSV,2,2,06,31,50,045,32,42,38,117,41*77
$GPGLL,2520.06255,N,05128.16778,E,112743.00,A,A*6B
$GPRMC,112744.00,A,2520.06247,N,05128.16797,E,0.943,,200726,,,A*78
$GPVTG,,T,,M,0.943,N,1.746,K,A*29
$GPGGA,112744.00,2520.06247,N,05128.16797,E,1,04,3.57,47.2,M,-24.7,M,,*43
$GPGSA,A,3,31,28,26,03,,,,,,,,,5.85,3.57,4.63*05
$GPGSV,2,1,06,03,54,348,34,16,,,33,26,30,107,36,28,21,039,33*46
$GPGSV,2,2,06,31,50,045,31,42,38,117,41*74
$GPGLL,2520.06247,N,05128.16797,E,112744.00,A,A*6E
$GPRMC,112745.00,A,2520.06259,N,05128.16830,E,1.516,,200726,,,A*79
$GPVTG,,T,,M,1.516,N,2.807,K,A*2D
$GPGGA,112745.00,2520.06259,N,05128.16830,E,1,04,3.57,47.1,M,-24.7,M,,*4C
$GPGSA,A,3,31,28,26,03,,,,,,,,,5.85,3.57,4.63*05
$GPGSV,2,1,06,03,54,348,34,16,,,32,26,30,107,36,28,21,039,32*46
$GPGSV,2,2,06,31,50,045,31,42,38,117,40*75
$GPGLL,2520.06259,N,05128.16830,E,112745.00,A,A*62
$GPRMC,112746.00,A,2520.06261,N,05128.16827,E,0.874,,200726,,,A*7F
$GPVTG,,T,,M,0.874,N,1.619,K,A*27
$GPGGA,112746.00,2520.06261,N,05128.16827,E,1,04,3.58,46.8,M,-24.7,M,,*45
$GPGSA,A,3,31,28,26,03,,,,,,,,,5.85,3.58,4.63*0A
$GPGSV,2,1,06,03,54,348,33,16,,,33,26,30,107,36,28,21,039,32*40
$GPGSV,2,2,06,31,50,045,32,42,38,117,40*76
$GPGLL,2520.06261,N,05128.16827,E,112746.00,A,A*6C
$GPRMC,112747.00,A,2520.06258,N,05128.16819,E,0.668,,200726,,,A*7A
$GPVTG,,T,,M,0.668,N,1.238,K,A*23
$GPGGA,112747.00,2520.06258,N,05128.16819,E,1,04,3.58,46.4,M,-24.7,M,,*4F
$GPGSA,A,3,31,28,26,03,,,,,,,,,5.85,3.58,4.63*0A
$GPGSV,2,1,06,03,54,348,33,16,,,34,26,30,107,36,28,21,039,31*44
$GPGSV,2,2,06,31,50,045,33,42,38,117,40*77
$GPGLL,2520.06258,N,05128.16819,E,112747.00,A,A*6A
$GPRMC,112748.00,A,2520.06251,N,05128.16820,E,0.734,,200726,,,A*7E
$GPVTG,,T,,M,0.734,N,1.359,K,A*2D
$GPGGA,112748.00,2520.06251,N,05128.16820,E,1,04,3.58,46.3,M,-24.7,M,,*44
$GPGSA,A,3,31,28,26,03,,,,,,,,,5.86,3.58,4.63*09
$GPGSV,2,1,06,03,54,348,34,16,,,33,26,30,107,36,28,21,039,28*4C
$GPGSV,2,2,06,31,50,045,34,42,38,117,40*70
$GPGLL,2520.06251,N,05128.16820,E,112748.00,A,A*66
$GPRMC,112749.00,A,2520.06238,N,05128.16790,E,0.598,,200726,,,A*70
$GPVTG,,T,,M,0.598,N,1.108,K,A*2F
$GPGGA,112749.00,2520.06238,N,05128.16790,E,1,04,3.58,46.2,M,-24.7,M,,*4F
$GPGSA,A,3,31,28,26,03,,,,,,,,,5.86,3.58,4.64*0E
$GPGSV,2,1,06,03,54,348,34,16,,,33,26,30,107,36,28,21,039,29*4D
$GPGSV,2,2,06,31,50,045,35,42,38,117,40*71
$GPGLL,2520.06238,N,05128.16790,E,112749.00,A,A*6C
$GPRMC,112750.00,A,2520.06218,N,05128.16763,E,0.147,,200726,,,A*70
$GPVTG,,T,,M,0.147,N,0.273,K,A*27
$GPGGA,112750.00,2520.06218,N,05128.16763,E,1,04,3.58,45.9,M,-24.7,M,,*41
$GPGSA,A,3,31,28,26,03,,,,,,,,,5.86,3.58,4.64*0E
$GPGSV,2,1,06,03,54,348,33,16,,,33,26,30,107,36,28,21,039,30*42
$GPGSV,2,2,06,31,49,045,34,42,38,117,40*78
$GPGLL,2520.06218,N,05128.16763,E,112750.00,A,A*6A
$GPRMC,112751.00,A,2520.06199,N,05128.16735,E,0.277,,200726,,,A*78
$GPVTG,,T,,M,0.277,N,0.513,K,A*26
$GPGGA,112751.00,2520.06199,N,05128.16735,E,1,04,3.58,45.6,M,-24.7,M,,*46
$GPGSA,A,3,31,28,26,03,,,,,,,,,5.86,3.58,4.64*0E
$GPGSV,2,1,06,03,54,348,33,16,,,33,26,30,107,35,28,21,039,30*41
$GPGSV,2,2,06,31,49,045,34,42,38,117,40*78
$GPGLL,2520.06199,N,05128.16735,E,112751.00,A,A*62
$GPRMC,112752.00,A,2520.06176,N,05128.16720,E,0.535,,200726,,,A*7F
$GPVTG,,T,,M,0.535,N,0.990,K,A*20
$GPGGA,112752.00,2520.06176,N,05128.16720,E,1,04,3.58,45.4,M,-24.7,M,,*42
$GPGSA,A,3,31,28,26,03,,,,,,,,,5.86,3.58,4.64*0E
$GPGSV,2,1,06,03,54,348,33,16,,,33,26,30,107,35,28,21,039,30*41
$GPGSV,2,2,06,31,49,045,34,42,38,117,40*78
$GPGLL,2520.06176,N,05128.16720,E,112752.00,A,A*64
$GPRMC,112753.00,A,2520.06152,N,05128.16702,E,0.440,,200726,,,A*7B
$GPVTG,,T,,M,0.440,N,0.815,K,A*2F
$GPGGA,112753.00,2520.06152,N,05128.16702,E,1,04,3.59,45.3,M,-24.7,M,,*43
$GPGSA,A,3,31,28,26,03,,,,,,,,,5.86,3.59,4.64*0F
$GPGSV,2,1,06,03,54,348,33,16,,,33,26,30,107,36,28,21,039,30*42
$GPGSV,2,2,06,31,49,045,35,42,38,117,40*79
$GPGLL,2520.06152,N,05128.16702,E,112753.00,A,A*63
$GPRMC,112754.00,A,2520.06128,N,05128.16701,E,0.659,,200726,,,A*78
$GPVTG,,T,,M,0.659,N,1.220,K,A*28
$GPGGA,112754.00,2520.06128,N,05128.16701,E,1,04,3.59,45.1,M,-24.7,M,,*48
$GPGSA,A,3,31,28,26,03,,,,,,,,,5.86,3.59,4.64*0F
$GPGSV,2,1,06,03,54,348,33,16,,,33,26,30,107,36,28,21,039,30*42
$GPGSV,2,2,06,31,49,045,35,42,38,117,40*79
$GPGLL,2520.06128,N,05128.16701,E,112754.00,A,A*6A
$GPRMC,112755.00,A,2520.06118,N,05128.16701,E,0.030,,200726,,,A*73
$GPVTG,,T,,M,0.030,N,0.055,K,A*20
$GPGGA,112755.00,2520.06118,N,05128.16701,E,1,04,3.59,45.0,M,-24.7,M,,*4B
$GPGSA,A,3,31,28,26,03,,,,,,,,,5.87,3.59,4.64*0E
$GPGSV,2,1,06,03,54,348,33,16,,,33,26,30,107,36,28,21,039,30*42
$GPGSV,2,2,06,31,49,045,34,42,38,117,40*78
$GPGLL,2520.06118,N,05128.16701,E,112755.00,A,A*68
$GPRMC,112756.00,A,2520.06098,N,05128.16672,E,0.461,,200726,,,A*7C
$GPVTG,,T,,M,0.461,N,0.855,K,A*28
$GPGGA,112756.00,2520.06098,N,05128.16672,E,1,04,3.59,45.0,M,-24.7,M,,*44
$GPGSA,A,3,31,28,26,03,,,,,,,,,5.87,3.59,4.64*0E
$GPGSV,2,1,06,03,54,348,33,16,,,33,26,30,107,36,28,21,039,31*43
$GPGSV,2,2,06,31,49,045,34,42,38,117,40*78
$GPGLL,2520.06098,N,05128.16672,E,112756.00,A,A*67
$GPRMC,112757.00,A,2520.06101,N,05128.16683,E,0.168,,200726,,,A*7E
$GPVTG,,T,,M,0.168,N,0.311,K,A*2F
$GPGGA,112757.00,2520.06101,N,05128.16683,E,1,04,3.59,45.0,M,-24.7,M,,*4A
$GPGSA,A,3,31,28,26,03,,,,,,,,,5.87,3.59,4.64*0E
$GPGSV,2,1,06,03,54,348,33,16,,,33,26,30,107,36,28,21,039,30*42
$GPGSV,2,2,06,31,49,045,35,42,38,117,40*79
$GPGLL,2520.06101,N,05128.16683,E,112757.00,A,A*69
$GPRMC,112758.00,A,2520.06124,N,05128.16713,E,0.384,,200726,,,A*7E
$GPVTG,,T,,M,0.384,N,0.712,K,A*28
$GPGGA,112758.00,2520.06124,N,05128.16713,E,1,05,2.30,45.4,M,-24.7,M,,*41
$GPGSA,A,3,31,28,26,16,03,,,,,,,,3.97,2.30,3.23*04
$GPGSV,2,1,06,03,54,348,33,16,19,138,33,26,30,107,36,28,21,039,30*70
$GPGSV,2,2,06,31,49,045,34,42,38,117,40*78
$GPGLL,2520.06124,N,05128.16713,E,112758.00,A,A*69
$GPRMC,112759.00,A,2520.06156,N,05128.16736,E,0.064,,200726,,,A*70
$GPVTG,,T,,M,0.064,N,0.119,K,A*28
$GPGGA,112759.00,2520.06156,N,05128.16736,E,1,05,2.30,45.4,M,-24.7,M,,*42
$GPGSA,A,3,31,28,26,16,03,,,,,,,,3.97,2.30,3.23*04
$GPGSV,2,1,07,03,54,348,33,09,,,25,16,19,138,33,26,30,107,36*4F
$GPGSV,2,2,07,28,21,039,30,31,49,045,34,42,38,117,40*49
$GPGLL,2520.06156,N,05128.16736,E,112759.00,A,A*6A
$GPRMC,112800.00,A,2520.06192,N,05128.16761,E,0.059,,200726,,,A*77
$GPVTG,,T,,M,0.059,N,0.109,K,A*27
$GPGGA,112800.00,2520.06192,N,05128.16761,E,1,05,2.30,45.4,M,-24.7,M,,*4B
$GPGSA,A,3,31,28,26,16,03,,,,,,,,3.97,2.30,3.23*04
$GPGSV,2,1,07,03,54,348,33,09,,,22,16,19,138,33,26,30,107,36*48
$GPGSV,2,2,07,28,21,039,30,31,49,045,34,42,38,117,40*49
$GPGLL,2520.06192,N,05128.16761,E,112800.00,A,A*63
$GPRMC,112801.00,A,2520.06211,N,05128.16765,E,0.063,,200726,,,A*73
$GPVTG,,T,,M,0.063,N,0.117,K,A*21
$GPGGA,112801.00,2520.06211,N,05128.16765,E,1,05,2.30,45.1,M,-24.7,M,,*43
$GPGSA,A,3,31,28,26,16,03,,,,,,,,3.97,2.30,3.23*04
$GPGSV,2,1,07,03,54,348,32,09,,,18,16,19,138,33,26,30,107,36*40
$GPGSV,2,2,07,28,21,039,30,31,49,045,34,42,38,117,40*49
$GPGLL,2520.06211,N,05128.16765,E,112801.00,A,A*6E
$GPRMC,112802.00,A,2520.06211,N,05128.16765,E,0.043,,200726,,,A*72
$GPVTG,,T,,M,0.043,N,0.080,K,A*2C
$GPGGA,112802.00,2520.06211,N,05128.16765,E,1,05,2.31,44.7,M,-24.7,M,,*46
$GPGSA,A,3,31,28,26,16,03,,,,,,,,3.97,2.31,3.23*05
$GPGSV,2,1,07,03,54,348,32,09,,,12,16,19,138,33,26,30,107,36*4A
$GPGSV,2,2,07,28,21,039,30,31,49,045,34,42,38,117,40*49
$GPGLL,2520.06211,N,05128.16765,E,112802.00,A,A*6D
$GPRMC,112803.00,A,2520.06211,N,05128.16759,E,0.204,,200726,,,A*7D
$GPVTG,,T,,M,0.204,N,0.377,K,A*26
$GPGGA,112803.00,2520.06211,N,05128.16759,E,1,05,2.31,44.3,M,-24.7,M,,*4C
$GPGSA,A,3,31,28,26,16,03,,,,,,,,3.97,2.31,3.23*05
$GPGSV,2,1,08,01,,,29,03,54,348,32,09,,,08,16,19,138,33*70
$GPGSV,2,2,08,26,30,107,36,28,21,039,30,31,49,045,34,42,38,117,40*72
$GPGLL,2520.06211,N,05128.16759,E,112803.00,A,A*63
$GPRMC,112804.00,A,2520.06220,N,05128.16756,E,0.019,,200726,,,A*79
$GPVTG,,T,,M,0.019,N,0.036,K,A*2E
$GPGGA,112804.00,2520.06220,N,05128.16756,E,1,05,2.31,44.0,M,-24.7,M,,*45
$GPGSA,A,3,31,28,26,16,03,,,,,,,,3.97,2.31,3.23*05
$GPGSV,2,1,07,01,,,27,03,54,348,32,16,19,138,33,26,30,107,36*44
$GPGSV,2,2,07,28,21,039,30,31,49,045,34,42,38,117,40*49
$GPGLL,2520.06220,N,05128.16756,E,112804.00,A,A*69
$GPRMC,112805.00,A,2520.06227,N,05128.16755,E,0.239,,200726,,,A*7C
$GPVTG,,T,,M,0.239,N,0.443,K,A*28
$GPGGA,112805.00,2520.06227,N,05128.16755,E,1,05,2.31,43.8,M,-24.7,M,,*4F
$GPGSA,A,3,31,28,26,16,03,,,,,,,,3.97,2.31,3.23*05
$GPGSV,2,1,07,01,,,25,03,54,348,32,16,19,138,33,26,30,107,36*46
$GPGSV,2,2,07,28,21,039,30,31,49,045,34,42,38,117,40*49
$GPGLL,2520.06227,N,05128.16755,E,112805.00,A,A*6C
$GPRMC,112806.00,A,2520.06228,N,05128.16749,E,0.098,,200726,,,A*74
$GPVTG,,T,,M,0.098,N,0.182,K,A*29
$GPGGA,112806.00,2520.06228,N,05128.16749,E,1,05,2.31,43.6,M,-24.7,M,,*40
$GPGSA,A,3,31,28,26,16,03,,,,,,,,3.97,2.31,3.23*05
$GPGSV,2,1,07,01,,,22,03,54,348,32,16,19,138,32,26,30,107,36*40
$GPGSV,2,2,07,28,21,039,30,31,49,045,35,42,38,117,40*48
$GPGLL,2520.06228,N,05128.16749,E,112806.00,A,A*6D
$GPRMC,112807.00,A,2520.06234,N,05128.16750,E,0.604,,200726,,,A*73
$GPVTG,,T,,M,0.604,N,1.119,K,A*29
$GPGGA,112807.00,2520.06234,N,05128.16750,E,1,05,2.31,43.6,M,-24.7,M,,*44
$GPGSA,A,3,31,28,26,16,03,,,,,,,,3.97,2.31,3.23*05
$GPGSV,2,1,08,01,,,18,02,,,29,03,54,348,32,16,19,138,31*78
$GPGSV,2,2,08,26,30,107,36,28,21,039,30,31,49,045,35,42,38,117,40*73
$GPGLL,2520.06234,N,05128.16750,E,112807.00,A,A*69
$GPRMC,112808.00,A,2520.06235,N,05128.16748,E,0.671,,200726,,,A*76
$GPVTG,,T,,M,0.671,N,1.242,K,A*26
$GPGGA,112808.00,2520.06235,N,05128.16748,E,1,05,2.31,43.4,M,-24.7,M,,*41
$GPGSA,A,3,31,28,26,16,03,,,,,,,,3.97,2.31,3.23*05
$GPGSV,2,1,08,01,,,10,02,,,27,03,54,348,31,16,19,138,31*7D
$GPGSV,2,2,08,26,30,107,35,28,21,039,29,31,49,045,35,42,38,117,40*78
$GPGLL,2520.06235,N,05128.16748,E,112808.00,A,A*6E
$GPRMC,112809.00,A,2520.06234,N,05128.16739,E,0.038,,200726,,,A*7B
$GPVTG,,T,,M,0.038,N,0.071,K,A*2E
$GPGGA,112809.00,2520.06234,N,05128.16739,E,1,05,2.31,43.1,M,-24.7,M,,*42
$GPGSA,A,3,31,28,26,16,03,,,,,,,,3.97,2.31,3.23*05
$GPGSV,2,1,07,01,,,08,03,54,348,32,16,19,138,31,26,30,107,36*4B
$GPGSV,2,2,07,28,21,039,29,31,49,045,35,42,38,117,40*40
$GPGLL,2520.06234,N,05128.16739,E,112809.00,A,A*68
$GPRMC,112810.00,A,2520.06228,N,05128.16706,E,0.863,,200726,,,A*74
$GPVTG,,T,,M,0.863,N,1.598,K,A*2B
$GPGGA,112810.00,2520.06228,N,05128.16706,E,1,05,2.31,42.7,M,-24.7,M,,*4C
$GPGSA,A,3,31,28,26,16,03,,,,,,,,3.97,2.31,3.23*05
$GPGSV,3,1,09,02,,,27,03,54,348,31,10,,,34,16,19,138,31*7B
$GPGSV,3,2,09,26,30,107,36,28,21,039,29,29,,,34,31,49,045,35*49
$GPGSV,3,3,09,42,38,117,40*4E
$GPGLL,2520.06228,N,05128.16706,E,112810.00,A,A*61
$GPRMC,112811.00,A,2520.06226,N,05128.16686,E,0.249,,200726,,,A*70
$GPVTG,,T,,M,0.249,N,0.461,K,A*2F
$GPGGA,112811.00,2520.06226,N,05128.16686,E,1,05,2.31,42.5,M,-24.7,M,,*48
$GPGSA,A,3,31,28,26,16,03,,,,,,,,3.97,2.31,3.23*05
$GPGSV,3,1,12,02,,,25,03,54,348,31,10,,,28,12,,,27*4F
$GPGSV,3,2,12,16,19,138,31,19,,,29,20,,,31,23,,,28*44
$GPGSV,3,3,12,26,30,107,36,28,21,039,29,31,49,045,35,42,38,117,40*70
$GPGLL,2520.06226,N,05128.16686,E,112811.00,A,A*67
$GPRMC,112812.00,A,2520.06224,N,05128.16664,E,0.014,,200726,,,A*77
$GPVTG,,T,,M,0.014,N,0.025,K,A*21
$GPGGA,112812.00,2520.06224,N,05128.16664,E,1,05,2.31,42.2,M,-24.7,M,,*42
$GPGSA,A,3,31,28,26,16,03,,,,,,,,3.97,2.31,3.23*05
$GPGSV,4,1,13,02,,,25,03,54,348,31,08,,,28,10,,,26*43
$GPGSV,4,2,13,12,,,26,16,19,138,31,19,,,26,20,,,30*40
$GPGSV,4,3,13,23,,,26,26,30,107,36,28,21,039,29,31,49,045,35*4D
$GPGSV,4,4,13,42,38,117,40*45
$GPGLL,2520.06224,N,05128.16664,E,112812.00,A,A*6A
$GPRMC,112813.00,A,2520.06223,N,05128.16651,E,0.177,,200726,,,A*73
$GPVTG,,T,,M,0.177,N,0.328,K,A*2B
$GPGGA,112813.00,2520.06223,N,05128.16651,E,1,05,2.31,42.0,M,-24.7,M,,*40
$GPGSA,A,3,31,28,26,16,03,,,,,,,,3.97,2.31,3.23*05
$GPGSV,4,1,13,02,,,22,03,54,348,31,08,,,26,10,,,22*4E
$GPGSV,4,2,13,12,,,24,16,19,138,32,19,,,24,20,,,29*4B
$GPGSV,4,3,13,23,,,24,26,30,107,36,28,21,039,29,31,49,045,35*4F
$GPGSV,4,4,13,42,38,117,40*45
$GPGLL,2520.06223,N,05128.16651,E,112813.00,A,A*6A
$GPRMC,112814.00,A,2520.06229,N,05128.16652,E,0.039,,200726,,,A*76
$GPVTG,,T,,M,0.039,N,0.072,K,A*2C
$GPGGA,112814.00,2520.06229,N,05128.16652,E,1,05,2.31,41.7,M,-24.7,M,,*4A
$GPGSA,A,3,31,28,26,16,03,,,,,,,,3.97,2.31,3.23*05
$GPGSV,4,1,13,02,,,25,03,54,348,31,08,,,22,10,,,20*4F
$GPGSV,4,2,13,12,,,23,16,19,138,32,19,,,21,20,,,28*48
$GPGSV,4,3,13,23,,,20,26,30,107,36,28,21,039,29,31,49,045,35*4B
$GPGSV,4,4,13,42,38,117,40*45
$GPGLL,2520.06229,N,05128.16652,E,112814.00,A,A*64
$GPRMC,112815.00,A,2520.06229,N,05128.16643,E,0.173,,200726,,,A*78
$GPVTG,,T,,M,0.173,N,0.321,K,A*26
$GPGGA,112815.00,2520.06229,N,05128.16643,E,1,05,2.31,41.5,M,-24.7,M,,*49
$GPGSA,A,3,31,28,26,16,03,,,,,,,,3.97,2.31,3.23*05
$GPGSV,2,1,08,02,,,25,03,54,348,31,16,19,138,32,20,,,28*74
$GPGSV,2,2,08,26,30,107,36,28,21,039,29,31,49,045,35,42,38,117,40*7B
$GPGLL,2520.06229,N,05128.16643,E,112815.00,A,A*65
$GPRMC,112816.00,A,2520.06221,N,05128.16620,E,0.229,,200726,,,A*7A
$GPVTG,,T,,M,0.229,N,0.424,K,A*28
$GPGGA,112816.00,2520.06221,N,05128.16620,E,1,05,2.31,41.2,M,-24.7,M,,*40
$GPGSA,A,3,31,28,26,16,03,,,,,,,,3.97,2.31,3.23*05
$GPGSV,3,1,10,02,,,22,03,54,348,31,07,04,215,,16,19,138,32*46
$GPGSV,3,2,10,20,,,27,23,,,26,26,30,107,36,28,21,039,29*77
$GPGSV,3,3,10,31,49,045,35,42,38,117,40*7E
$GPGLL,2520.06221,N,05128.16620,E,112816.00,A,A*6B
$GPRMC,112817.00,A,2520.06221,N,05128.16611,E,0.260,,200726,,,A*74
$GPVTG,,T,,M,0.260,N,0.482,K,A*29
$GPGGA,112817.00,2520.06221,N,05128.16611,E,1,05,2.31,41.0,M,-24.7,M,,*41
$GPGSA,A,3,31,28,26,16,03,,,,,,,,3.97,2.31,3.23*05
$GPGSV,3,1,09,03,54,348,31,07,04,215,,16,19,138,32,20,,,27*4B
$GPGSV,3,2,09,23,,,26,26,30,107,36,28,21,039,29,31,49,045,35*40
$GPGSV,3,3,09,42,38,117,40*4E
$GPGLL,2520.06221,N,05128.16611,E,112817.00,A,A*68
$GPRMC,112818.00,A,2520.06223,N,05128.16623,E,0.141,,200726,,,A*78
$GPVTG,,T,,M,0.141,N,0.261,K,A*22
$GPGGA,112818.00,2520.06223,N,05128.16623,E,1,05,2.31,40.8,M,-24.7,M,,*44
$GPGSA,A,3,31,28,26,16,03,,,,,,,,3.97,2.31,3.23*05
$GPGSV,3,1,09,03,54,348,31,07,04,215,,16,19,138,33,20,,,26*4B
$GPGSV,3,2,09,23,,,26,26,30,107,36,28,21,039,30,31,49,045,35*48
$GPGSV,3,3,09,42,38,117,41*4F
$GPGLL,2520.06223,N,05128.16623,E,112818.00,A,A*64
$GPRMC,112819.00,A,2520.06222,N,05128.16619,E,0.204,,200726,,,A*73
$GPVTG,,T,,M,0.204,N,0.377,K,A*26
$GPGGA,112819.00,2520.06222,N,05128.16619,E,1,05,2.31,40.8,M,-24.7,M,,*4D
$GPGSA,A,3,31,28,26,16,03,,,,,,,,3.97,2.31,3.23*05
$GPGSV,3,1,09,03,54,348,32,07,04,215,,16,19,138,33,20,,,25*4B
$GPGSV,3,2,09,23,,,25,26,30,107,36,28,21,039,30,31,49,045,33*4D
$GPGSV,3,3,09,42,38,117,40*4E
$GPGLL,2520.06222,N,05128.16619,E,112819.00,A,A*6D
$GPRMC,112820.00,A,2520.06219,N,05128.16612,E,0.419,,200726,,,A*70
$GPVTG,,T,,M,0.419,N,0.776,K,A*29
$GPGGA,112820.00,2520.06219,N,05128.16612,E,1,05,2.31,40.7,M,-24.7,M,,*4B
$GPGSA,A,3,31,28,26,16,03,,,,,,,,3.97,2.31,3.23*05
$GPGSV,2,1,08,03,54,348,32,07,04,215,,16,19,138,34,20,,,24*4D
$GPGSV,2,2,08,26,30,107,36,28,21,039,30,31,49,045,33,42,38,117,40*75
$GPGLL,2520.06219,N,05128.16612,E,112820.00,A,A*64
$GPRMC,112821.00,A,2520.06219,N,05128.16606,E,0.045,,200726,,,A*79
$GPVTG,,T,,M,0.045,N,0.084,K,A*2E
$GPGGA,112821.00,2520.06219,N,05128.16606,E,1,05,2.31,40.7,M,-24.7,M,,*4F
$GPGSA,A,3,31,28,26,16,03,,,,,,,,3.97,2.31,3.23*05
$GPGSV,2,1,08,03,54,348,32,07,04,215,,16,19,138,33,20,,,23*4D
$GPGSV,2,2,08,26,30,107,35,28,21,039,29,31,49,045,34,42,38,117,40*79
$GPGLL,2520.06219,N,05128.16606,E,112821.00,A,A*60
$GPRMC,112822.00,A,2520.06214,N,05128.16591,E,0.101,,200726,,,A*7B
$GPVTG,,T,,M,0.101,N,0.188,K,A*22
$GPGGA,112822.00,2520.06214,N,05128.16591,E,1,05,2.31,40.7,M,-24.7,M,,*4C
$GPGSA,A,3,31,28,26,16,03,,,,,,,,3.97,2.31,3.23*05
$GPGSV,2,1,08,03,54,348,32,07,04,215,,16,19,138,34,20,,,23*4A
$GPGSV,2,2,08,26,30,107,35,28,21,039,28,31,49,045,34,42,38,117,40*78
$GPGLL,2520.06214,N,05128.16591,E,112822.00,A,A*63
$GPRMC,112823.00,A,2520.06209,N,05128.16583,E,0.032,,200726,,,A*74
$GPVTG,,T,,M,0.032,N,0.059,K,A*2E
$GPGGA,112823.00,2520.06209,N,05128.16583,E,1,05,2.32,40.8,M,-24.7,M,,*4E
$GPGSA,A,3,31,28,26,16,03,,,,,,,,3.97,2.32,3.23*06
$GPGSV,2,1,08,03,54,348,32,07,04,215,,16,19,138,34,20,,,25*4C
$GPGSV,2,2,08,26,30,107,35,28,21,039,28,31,49,045,34,42,38,117,40*78
$GPGLL,2520.06209,N,05128.16583,E,112823.00,A,A*6D
$GPRMC,112824.00,A,2520.06215,N,05128.16601,E,0.403,,200726,,,A*71
$GPVTG,,T,,M,0.403,N,0.747,K,A*20
$GPGGA,112824.00,2520.06215,N,05128.16601,E,1,05,2.32,40.8,M,-24.7,M,,*4D
$GPGSA,A,3,31,28,26,16,03,,,,,,,,3.97,2.32,3.23*06
$GPGSV,2,1,08,03,54,348,31,07,04,215,,16,19,138,34,20,,,22*48
$GPGSV,2,2,08,26,30,107,35,28,21,039,28,31,49,045,34,42,38,117,40*78
$GPGLL,2520.06215,N,05128.16601,E,112824.00,A,A*6E
$GPRMC,112825.00,A,2520.06215,N,05128.16600,E,0.486,,200726,,,A*7C
$GPVTG,,T,,M,0.486,N,0.901,K,A*21
$GPGGA,112825.00,2520.06215,N,05128.16600,E,1,05,2.32,40.7,M,-24.7,M,,*42
$GPGSA,A,3,31,28,26,16,03,,,,,,,,3.97,2.32,3.23*06
$GPGSV,2,1,08,03,54,348,32,07,04,215,,16,19,138,34,20,,,19*43
$GPGSV,2,2,08,26,30,107,35,28,21,039,28,31,49,045,34,42,38,117,40*78
$GPGLL,2520.06215,N,05128.16600,E,112825.00,A,A*6E
$GPRMC,112826.00,A,2520.06210,N,05128.16588,E,0.075,,200726,,,A*71
$GPVTG,,T,,M,0.075,N,0.139,K,A*2A
$GPGGA,112826.00,2520.06210,N,05128.16588,E,1,05,2.32,40.7,M,-24.7,M,,*47
$GPGSA,A,3,31,28,26,16,03,,,,,,,,3.97,2.32,3.23*06
$GPGSV,2,1,08,03,54,348,31,07,04,215,,16,19,138,34,20,,,16*4F
$GPGSV,2,2,08,26,30,107,35,28,21,039,29,31,49,045,34,42,38,117,40*79
$GPGLL,2520.06210,N,05128.16588,E,112826.00,A,A*6B
$GPRMC,112827.00,A,2520.06207,N,05128.16579,E,0.081,,200726,,,A*73
$GPVTG,,T,,M,0.081,N,0.149,K,A*26
$GPGGA,112827.00,2520.06207,N,05128.16579,E,1,05,2.32,40.6,M,-24.7,M,,*4F
$GPGSA,A,3,31,28,26,16,03,,,,,,,,3.97,2.32,3.23*06
$GPGSV,2,1,08,03,54,348,31,07,04,215,,16,19,138,34,20,,,15*4C
$GPGSV,2,2,08,26,30,107,36,28,21,039,29,31,49,045,35,42,38,117,40*7B
$GPGLL,2520.06207,N,05128.16579,E,112827.00,A,A*62
$GPRMC,112828.00,A,2520.06204,N,05128.16571,E,0.115,,200726,,,A*7B
$GPVTG,,T,,M,0.115,N,0.212,K,A*27
$GPGGA,112828.00,2520.06204,N,05128.16571,E,1,05,2.32,40.5,M,-24.7,M,,*48
$GPGSA,A,3,31,28,26,16,03,,,,,,,,3.98,2.32,3.23*09
$GPGSV,2,1,08,03,54,348,31,07,04,215,,16,19,138,34,20,,,11*48
$GPGSV,2,2,08,26,30,107,36,28,21,039,29,31,49,045,34,42,38,117,40*7A
$GPGLL,2520.06204,N,05128.16571,E,112828.00,A,A*66
$GPRMC,112829.00,A,2520.06207,N,05128.16571,E,0.214,,200726,,,A*7B
$GPVTG,,T,,M,0.214,N,0.396,K,A*28
$GPGGA,112829.00,2520.06207,N,05128.16571,E,1,05,2.32,40.4,M,-24.7,M,,*4B
$GPGSA,A,3,31,28,26,16,03,,,,,,,,3.98,2.32,3.23*09
$GPGSV,2,1,07,03,54,348,31,07,04,215,,16,19,138,34,26,30,107,36*71
$GPGSV,2,2,07,28,21,039,29,31,49,045,34,42,38,117,40*41
$GPGLL,2520.06207,N,05128.16571,E,112829.00,A,A*64
$GPRMC,112830.00,A,2520.06205,N,05128.16558,E,0.301,,200726,,,A*7F
$GPVTG,,T,,M,0.301,N,0.557,K,A*26
$GPGGA,112830.00,2520.06205,N,05128.16558,E,1,05,2.32,40.4,M,-24.7,M,,*4A
$GPGSA,A,3,31,28,26,16,03,,,,,,,,3.98,2.32,3.23*09
$GPGSV,2,1,07,03,54,348,31,07,04,215,,16,19,138,34,26,30,107,36*71
$GPGSV,2,2,07,28,21,039,29,31,49,045,34,42,38,117,40*41
$GPGLL,2520.06205,N,05128.16558,E,112830.00,A,A*65
$GPRMC,112831.00,A,2520.06202,N,05128.16541,E,0.095,,200726,,,A*7F
$GPVTG,,T,,M,0.095,N,0.176,K,A*2F
$GPGGA,112831.00,2520.06202,N,05128.16541,E,1,05,2.32,40.4,M,-24.7,M,,*44
$GPGSA,A,3,31,28,26,16,03,,,,,,,,3.98,2.32,3.23*09
$GPGSV,2,1,07,03,54,348,31,07,04,215,,16,19,138,33,26,30,107,36*76
$GPGSV,2,2,07,28,21,039,29,31,49,045,33,42,38,117,40*46
$GPGLL,2520.06202,N,05128.16541,E,112831.00,A,A*6B
$GPRMC,112832.00,A,2520.06203,N,05128.16518,E,0.112,,200726,,,A*7F
$GPVTG,,T,,M,0.112,N,0.207,K,A*24
$GPGGA,112832.00,2520.06203,N,05128.16518,E,1,05,2.32,40.4,M,-24.7,M,,*4A
$GPGSA,A,3,31,28,26,16,03,,,,,,,,3.98,2.32,3.23*09
$GPGSV,2,1,07,03,54,348,31,07,04,215,,16,19,138,33,26,30,107,36*76
$GPGSV,2,2,07,28,21,039,29,31,49,045,34,42,38,117,40*41
$GPGLL,2520.06203,N,05128.16518,E,112832.00,A,A*65
$GPRMC,112833.00,A,2520.06201,N,05128.16512,E,0.181,,200726,,,A*7C
$GPVTG,,T,,M,0.181,N,0.336,K,A*2D
$GPGGA,112833.00,2520.06201,N,05128.16512,E,1,05,2.32,40.4,M,-24.7,M,,*43
$GPGSA,A,3,31,28,26,16,03,,,,,,,,3.98,2.32,3.23*09
$GPGSV,2,1,07,03,54,348,31,07,04,215,18,16,19,138,34,26,30,107,36*78
$GPGSV,2,2,07,28,21,039,29,31,49,045,34,42,38,117,40*41
$GPGLL,2520.06201,N,05128.16512,E,112833.00,A,A*6C
$GPRMC,112834.00,A,2520.06202,N,05128.16515,E,0.104,,200726,,,A*72
$GPVTG,,T,,M,0.104,N,0.194,K,A*2A
$GPGGA,112834.00,2520.06202,N,05128.16515,E,1,05,2.32,40.3,M,-24.7,M,,*47
$GPGSA,A,3,31,28,26,16,03,,,,,,,,3.98,2.32,3.23*09
$GPGSV,2,1,07,03,54,348,30,07,04,215,18,16,19,138,34,26,30,107,36*79
$GPGSV,2,2,07,28,21,039,29,31,49,045,34,42,38,117,40*41
$GPGLL,2520.06202,N,05128.16515,E,112834.00,A,A*6F
$GPRMC,112835.00,A,2520.06200,N,05128.16508,E,0.202,,200726,,,A*78
$GPVTG,,T,,M,0.202,N,0.375,K,A*22
$GPGGA,112835.00,2520.06200,N,05128.16508,E,1,05,2.32,40.3,M,-24.7,M,,*48
$GPGSA,A,3,31,28,26,16,03,,,,,,,,3.98,2.32,3.23*09
$GPGSV,2,1,07,03,54,348,31,07,04,215,18,16,19,138,33,26,30,107,36*7F
$GPGSV,2,2,07,28,21,039,29,31,49,045,34,42,38,117,40*41
$GPGLL,2520.06200,N,05128.16508,E,112835.00,A,A*60
$GPRMC,112836.00,A,2520.06182,N,05128.16468,E,2.355,248.93,200726,,,D*6B
$GPVTG,248.93,T,,M,2.355,N,4.361,K,D*3D
$GPGGA,112836.00,2520.06182,N,05128.16468,E,2,05,2.32,40.2,M,-24.7,M,,0000*47
$GPGSA,A,3,31,28,26,16,03,,,,,,,,3.98,2.32,3.23*09
$GPGSV,2,1,07,03,54,348,30,07,04,215,17,16,19,138,33,26,30,107,36*71
$GPGSV,2,2,07,28,21,039,29,31,49,045,34,42,38,117,40*41
$GPGLL,2520.06182,N,05128.16468,E,112836.00,A,D*68
$GPRMC,112837.00,A,2520.06171,N,05128.16443,E,0.444,,200726,,,D*70
$GPVTG,,T,,M,0.444,N,0.822,K,D*2A
$GPGGA,112837.00,2520.06171,N,05128.16443,E,2,05,2.32,40.2,M,-24.7,M,,0000*43
$GPGSA,A,3,31,28,26,16,03,,,,,,,,3.98,2.32,3.23*09
$GPGSV,2,1,07,03,54,348,31,07,04,215,18,16,19,138,33,26,30,107,36*7F
$GPGSV,2,2,07,28,21,039,30,31,49,045,35,42,38,117,40*48
$GPGLL,2520.06171,N,05128.16443,E,112837.00,A,D*6C
$GPRMC,112838.00,A,2520.06172,N,05128.16437,E,0.110,,200726,,,D*7B
$GPVTG,,T,,M,0.110,N,0.203,K,D*27
$GPGGA,112838.00,2520.06172,N,05128.16437,E,2,05,2.32,40.0,M,-24.7,M,,0000*4E
$GPGSA,A,3,31,28,26,16,03,,,,,,,,3.98,2.32,3.23*09
$GPGSV,2,1,07,03,54,348,30,07,04,215,16,16,19,138,34,26,30,107,36*77
$GPGSV,2,2,07,28,21,039,30,31,49,045,34,42,38,117,41*48
$GPGLL,2520.06172,N,05128.16437,E,112838.00,A,D*63
$GPRMC,112839.00,A,2520.06175,N,05128.16436,E,0.604,,200726,,,D*7E
$GPVTG,,T,,M,0.604,N,1.119,K,D*2C
$GPGGA,112839.00,2520.06175,N,05128.16436,E,2,05,2.32,40.0,M,-24.7,M,,0000*49
$GPGSA,A,3,31,28,26,16,03,,,,,,,,3.98,2.32,3.23*09
$GPGSV,2,1,07,03,54,348,31,07,04,215,15,16,19,138,34,26,30,107,37*74
$GPGSV,2,2,07,28,21,039,30,31,49,045,34,42,38,117,40*49
$GPGLL,2520.06175,N,05128.16436,E,112839.00,A,D*64
$GPRMC,112840.00,A,2520.06166,N,05128.16413,E,2.211,,200726,,,D*77
$GPVTG,,T,,M,2.211,N,4.095,K,D*2E
$GPGGA,112840.00,2520.06166,N,05128.16413,E,2,05,2.32,39.9,M,-24.7,M,,0000*45
$GPGSA,A,3,31,28,26,16,03,,,,,,,,3.98,2.32,3.23*09
$GPGSV,2,1,07,03,54,348,31,07,04,215,14,16,19,138,34,26,30,107,36*74
$GPGSV,2,2,07,28,21,039,30,31,49,045,34,42,38,117,40*49
$GPGLL,2520.06166,N,05128.16413,E,112840.00,A,D*6F
$GPRMC,112841.00,A,2520.06158,N,05128.16381,E,1.287,,200726,,,D*7B
$GPVTG,,T,,M,1.287,N,2.384,K,D*27
$GPGGA,112841.00,2520.06158,N,05128.16381,E,2,05,2.32,39.8,M,-24.7,M,,0000*44
$GPGSA,A,3,31,28,26,16,03,,,,,,,,3.98,2.32,3.23*09
$GPGSV,2,1,07,03,54,348,31,07,04,215,,16,19,138,33,26,30,107,36*76
$GPGSV,2,2,07,28,21,039,30,31,49,045,34,42,38,117,40*49
$GPGLL,2520.06158,N,05128.16381,E,112841.00,A,D*6F
$GPRMC,112842.00,A,2520.06154,N,05128.16347,E,0.673,,200726,,,D*70
$GPVTG,,T,,M,0.673,N,1.246,K,D*25
$GPGGA,112842.00,2520.06154,N,05128.16347,E,2,05,2.32,39.8,M,-24.7,M,,0000*41
$GPGSA,A,3,31,28,26,16,03,,,,,,,,3.98,2.32,3.23*09
$GPGSV,2,1,07,03,54,348,31,07,04,215,,16,19,138,33,26,30,107,36*76
$GPGSV,2,2,07,28,21,039,30,31,49,045,34,42,38,117,40*49
$GPGLL,2520.06154,N,05128.16347,E,112842.00,A,D*6A
$GPRMC,112843.00,A,2520.06157,N,05128.16341,E,1.092,,200726,,,D*7C
$GPVTG,,T,,M,1.092,N,2.022,K,D*2E
$GPGGA,112843.00,2520.06157,N,05128.16341,E,2,05,2.32,39.8,M,-24.7,M,,0000*45
$GPGSA,A,3,31,28,26,16,03,,,,,,,,3.98,2.32,3.23*09
$GPGSV,2,1,07,03,54,348,31,07,04,215,,16,19,138,33,26,30,107,36*76
$GPGSV,2,2,07,28,21,039,30,31,49,045,34,42,38,117,41*48
$GPGLL,2520.06157,N,05128.16341,E,112843.00,A,D*6E
$GPRMC,112844.00,A,2520.06163,N,05128.16365,E,0.301,,200726,,,D*72
$GPVTG,,T,,M,0.301,N,0.557,K,D*23
$GPGGA,112844.00,2520.06163,N,05128.16365,E,2,05,2.33,39.7,M,-24.7,M,,0000*4D
$GPGSA,A,3,31,28,26,16,03,,,,,,,,3.98,2.33,3.23*08
$GPGSV,2,1,07,03,54,348,30,07,04,215,,16,19,138,33,26,30,107,36*77
$GPGSV,2,2,07,28,21,039,30,31,49,045,34,42,38,117,41*48
$GPGLL,2520.06163,N,05128.16365,E,112844.00,A,D*68
$GPRMC,112845.00,A,2520.06170,N,05128.16395,E,0.365,,200726,,,D*7C
$GPVTG,,T,,M,0.365,N,0.677,K,D*20
$GPGGA,112845.00,2520.06170,N,05128.16395,E,2,05,2.33,39.6,M,-24.7,M,,0000*40
$GPGSA,A,3,31,28,26,16,03,,,,,,,,3.98,2.33,3.23*08
$GPGSV,2,1,07,03,54,348,30,07,04,215,,16,19,138,33,26,30,107,36*77
$GPGSV,2,2,07,28,21,039,30,31,49,045,34,42,38,117,40*49
$GPGLL,2520.06170,N,05128.16395,E,112845.00,A,D*64
$GPRMC,112846.00,A,2520.06165,N,05128.16395,E,0.252,,200726,,,D*7E
$GPVTG,,T,,M,0.252,N,0.467,K,D*26
$GPGGA,112846.00,2520.06165,N,05128.16395,E,2,05,2.33,39.6,M,-24.7,M,,0000*47
$GPGSA,A,3,31,28,26,16,03,,,,,,,,3.98,2.33,3.23*08
$GPGSV,2,1,07,03,54,348,30,07,04,215,,16,19,137,33,26,30,107,37*79
$GPGSV,2,2,07,28,21,039,30,31,49,045,34,42,38,117,40*49
$GPGLL,2520.06165,N,05128.16395,E,112846.00,A,D*63
$GPRMC,112847.00,A,2520.06160,N,05128.16391,E,0.080,,200726,,,D*73
$GPVTG,,T,,M,0.080,N,0.148,K,D*23
$GPGGA,112847.00,2520.06160,N,05128.16391,E,2,05,2.33,39.6,M,-24.7,M,,0000*47
$GPGSA,A,3,31,28,26,16,03,,,,,,,,3.98,2.33,3.23*08
$GPGSV,2,1,07,03,54,348,30,07,04,215,,16,19,137,34,26,30,107,37*7E
$GPGSV,2,2,07,28,21,039,30,31,49,045,35,42,38,117,41*49
$GPGLL,2520.06160,N,05128.16391,E,112847.00,A,D*63
$GPRMC,112848.00,A,2520.06161,N,05128.16378,E,0.975,,200726,,,D*79
$GPVTG,,T,,M,0.975,N,1.805,K,D*21
$GPGGA,112848.00,2520.06161,N,05128.16378,E,2,05,2.33,39.7,M,-24.7,M,,0000*4F
$GPGSA,A,3,31,28,26,16,03,,,,,,,,3.98,2.33,3.23*08
$GPGSV,2,1,07,03,54,348,30,07,04,215,,16,19,137,33,26,30,107,37*79
$GPGSV,2,2,07,28,21,039,31,31,49,045,35,42,38,117,41*48
$GPGLL,2520.06161,N,05128.16378,E,112848.00,A,D*6A
$GPRMC,112849.00,A,2520.06155,N,05128.16369,E,0.130,,200726,,,D*76
$GPVTG,,T,,M,0.130,N,0.241,K,D*23
$GPGGA,112849.00,2520.06155,N,05128.16369,E,2,05,2.33,39.8,M,-24.7,M,,0000*46
$GPGSA,A,3,31,28,26,16,03,,,,,,,,3.98,2.33,3.23*08
$GPGSV,2,1,07,03,54,348,30,07,04,215,,16,19,137,33,26,30,107,37*79
$GPGSV,2,2,07,28,21,039,31,31,49,045,35,42,38,117,41*48
$GPGLL,2520.06155,N,05128.16369,E,112849.00,A,D*6C
$GPRMC,112850.00,A,2520.06146,N,05128.16366,E,0.121,,200726,,,D*73
$GPVTG,,T,,M,0.121,N,0.224,K,D*20
$GPGGA,112850.00,2520.06146,N,05128.16366,E,2,05,2.33,39.8,M,-24.7,M,,0000*43
$GPGSA,A,3,31,28,26,16,03,,,,,,,,3.98,2.33,3.23*08
$GPGSV,2,1,07,03,54,348,30,07,04,215,,16,19,137,33,26,30,107,37*79
$GPGSV,2,2,07,28,21,039,31,31,49,045,35,42,38,117,41*48
$GPGLL,2520.06146,N,05128.16366,E,112850.00,A,D*69
$GPRMC,112851.00,A,2520.06143,N,05128.16343,E,2.204,,200726,,,D*76
$GPVTG,,T,,M,2.204,N,4.082,K,D*2C
$GPGGA,112851.00,2520.06143,N,05128.16343,E,2,05,2.33,39.7,M,-24.7,M,,0000*4F
$GPGSA,A,3,31,28,26,16,03,,,,,,,,3.98,2.33,3.23*08
$GPGSV,2,1,07,03,54,348,30,07,04,215,,16,19,137,33,26,30,107,36*78
$GPGSV,2,2,07,28,21,039,31,31,49,045,35,42,38,117,41*48
$GPGLL,2520.06143,N,05128.16343,E,112851.00,A,D*6A
$GPRMC,112852.00,A,2520.06146,N,05128.16371,E,1.153,,200726,,,D*73
$GPVTG,,T,,M,1.153,N,2.135,K,D*25
$GPGGA,112852.00,2520.06146,N,05128.16371,E,2,05,2.33,39.7,M,-24.7,M,,0000*48
$GPGSA,A,3,31,28,26,16,03,,,,,,,,3.98,2.33,3.23*08
$GPGSV,2,1,07,03,54,348,30,07,04,215,,16,19,137,33,26,30,107,36*78
$GPGSV,2,2,07,28,21,039,30,31,49,045,35,42,38,117,41*49
$GPGLL,2520.06146,N,05128.16371,E,112852.00,A,D*6D
$GPRMC,112853.00,A,2520.06136,N,05128.16387,E,0.039,,200726,,,D*70
$GPVTG,,T,,M,0.039,N,0.072,K,D*29
$GPGGA,112853.00,2520.06136,N,05128.16387,E,2,05,2.33,39.6,M,-24.7,M,,0000*46
$GPGSA,A,3,31,28,26,16,03,,,,,,,,3.98,2.33,3.23*08
$GPGSV,2,1,07,03,54,348,30,07,04,215,,16,19,137,33,26,30,107,37*79
$GPGSV,2,2,07,28,21,039,31,31,49,045,34,42,38,117,41*49
$GPGLL,2520.06136,N,05128.16387,E,112853.00,A,D*62
$GPRMC,112854.00,A,2520.06137,N,05128.16388,E,0.227,,200726,,,D*74
$GPVTG,,T,,M,0.227,N,0.421,K,D*26
$GPGGA,112854.00,2520.06137,N,05128.16388,E,2,05,2.33,39.5,M,-24.7,M,,0000*4C
$GPGSA,A,3,31,28,26,16,03,,,,,,,,3.98,2.33,3.23*08
$GPGSV,2,1,07,03,54,348,30,07,04,215,,16,19,137,33,26,30,107,36*78
$GPGSV,2,2,07,28,21,039,30,31,49,045,36,42,38,117,41*4A
$GPGLL,2520.06137,N,05128.16388,E,112854.00,A,D*6B
$GPRMC,112855.00,A,2520.06136,N,05128.16382,E,0.289,,200726,,,D*7A
$GPVTG,,T,,M,0.289,N,0.535,K,D*26
$GPGGA,112855.00,2520.06136,N,05128.16382,E,2,05,2.33,39.5,M,-24.7,M,,0000*46
$GPGSA,A,3,31,28,26,16,03,,,,,,,,3.98,2.33,3.23*08
$GPGSV,2,1,07,03,54,348,31,07,04,215,,16,19,137,33,26,30,107,36*79
$GPGSV,2,2,07,28,21,039,30,31,49,045,36,42,38,117,40*4B
$GPGLL,2520.06136,N,05128.16382,E,112855.00,A,D*61
$GPRMC,112856.00,A,2520.06136,N,05128.16381,E,0.248,,200726,,,D*77
$GPVTG,,T,,M,0.248,N,0.459,K,D*20
$GPGGA,112856.00,2520.06136,N,05128.16381,E,2,05,2.33,39.5,M,-24.7,M,,0000*46
$GPGSA,A,3,31,28,26,16,03,,,,,,,,3.98,2.33,3.23*08
$GPGSV,2,1,07,03,54,348,31,07,04,215,,16,19,137,33,26,31,106,36*79
$GPGSV,2,2,07,28,21,039,30,31,49,045,36,42,38,117,40*4B
$GPGLL,2520.06136,N,05128.16381,E,112856.00,A,D*61
$GPRMC,112857.00,A,2520.06135,N,05128.16380,E,0.054,,200726,,,D*7B
$GPVTG,,T,,M,0.054,N,0.099,K,D*27
$GPGGA,112857.00,2520.06135,N,05128.16380,E,2,05,2.33,39.5,M,-24.7,M,,0000*45
$GPGSA,A,3,31,28,26,16,03,,,,,,,,3.98,2.33,3.23*08
$GPGSV,2,1,07,03,54,348,31,07,04,215,,16,19,137,33,26,31,106,36*79
$GPGSV,2,2,07,28,21,039,30,31,49,045,36,42,38,117,41*4A
$GPGLL,2520.06135,N,05128.16380,E,112857.00,A,D*62
$GPRMC,112858.00,A,2520.06130,N,05128.16381,E,0.017,,200726,,,D*77
$GPVTG,,T,,M,0.017,N,0.032,K,D*21
$GPGGA,112858.00,2520.06130,N,05128.16381,E,2,05,2.33,39.5,M,-24.7,M,,0000*4E
$GPGSA,A,3,31,28,26,16,03,,,,,,,,3.98,2.33,3.23*08
$GPGSV,2,1,07,03,54,348,31,07,04,215,,16,19,137,33,26,31,106,36*79
$GPGSV,2,2,07,28,20,039,30,31,49,045,35,42,38,117,41*48
$GPGLL,2520.06130,N,05128.16381,E,112858.00,A,D*69
$GPRMC,112859.00,A,2520.06128,N,05128.16384,E,0.034,,200726,,,D*7B
$GPVTG,,T,,M,0.034,N,0.064,K,D*23
$GPGGA,112859.00,2520.06128,N,05128.16384,E,2,05,2.33,39.5,M,-24.7,M,,0000*43
$GPGSA,A,3,31,28,26,16,03,,,,,,,,3.98,2.33,3.23*08
$GPGSV,2,1,07,03,54,348,31,07,04,215,,16,19,137,33,26,31,106,36*79
$GPGSV,2,2,07,28,20,039,30,31,49,045,35,42,38,117,41*48
$GPGLL,2520.06128,N,05128.16384,E,112859.00,A,D*64
$GPRMC,112900.00,A,2520.06127,N,05128.16389,E,0.087,,200726,,,D*7C
$GPVTG,,T,,M,0.087,N,0.161,K,D*2F
$GPGGA,112900.00,2520.06127,N,05128.16389,E,2,05,2.33,39.5,M,-24.7,M,,0000*4C
$GPGSA,A,3,31,28,26,16,03,,,,,,,,3.99,2.33,3.23*09
$GPGSV,2,1,07,03,54,348,31,07,04,215,,16,19,137,33,26,31,106,36*79
$GPGSV,2,2,07,28,20,039,30,31,49,045,35,42,38,117,40*49
$GPGLL,2520.06127,N,05128.16389,E,112900.00,A,D*6B
$GPRMC,112901.00,A,2520.06122,N,05128.16395,E,0.693,,200726,,,D*76
$GPVTG,,T,,M,0.693,N,1.283,K,D*22
$GPGGA,112901.00,2520.06122,N,05128.16395,E,2,05,2.33,39.6,M,-24.7,M,,0000*46
$GPGSA,A,3,31,28,26,16,03,,,,,,,,3.99,2.33,3.23*09
$GPGSV,2,1,08,03,54,348,30,07,04,215,,16,19,137,33,26,31,106,37*76
$GPGSV,2,2,08,28,20,039,31,31,49,045,35,42,38,117,40,50,04,096,*79
$GPGLL,2520.06122,N,05128.16395,E,112901.00,A,D*62
$GPRMC,112902.00,A,2520.06122,N,05128.16408,E,0.138,,200726,,,D*70
$GPVTG,,T,,M,0.138,N,0.256,K,D*2D
$GPGGA,112902.00,2520.06122,N,05128.16408,E,2,05,2.33,39.6,M,-24.7,M,,0000*46
$GPGSA,A,3,31,28,26,16,03,,,,,,,,3.99,2.33,3.23*09
$GPGSV,2,1,08,03,54,348,30,07,04,215,,16,19,137,33,26,31,106,37*76
$GPGSV,2,2,08,28,20,039,30,31,49,045,35,42,38,117,40,50,04,096,*78
$GPGLL,2520.06122,N,05128.16408,E,112902.00,A,D*62
$GPRMC,112903.00,A,2520.06118,N,05128.16413,E,0.048,,200726,,,D*74
$GPVTG,,T,,M,0.048,N,0.088,K,D*2A
$GPGGA,112903.00,2520.06118,N,05128.16413,E,2,05,2.33,39.6,M,-24.7,M,,0000*44
$GPGSA,A,3,31,28,26,16,03,,,,,,,,3.99,2.33,3.23*09
$GPGSV,2,1,08,03,54,348,29,07,04,215,,16,19,137,33,26,31,106,37*7E
$GPGSV,2,2,08,28,20,039,30,31,49,045,35,42,38,117,40,50,04,096,*78
$GPGLL,2520.06118,N,05128.16413,E,112903.00,A,D*60
$GPRMC,112904.00,A,2520.06113,N,05128.16411,E,0.193,,200726,,,D*7D
$GPVTG,,T,,M,0.193,N,0.357,K,D*2C
$GPGGA,112904.00,2520.06113,N,05128.16411,E,2,05,2.33,39.7,M,-24.7,M,,0000*4B
$GPGSA,A,3,31,28,26,16,03,,,,,,,,3.99,2.33,3.23*09
$GPGSV,2,1,08,03,54,348,30,07,04,215,,16,19,137,33,26,31,106,37*76
$GPGSV,2,2,08,28,20,039,30,31,49,045,35,42,38,117,40,50,04,096,*78
$GPGLL,2520.06113,N,05128.16411,E,112904.00,A,D*6E
$GPRMC,112905.00,A,2520.06113,N,05128.16421,E,0.134,,200726,,,D*72
$GPVTG,,T,,M,0.134,N,0.247,K,D*21
$GPGGA,112905.00,2520.06113,N,05128.16421,E,2,05,2.34,39.8,M,-24.7,M,,0000*41
$GPGSA,A,3,31,28,26,16,03,,,,,,,,3.99,2.34,3.23*0E
$GPGSV,2,1,08,03,54,348,29,07,04,215,,16,19,137,33,26,31,106,37*7E
$GPGSV,2,2,08,28,20,039,30,31,49,045,35,42,38,117,40,50,04,096,*78
$GPGLL,2520.06113,N,05128.16421,E,112905.00,A,D*6C
$GPRMC,112906.00,A,2520.06113,N,05128.16432,E,0.351,,200726,,,D*72
$GPVTG,,T,,M,0.351,N,0.650,K,D*22
$GPGGA,112906.00,2520.06113,N,05128.16432,E,2,05,2.34,39.8,M,-24.7,M,,0000*40
$GPGSA,A,3,31,28,26,16,03,,,,,,,,3.99,2.34,3.23*0E
$GPGSV,2,1,08,03,54,348,30,07,04,215,,16,19,137,33,26,31,106,37*76
$GPGSV,2,2,08,28,20,039,30,31,49,045,35,42,38,117,41,50,04,096,*79
$GPGLL,2520.06113,N,05128.16432,E,112906.00,A,D*6D
$GPRMC,112907.00,A,2520.06109,N,05128.16429,E,0.266,,200726,,,D*77
$GPVTG,,T,,M,0.266,N,0.493,K,D*2A
$GPGGA,112907.00,2520.06109,N,05128.16429,E,2,05,2.34,39.8,M,-24.7,M,,0000*40
$GPGSA,A,3,31,28,26,16,03,,,,,,,,3.99,2.34,3.23*0E
$GPGSV,2,1,08,03,54,348,30,07,04,215,,16,19,137,33,26,31,106,36*77
$GPGSV,2,2,08,28,20,039,29,31,49,045,35,42,38,117,41,50,04,096,*71
$GPGLL,2520.06109,N,05128.16429,E,112907.00,A,D*6D
$GPRMC,112908.00,A,2520.06105,N,05128.16417,E,0.295,,200726,,,D*75
$GPVTG,,T,,M,0.295,N,0.547,K,D*2E
$GPGGA,112908.00,2520.06105,N,05128.16417,E,2,05,2.34,39.8,M,-24.7,M,,0000*4E
$GPGSA,A,3,31,28,26,16,03,,,,,,,,3.99,2.34,3.23*0E
$GPGSV,2,1,08,03,54,348,29,07,04,215,,16,19,137,32,26,31,106,35*7D
$GPGSV,2,2,08,28,20,039,29,31,49,045,35,42,38,117,41,50,04,096,*71
$GPGLL,2520.06105,N,05128.16417,E,112908.00,A,D*63
$GPRMC,112909.00,A,2520.06102,N,05128.16403,E,0.131,,200726,,,D*7B
$GPVTG,,T,,M,0.131,N,0.242,K,D*21
$GPGGA,112909.00,2520.06102,N,05128.16403,E,2,05,2.34,39.8,M,-24.7,M,,0000*4D
$GPGSA,A,3,31,28,26,16,03,,,,,,,,3.99,2.34,3.23*0E
$GPGSV,2,1,08,03,54,348,29,07,04,215,,16,19,137,33,26,31,106,35*7C
$GPGSV,2,2,08,28,20,039,30,31,49,045,35,42,38,117,41,50,04,096,*79
$GPGLL,2520.06102,N,05128.16403,E,112909.00,A,D*60
$GPRMC,112910.00,A,2520.06100,N,05128.16399,E,0.136,,200726,,,D*72
$GPVTG,,T,,M,0.136,N,0.252,K,D*27
$GPGGA,112910.00,2520.06100,N,05128.16399,E,2,05,2.34,39.7,M,-24.7,M,,0000*4C
$GPGSA,A,3,31,28,26,16,03,,,,,,,,3.99,2.34,3.23*0E
$GPGSV,2,1,08,03,54,348,29,07,04,215,,16,19,137,33,26,31,106,36*7F
$GPGSV,2,2,08,28,20,039,30,31,49,045,35,42,38,117,41,50,04,096,*79
$GPGLL,2520.06100,N,05128.16399,E,112910.00,A,D*6E
$GPRMC,112911.00,A,2520.06099,N,05128.16385,E,0.543,,200726,,,D*79
$GPVTG,,T,,M,0.543,N,1.005,K,D*20
$GPGGA,112911.00,2520.06099,N,05128.16385,E,2,05,2.34,39.7,M,-24.7,M,,0000*41
$GPGSA,A,3,31,28,26,16,03,,,,,,,,3.99,2.34,3.23*0E
$GPGSV,2,1,08,03,54,348,30,07,04,215,,16,19,137,32,26,31,106,36*76
$GPGSV,2,2,08,28,20,039,32,31,49,045,36,42,38,117,41,50,04,096,*78
$GPGLL,2520.06099,N,05128.16385,E,112911.00,A,D*63
$GPRMC,112912.00,A,2520.06099,N,05128.16379,E,0.810,,200726,,,D*72
$GPVTG,,T,,M,0.810,N,1.501,K,D*2A
$GPGGA,112912.00,2520.06099,N,05128.16379,E,2,05,2.34,39.7,M,-24.7,M,,0000*41
$GPGSA,A,3,31,28,26,16,03,,,,,,,,3.99,2.34,3.23*0E
$GPGSV,2,1,08,03,54,348,30,07,04,215,,16,19,137,32,26,31,106,35*75
$GPGSV,2,2,08,28,20,039,32,31,49,045,36,42,38,117,41,50,04,096,*78
$GPGLL,2520.06099,N,05128.16379,E,112912.00,A,D*63
$GPRMC,112913.00,A,2520.06090,N,05128.16351,E,1.762,247.26,200726,,,D*60
$GPVTG,247.26,T,,M,1.762,N,3.263,K,D*3B
$GPGGA,112913.00,2520.06090,N,05128.16351,E,2,05,2.34,39.7,M,-24.7,M,,0000*43
$GPGSA,A,3,31,28,26,16,03,,,,,,,,3.99,2.34,3.23*0E
$GPGSV,2,1,08,03,54,348,30,07,04,215,,16,19,137,32,26,31,106,35*75
$GPGSV,2,2,08,28,20,039,32,31,49,045,35,42,38,117,41,50,04,096,*7B
$GPGLL,2520.06090,N,05128.16351,E,112913.00,A,D*61
$GPRMC,112914.00,A,2520.06090,N,05128.16339,E,0.638,,200726,,,D*7D
$GPVTG,,T,,M,0.638,N,1.182,K,D*21
$GPGGA,112914.00,2520.06090,N,05128.16339,E,2,05,2.34,39.6,M,-24.7,M,,0000*4B
$GPGSA,A,3,31,28,26,16,03,,,,,,,,3.99,2.34,3.23*0E
$GPGSV,2,1,08,03,54,348,30,07,04,215,,16,19,137,32,26,31,106,35*75
$GPGSV,2,2,08,28,20,039,32,31,49,045,36,42,38,117,41,50,04,096,*78
$GPGLL,2520.06090,N,05128.16339,E,112914.00,A,D*68
$GPRMC,112915.00,A,2520.06085,N,05128.16317,E,0.061,,200726,,,D*7E
$GPVTG,,T,,M,0.061,N,0.113,K,D*22
$GPGGA,112915.00,2520.06085,N,05128.16317,E,2,05,2.34,39.6,M,-24.7,M,,0000*42
$GPGSA,A,3,31,28,26,16,03,,,,,,,,3.99,2.34,3.23*0E
$GPGSV,2,1,08,03,54,348,30,07,04,215,,16,19,137,32,26,31,106,35*75
$GPGSV,2,2,08,28,20,039,32,31,49,045,36,42,38,117,41,50,04,096,*78
$GPGLL,2520.06085,N,05128.16317,E,112915.00,A,D*61
$GPRMC,112916.00,A,2520.06082,N,05128.16308,E,0.155,,200726,,,D*72
$GPVTG,,T,,M,0.155,N,0.286,K,D*2B
$GPGGA,112916.00,2520.06082,N,05128.16308,E,2,05,2.34,39.6,M,-24.7,M,,0000*48
$GPGSA,A,3,31,28,26,16,03,,,,,,,,3.99,2.34,3.23*0E
$GPGSV,3,1,09,03,54,348,30,07,04,215,,09,12,271,,16,19,137,33*7D
$GPGSV,3,2,09,26,31,106,35,28,20,039,32,31,49,045,36,42,38,117,41*71
$GPGSV,3,3,09,50,04,096,*4E
$GPGLL,2520.06082,N,05128.16308,E,112916.00,A,D*6B
$GPRMC,112917.00,A,2520.06082,N,05128.16311,E,0.243,,200726,,,D*7F
$GPVTG,,T,,M,0.243,N,0.451,K,D*23
$GPGGA,112917.00,2520.06082,N,05128.16311,E,2,05,2.34,39.6,M,-24.7,M,,0000*41
$GPGSA,A,3,31,28,26,16,03,,,,,,,,3.99,2.34,3.23*0E
$GPGSV,3,1,09,03,54,348,30,07,04,215,,09,12,271,,16,19,137,32*7C
$GPGSV,3,2,09,26,31,106,35,28,20,039,32,31,49,045,36,42,38,117,41*71
$GPGSV,3,3,09,50,04,096,*4E
$GPGLL,2520.06082,N,05128.16311,E,112917.00,A,D*62
$GPRMC,112918.00,A,2520.06080,N,05128.16313,E,0.354,,200726,,,D*77
$GPVTG,,T,,M,0.354,N,0.656,K,D*21
$GPGGA,112918.00,2520.06080,N,05128.16313,E,2,05,2.34,39.6,M,-24.7,M,,0000*4E
$GPGSA,A,3,31,28,26,16,03,,,,,,,,3.99,2.34,3.23*0E
$GPGSV,3,1,09,03,54,348,30,07,04,215,,09,12,271,,16,19,137,33*7D
$GPGSV,3,2,09,26,31,106,35,28,20,039,32,31,49,045,36,42,38,117,41*71
$GPGSV,3,3,09,50,04,096,*4E
$GPGLL,2520.06080,N,05128.16313,E,112918.00,A,D*6D
$GPRMC,112919.00,A,2520.06078,N,05128.16316,E,0.077,,200726,,,D*76
$GPVTG,,T,,M,0.077,N,0.143,K,D*20
$GPGGA,112919.00,2520.06078,N,05128.16316,E,2,05,2.34,39.6,M,-24.7,M,,0000*4D
$GPGSA,A,3,31,28,26,16,03,,,,,,,,3.99,2.34,3.23*0E
$GPGSV,3,1,09,03,54,348,29,07,04,215,,09,12,271,,16,19,137,32*74
$GPGSV,3,2,09,26,31,106,36,28,20,039,32,31,49,045,36,42,38,117,41*72
$GPGSV,3,3,09,50,04,096,*4E
$GPGLL,2520.06078,N,05128.16316,E,112919.00,A,D*6E
$GPRMC,112920.00,A,2520.06079,N,05128.16330,E,0.213,,200726,,,D*79
$GPVTG,,T,,M,0.213,N,0.394,K,D*28
$GPGGA,112920.00,2520.06079,N,05128.16330,E,2,05,2.34,39.6,M,-24.7,M,,0000*42
$GPGSA,A,3,31,28,26,16,03,,,,,,,,3.99,2.34,3.23*0E
$GPGSV,3,1,09,03,54,348,29,07,04,215,,09,12,271,,16,19,137,32*74
$GPGSV,3,2,09,26,31,106,37,28,20,039,33,31,49,045,37,42,38,117,41*73
$GPGSV,3,3,09,50,04,096,*4E
$GPGLL,2520.06079,N,05128.16330,E,112920.00,A,D*61
$GPRMC,112921.00,A,2520.06080,N,05128.16333,E,0.516,,200726,,,D*7F
$GPVTG,,T,,M,0.516,N,0.956,K,D*2E
$GPGGA,112921.00,2520.06080,N,05128.16333,E,2,05,2.34,39.6,M,-24.7,M,,0000*46
$GPGSA,A,3,31,28,26,16,03,,,,,,,,3.99,2.34,3.23*0E
$GPGSV,3,1,09,03,54,348,29,07,04,215,,09,12,271,,16,19,137,33*75
$GPGSV,3,2,09,26,31,106,36,28,20,039,32,31,49,045,36,42,38,117,41*72
$GPGSV,3,3,09,50,04,096,*4E
$GPGLL,2520.06080,N,05128.16333,E,112921.00,A,D*65
$GPRMC,112922.00,A,2520.06102,N,05128.16373,E,0.936,,200726,,,D*7D
$GPVTG,,T,,M,0.936,N,1.734,K,D*2B
$GPGGA,112922.00,2520.06102,N,05128.16373,E,2,05,2.34,39.6,M,-24.7,M,,0000*4A
$GPGSA,A,3,31,28,26,16,03,,,,,,,,3.99,2.34,3.23*0E
$GPGSV,3,1,09,03,54,348,29,07,04,215,,09,12,271,,16,19,137,34*72
$GPGSV,3,2,09,26,31,106,36,28,20,039,31,31,49,045,35,42,38,117,40*73
$GPGSV,3,3,09,50,04,096,*4E
$GPGLL,2520.06102,N,05128.16373,E,112922.00,A,D*69
$GPRMC,112923.00,A,2520.06104,N,05128.16374,E,0.460,,200726,,,D*73
$GPVTG,,T,,M,0.460,N,0.853,K,D*2A
$GPGGA,112923.00,2520.06104,N,05128.16374,E,2,05,2.34,39.6,M,-24.7,M,,0000*4A
$GPGSA,A,3,31,28,26,16,03,,,,,,,,3.99,2.34,3.23*0E
$GPGSV,3,1,09,03,54,348,29,07,04,215,,09,12,271,,16,19,137,34*72
$GPGSV,3,2,09,26,31,106,36,28,20,039,30,31,49,045,36,42,38,117,40*71
$GPGSV,3,3,09,50,04,096,*4E
$GPGLL,2520.06104,N,05128.16374,E,112923.00,A,D*69
$GPRMC,112924.00,A,2520.06104,N,05128.16367,E,0.296,,200726,,,D*79
$GPVTG,,T,,M,0.296,N,0.549,K,D*23
$GPGGA,112924.00,2520.06104,N,05128.16367,E,2,05,2.34,39.7,M,-24.7,M,,0000*4E
$GPGSA,A,3,31,28,26,16,03,,,,,,,,3.99,2.34,3.23*0E
$GPGSV,3,1,09,03,54,348,29,07,04,215,,09,12,271,,16,19,137,34*72
$GPGSV,3,2,09,26,31,106,35,28,20,039,31,31,49,045,36,42,38,117,40*73
$GPGSV,3,3,09,50,04,096,*4E
$GPGLL,2520.06104,N,05128.16367,E,112924.00,A,D*6C
$GPRMC,112925.00,A,2520.06105,N,05128.16378,E,0.427,,200726,,,D*7B
$GPVTG,,T,,M,0.427,N,0.790,K,D*29
$GPGGA,112925.00,2520.06105,N,05128.16378,E,2,05,2.34,39.7,M,-24.7,M,,0000*40
$GPGSA,A,3,31,28,26,16,03,,,,,,,,3.99,2.34,3.23*0E
$GPGSV,3,1,09,03,54,348,28,07,04,215,,09,12,271,,16,19,137,34*73
$GPGSV,3,2,09,26,31,106,36,28,20,039,31,31,49,045,36,42,38,117,40*70
$GPGSV,3,3,09,50,04,096,*4E
$GPGLL,2520.06105,N,05128.16378,E,112925.00,A,D*62
$GPRMC,112926.00,A,2520.06110,N,05128.16392,E,0.162,,200726,,,D*7C
$GPVTG,,T,,M,0.162,N,0.299,K,D*21
$GPGGA,112926.00,2520.06110,N,05128.16392,E,2,05,2.35,39.7,M,-24.7,M,,0000*42
$GPGSA,A,3,31,28,26,16,03,,,,,,,,3.99,2.35,3.23*0F
$GPGSV,3,1,09,03,54,348,28,07,04,215,,09,12,271,,16,19,137,34*73
$GPGSV,3,2,09,26,31,106,36,28,20,039,31,31,49,045,36,42,38,117,40*70
$GPGSV,3,3,09,50,04,096,*4E
$GPGLL,2520.06110,N,05128.16392,E,112926.00,A,D*61
$GPRMC,112927.00,A,2520.06121,N,05128.16417,E,0.302,,200726,,,D*71
$GPVTG,,T,,M,0.302,N,0.560,K,D*24
$GPGGA,112927.00,2520.06121,N,05128.16417,E,2,05,2.35,39.7,M,-24.7,M,,0000*4B
$GPGSA,A,3,31,28,26,16,03,,,,,,,,3.99,2.35,3.23*0F
$GPGSV,3,1,09,03,54,348,29,07,04,215,,09,12,271,,16,19,137,34*72
$GPGSV,3,2,09,26,31,106,36,28,20,039,31,31,49,045,36,42,38,117,40*70
$GPGSV,3,3,09,50,04,096,*4E
$GPGLL,2520.06121,N,05128.16417,E,112927.00,A,D*68
$GPRMC,112928.00,A,2520.06124,N,05128.16423,E,0.376,,200726,,,D*7F
$GPVTG,,T,,M,0.376,N,0.696,K,D*2D
$GPGGA,112928.00,2520.06124,N,05128.16423,E,2,05,2.35,39.7,M,-24.7,M,,0000*46
$GPGSA,A,3,31,28,26,16,03,,,,,,,,3.99,2.35,3.23*0F
$GPGSV,3,1,09,03,54,348,29,07,04,215,,09,12,271,,16,19,137,34*72
$GPGSV,3,2,09,26,31,106,36,28,20,039,31,31,49,045,36,42,38,117,40*70
$GPGSV,3,3,09,50,04,096,*4E
$GPGLL,2520.06124,N,05128.16423,E,112928.00,A,D*65
$GPRMC,112929.00,A,2520.06125,N,05128.16425,E,0.043,,200726,,,D*7C
$GPVTG,,T,,M,0.043,N,0.080,K,D*29
$GPGGA,112929.00,2520.06125,N,05128.16425,E,2,05,2.35,39.8,M,-24.7,M,,0000*4F
$GPGSA,A,3,31,28,26,16,03,,,,,,,,3.99,2.35,3.23*0F
$GPGSV,3,1,09,03,54,348,28,07,04,215,,09,12,271,,16,19,137,34*73
$GPGSV,3,2,09,26,31,106,35,28,20,039,31,31,49,045,36,42,38,117,40*73
$GPGSV,3,3,09,50,04,096,*4E
$GPGLL,2520.06125,N,05128.16425,E,112929.00,A,D*63
$GPRMC,112930.00,A,2520.06124,N,05128.16424,E,0.281,,200726,,,D*78
$GPVTG,,T,,M,0.281,N,0.521,K,D*2B
$GPGGA,112930.00,2520.06124,N,05128.16424,E,2,05,2.35,39.9,M,-24.7,M,,0000*46
$GPGSA,A,3,31,28,26,16,03,,,,,,,,3.99,2.35,3.23*0F
$GPGSV,3,1,09,03,54,348,28,07,04,215,,09,12,271,29,16,19,137,34*78
$GPGSV,3,2,09,26,31,106,36,28,20,039,31,31,49,045,36,42,38,117,40*70
$GPGSV,3,3,09,50,04,096,*4E
$GPGLL,2520.06124,N,05128.16424,E,112930.00,A,D*6B
$GPRMC,112931.00,A,2520.06126,N,05128.16423,E,0.195,,200726,,,D*7A
$GPVTG,,T,,M,0.195,N,0.362,K,D*2C
$GPGGA,112931.00,2520.06126,N,05128.16423,E,2,05,2.35,39.9,M,-24.7,M,,0000*42
$GPGSA,A,3,31,28,26,16,03,,,,,,,,3.99,2.35,3.23*0F
$GPGSV,3,1,09,03,54,348,28,07,04,215,,09,12,271,29,16,19,137,34*78
$GPGSV,3,2,09,26,31,106,36,28,20,039,31,31,49,045,36,42,38,117,40*70
$GPGSV,3,3,09,50,04,096,*4E
$GPGLL,2520.06126,N,05128.16423,E,112931.00,A,D*6F
$GPRMC,112932.00,A,2520.06127,N,05128.16433,E,0.017,,200726,,,D*72
$GPVTG,,T,,M,0.017,N,0.031,K,D*22
$GPGGA,112932.00,2520.06127,N,05128.16433,E,2,05,2.35,40.0,M,-24.7,M,,0000*46
$GPGSA,A,3,31,28,26,16,03,,,,,,,,4.00,2.35,3.23*08
$GPGSV,3,1,09,03,54,348,28,07,04,215,,09,12,271,29,16,19,137,33*7F
$GPGSV,3,2,09,26,31,106,36,28,20,039,31,31,49,045,36,42,38,117,40*70
$GPGSV,3,3,09,50,04,096,*4E
$GPGLL,2520.06127,N,05128.16433,E,112932.00,A,D*6C
$GPRMC,112933.00,A,2520.06130,N,05128.16453,E,0.047,,200726,,,D*76
$GPVTG,,T,,M,0.047,N,0.087,K,D*2A
$GPGGA,112933.00,2520.06130,N,05128.16453,E,2,05,2.35,40.0,M,-24.7,M,,0000*47
$GPGSA,A,3,31,28,26,16,03,,,,,,,,4.00,2.35,3.23*08
$GPGSV,3,1,09,03,54,348,29,07,04,215,,09,12,271,29,16,19,137,33*7E
$GPGSV,3,2,09,26,31,106,37,28,20,039,32,31,49,045,35,42,38,117,40*71
$GPGSV,3,3,09,50,04,096,*4E
$GPGLL,2520.06130,N,05128.16453,E,112933.00,A,D*6D
$GPRMC,112934.00,A,2520.06133,N,05128.16465,E,0.026,,200726,,,D*70
$GPVTG,,T,,M,0.026,N,0.049,K,D*2F
$GPGGA,112934.00,2520.06133,N,05128.16465,E,2,05,2.35,40.0,M,-24.7,M,,0000*46
$GPGSA,A,3,31,28,26,16,03,,,,,,,,4.00,2.35,3.23*08
$GPGSV,3,1,09,03,54,348,29,07,04,215,,09,12,271,29,16,19,137,32*7F
$GPGSV,3,2,09,26,31,106,37,28,20,039,33,31,49,045,35,42,38,117,41*71
$GPGSV,3,3,09,50,04,096,*4E
$GPGLL,2520.06133,N,05128.16465,E,112934.00,A,D*6C
$GPRMC,112935.00,A,2520.06134,N,05128.16471,E,0.063,,200726,,,D*72
$GPVTG,,T,,M,0.063,N,0.117,K,D*24
$GPGGA,112935.00,2520.06134,N,05128.16471,E,2,05,2.35,40.1,M,-24.7,M,,0000*44
$GPGSA,A,3,31,28,26,16,03,,,,,,,,4.00,2.35,3.23*08
$GPGSV,3,1,09,03,54,348,28,07,04,215,,09,12,271,30,16,19,137,32*76
$GPGSV,3,2,09,26,31,106,37,28,20,039,32,31,49,045,36,42,38,117,41*73
$GPGSV,3,3,09,50,04,096,*4E
$GPGLL,2520.06134,N,05128.16471,E,112935.00,A,D*6F
$GPRMC,112936.00,A,2520.06135,N,05128.16475,E,0.470,,200726,,,D*72
$GPVTG,,T,,M,0.470,N,0.871,K,D*2B
$GPGGA,112936.00,2520.06135,N,05128.16475,E,2,05,2.35,40.1,M,-24.7,M,,0000*42
$GPGSA,A,3,31,28,26,16,03,,,,,,,,4.00,2.35,3.23*08
$GPGSV,3,1,09,03,54,348,27,07,04,215,,09,12,271,30,16,19,137,31*7A
$GPGSV,3,2,09,26,31,106,36,28,20,039,32,31,49,045,36,42,38,117,41*72
$GPGSV,3,3,09,50,04,096,*4E
$GPGLL,2520.06135,N,05128.16475,E,112936.00,A,D*69
$GPRMC,112937.00,A,2520.06122,N,05128.16444,E,2.604,245.60,200726,,,D*6F
$GPVTG,245.60,T,,M,2.604,N,4.822,K,D*31
$GPGGA,112937.00,2520.06122,N,05128.16444,E,2,05,2.35,40.1,M,-24.7,M,,0000*47
$GPGSA,A,3,31,28,26,16,03,,,,,,,,4.00,2.35,3.23*08
$GPGSV,3,1,09,03,54,348,27,07,04,215,,09,12,271,30,16,19,137,31*7A
$GPGSV,3,2,09,26,31,106,36,28,20,039,32,31,49,045,36,42,38,117,41*72
$GPGSV,3,3,09,50,04,096,*4E
$GPGLL,2520.06122,N,05128.16444,E,112937.00,A,D*6C
$GPRMC,112938.00,A,2520.06110,N,05128.16423,E,3.312,244.82,200726,,,D*6E
$GPVTG,244.82,T,,M,3.312,N,6.134,K,D*33
$GPGGA,112938.00,2520.06110,N,05128.16423,E,2,05,2.35,40.0,M,-24.7,M,,0000*49
$GPGSA,A,3,31,28,26,16,03,,,,,,,,4.00,2.35,3.23*08
$GPGSV,3,1,09,03,54,348,26,07,04,215,,09,12,271,30,16,19,137,31*7B
$GPGSV,3,2,09,26,31,106,36,28,20,039,32,31,49,045,36,42,38,117,41*72
$GPGSV,3,3,09,50,04,096,*4E
$GPGLL,2520.06110,N,05128.16423,E,112938.00,A,D*63
$GPRMC,112939.00,A,2520.06096,N,05128.16391,E,3.212,244.38,200726,,,D*6E
$GPVTG,244.38,T,,M,3.212,N,5.949,K,D*32
$GPGGA,112939.00,2520.06096,N,05128.16391,E,2,05,2.35,40.0,M,-24.7,M,,0000*49
$GPGSA,A,3,31,28,26,16,03,,,,,,,,4.00,2.35,3.23*08
$GPGSV,3,1,09,03,54,348,26,07,04,215,,09,12,271,30,16,19,137,31*7B
$GPGSV,3,2,09,26,31,106,36,28,20,039,32,31,49,045,37,42,38,117,41*73
$GPGSV,3,3,09,50,04,096,*4E
$GPGLL,2520.06096,N,05128.16391,E,112939.00,A,D*63
$GPRMC,112940.00,A,2520.06101,N,05128.16398,E,0.716,,200726,,,D*73
$GPVTG,,T,,M,0.716,N,1.326,K,D*20
$GPGGA,112940.00,2520.06101,N,05128.16398,E,2,05,2.35,40.0,M,-24.7,M,,0000*41
$GPGSA,A,3,31,28,26,16,03,,,,,,,,4.00,2.35,3.23*08
$GPGSV,3,1,10,03,54,348,27,07,04,215,,09,12,271,30,16,19,137,32*71
$GPGSV,3,2,10,26,31,106,37,28,20,039,32,31,49,045,36,32,02,066,*77
$GPGSV,3,3,10,42,38,117,41,50,04,096,*79
$GPGLL,2520.06101,N,05128.16398,E,112940.00,A,D*6B
$GPRMC,112941.00,A,2520.06104,N,05128.16398,E,0.317,,200726,,,D*72
$GPVTG,,T,,M,0.317,N,0.587,K,D*29
$GPGGA,112941.00,2520.06104,N,05128.16398,E,2,05,2.35,40.1,M,-24.7,M,,0000*44
$GPGSA,A,3,31,28,26,16,03,,,,,,,,4.00,2.35,3.23*08
$GPGSV,3,1,10,03,54,348,27,07,04,215,,09,12,271,29,16,19,137,32*79
$GPGSV,3,2,10,26,31,106,36,28,20,039,32,31,49,045,36,32,02,066,*76
$GPGSV,3,3,10,42,38,117,41,50,04,096,*79
$GPGLL,2520.06104,N,05128.16398,E,112941.00,A,D*6F
$GPRMC,112942.00,A,2520.06108,N,05128.16408,E,0.028,,200726,,,D*7C
$GPVTG,,T,,M,0.028,N,0.052,K,D*2B
$GPGGA,112942.00,2520.06108,N,05128.16408,E,2,05,2.35,40.1,M,-24.7,M,,0000*45
$GPGSA,A,3,31,28,26,16,03,,,,,,,,4.00,2.35,3.23*08
$GPGSV,3,1,10,03,54,348,28,07,04,215,,09,12,271,29,16,19,137,31*75
$GPGSV,3,2,10,26,31,106,36,28,20,039,31,31,49,045,35,32,02,066,*76
$GPGSV,3,3,10,42,38,117,41,50,04,096,*79
$GPGLL,2520.06108,N,05128.16408,E,112942.00,A,D*6E
$GPRMC,112943.00,A,2520.06109,N,05128.16408,E,0.052,,200726,,,D*71
$GPVTG,,T,,M,0.052,N,0.096,K,D*2E
$GPGGA,112943.00,2520.06109,N,05128.16408,E,2,05,2.35,40.1,M,-24.7,M,,0000*45
$GPGSA,A,3,31,28,26,16,03,,,,,,,,4.00,2.35,3.23*08
$GPGSV,3,1,10,03,54,348,27,07,04,215,,09,12,271,29,16,19,137,31*7A
$GPGSV,3,2,10,26,31,106,36,28,20,039,31,31,49,045,35,32,02,066,*76
$GPGSV,3,3,10,42,38,117,41,50,04,096,*79
$GPGLL,2520.06109,N,05128.16408,E,112943.00,A,D*6E
$GPRMC,112944.00,A,2520.06114,N,05128.16417,E,1.497,233.81,200726,,,D*6D
$GPVTG,233.81,T,,M,1.497,N,2.773,K,D*39
$GPGGA,112944.00,2520.06114,N,05128.16417,E,2,05,2.35,40.1,M,-24.7,M,,0000*40
$GPGSA,A,3,31,28,26,16,03,,,,,,,,4.00,2.35,3.23*08
$GPGSV,3,1,10,03,55,349,27,07,04,215,,09,12,271,29,16,19,137,32*79
$GPGSV,3,2,10,26,31,106,36,28,20,039,32,31,49,045,35,32,02,066,*75
$GPGSV,3,3,10,42,38,117,41,50,04,096,*79
$GPGLL,2520.06114,N,05128.16417,E,112944.00,A,D*6B
$GPRMC,112945.00,A,2520.06124,N,05128.16434,E,1.613,222.28,200726,,,D*63
$GPVTG,222.28,T,,M,1.613,N,2.987,K,D*31
$GPGGA,112945.00,2520.06124,N,05128.16434,E,2,05,2.35,40.1,M,-24.7,M,,0000*43
$GPGSA,A,3,31,28,26,16,03,,,,,,,,4.00,2.35,3.23*08
$GPGSV,3,1,10,03,55,349,27,07,04,215,,09,12,271,30,16,19,137,32*71
$GPGSV,3,2,10,26,31,106,36,28,20,039,31,31,49,045,35,32,02,066,*76
$GPGSV,3,3,10,42,38,117,41,50,04,096,*79
$GPGLL,2520.06124,N,05128.16434,E,112945.00,A,D*68
$GPRMC,112946.00,A,2520.06122,N,05128.16431,E,0.142,,200726,,,D*77
$GPVTG,,T,,M,0.142,N,0.263,K,D*26
$GPGGA,112946.00,2520.06122,N,05128.16431,E,2,05,2.36,40.0,M,-24.7,M,,0000*41
$GPGSA,A,3,31,28,26,16,03,,,,,,,,4.00,2.36,3.23*0B
$GPGSV,3,1,10,03,55,349,27,07,04,215,,09,12,271,30,16,19,137,32*71
$GPGSV,3,2,10,26,31,106,35,28,20,039,31,31,49,045,35,32,02,066,*75
$GPGSV,3,3,10,42,38,117,41,50,04,096,*79
$GPGLL,2520.06122,N,05128.16431,E,112946.00,A,D*68
$GPRMC,112947.00,A,2520.06118,N,05128.16425,E,0.084,,200726,,,D*71
$GPVTG,,T,,M,0.084,N,0.156,K,D*28
$GPGGA,112947.00,2520.06118,N,05128.16425,E,2,05,2.36,40.0,M,-24.7,M,,0000*4C
$GPGSA,A,3,31,28,26,16,03,,,,,,,,4.00,2.36,3.23*0B
$GPGSV,3,1,10,03,55,349,27,07,04,215,,09,12,271,30,16,19,137,32*71
$GPGSV,3,2,10,26,31,106,35,28,20,039,32,31,49,045,35,32,02,066,*76
$GPGSV,3,3,10,42,38,117,41,50,04,096,*79
$GPGLL,2520.06118,N,05128.16425,E,112947.00,A,D*65
$GPRMC,112948.00,A,2520.06108,N,05128.16413,E,1.462,,200726,,,D*77
$GPVTG,,T,,M,1.462,N,2.708,K,D*2A
$GPGGA,112948.00,2520.06108,N,05128.16413,E,2,05,2.36,40.0,M,-24.7,M,,0000*47
$GPGSA,A,3,31,28,26,16,03,,,,,,,,4.00,2.36,3.23*0B
$GPGSV,3,1,10,03,55,349,27,07,04,216,,09,12,271,30,16,19,137,32*72
$GPGSV,3,2,10,26,31,106,35,28,20,039,32,31,49,045,35,32,02,066,*76
$GPGSV,3,3,10,42,38,117,41,50,04,096,*79
$GPGLL,2520.06108,N,05128.16413,E,112948.00,A,D*6E
$GPRMC,112949.00,A,2520.06109,N,05128.16357,E,4.475,234.22,200726,,,D*68
$GPVTG,234.22,T,,M,4.475,N,8.288,K,D*35
$GPGGA,112949.00,2520.06109,N,05128.16357,E,2,05,2.36,39.9,M,-24.7,M,,0000*47
$GPGSA,A,3,31,28,26,16,03,,,,,,,,4.00,2.36,3.23*0B
$GPGSV,3,1,10,03,55,349,27,07,04,216,,09,12,271,30,16,19,137,32*72
$GPGSV,3,2,10,26,31,106,35,28,20,039,32,31,49,045,35,32,02,066,*76
$GPGSV,3,3,10,42,38,117,41,50,04,096,*79
$GPGLL,2520.06109,N,05128.16357,E,112949.00,A,D*69
$GPRMC,112950.00,A,2520.06097,N,05128.16334,E,3.666,238.29,200726,,,D*63
$GPVTG,238.29,T,,M,3.666,N,6.789,K,D*3F
$GPGGA,112950.00,2520.06097,N,05128.16334,E,2,05,2.36,39.9,M,-24.7,M,,0000*4C
$GPGSA,A,3,31,28,26,16,03,,,,,,,,4.00,2.36,3.23*0B
$GPGSV,3,1,10,03,55,349,27,07,04,216,,09,12,271,30,16,19,137,32*72
$GPGSV,3,2,10,26,31,106,35,28,20,039,32,31,49,045,35,32,02,066,*76
$GPGSV,3,3,10,42,38,117,41,50,04,096,*79
$GPGLL,2520.06097,N,05128.16334,E,112950.00,A,D*62
$GPRMC,112951.00,A,2520.06082,N,05128.16292,E,1.674,,200726,,,D*76
$GPVTG,,T,,M,1.674,N,3.100,K,D*20
$GPGGA,112951.00,2520.06082,N,05128.16292,E,2,05,2.36,39.9,M,-24.7,M,,0000*44
$GPGSA,A,3,31,28,26,16,03,,,,,,,,4.00,2.36,3.23*0B
$GPGSV,3,1,10,03,55,349,26,07,04,216,,09,12,271,30,16,19,137,32*73
$GPGSV,3,2,10,26,31,106,35,28,20,039,32,31,49,045,35,32,02,066,*76
$GPGSV,3,3,10,42,38,117,41,50,04,096,*79
$GPGLL,2520.06082,N,05128.16292,E,112951.00,A,D*6A
$GPRMC,112952.00,A,2520.06059,N,05128.16242,E,0.047,,200726,,,D*79
$GPVTG,,T,,M,0.047,N,0.087,K,D*2A
$GPGGA,112952.00,2520.06059,N,05128.16242,E,2,05,2.36,39.9,M,-24.7,M,,0000*4C
$GPGSA,A,3,31,28,26,16,03,,,,,,,,4.00,2.36,3.23*0B
$GPGSV,3,1,10,03,55,349,26,07,04,216,,09,12,271,30,16,19,137,31*70
$GPGSV,3,2,10,26,31,106,35,28,20,039,33,31,49,045,35,32,02,066,*77
$GPGSV,3,3,10,42,38,117,41,50,04,096,*79
$GPGLL,2520.06059,N,05128.16242,E,112952.00,A,D*62
$GPRMC,112953.00,A,2520.06057,N,05128.16248,E,0.404,,200726,,,D*7F
$GPVTG,,T,,M,0.404,N,0.748,K,D*2D
$GPGGA,112953.00,2520.06057,N,05128.16248,E,2,05,2.36,39.9,M,-24.7,M,,0000*49
$GPGSA,A,3,31,28,26,16,03,,,,,,,,4.00,2.36,3.23*0B
$GPGSV,3,1,10,03,55,349,26,07,04,216,,09,12,271,30,16,19,137,32*73
$GPGSV,3,2,10,26,31,106,36,28,20,039,33,31,49,045,35,32,02,066,*74
$GPGSV,3,3,10,42,38,117,41,50,04,096,*79
$GPGLL,2520.06057,N,05128.16248,E,112953.00,A,D*67
$GPRMC,112954.00,A,2520.06071,N,05128.16292,E,1.123,,200726,,,D*7A
$GPVTG,,T,,M,1.123,N,2.080,K,D*2D
$GPGGA,112954.00,2520.06071,N,05128.16292,E,2,05,2.36,39.8,M,-24.7,M,,0000*4C
$GPGSA,A,3,31,28,26,16,03,,,,,,,,4.00,2.36,3.23*0B
$GPGSV,3,1,10,03,55,349,26,07,04,216,,09,12,271,30,16,19,137,32*73
$GPGSV,3,2,10,26,31,106,36,28,20,039,32,31,49,045,35,32,02,066,*75
$GPGSV,3,3,10,42,38,117,41,50,04,096,*79
$GPGLL,2520.06071,N,05128.16292,E,112954.00,A,D*63
$GPRMC,112955.00,A,2520.06084,N,05128.16317,E,1.134,,200726,,,D*7B
$GPVTG,,T,,M,1.134,N,2.100,K,D*22
$GPGGA,112955.00,2520.06084,N,05128.16317,E,2,05,2.36,39.8,M,-24.7,M,,0000*4B
$GPGSA,A,3,31,28,26,16,03,,,,,,,,4.00,2.36,3.23*0B
$GPGSV,3,1,10,03,55,349,26,07,04,216,,09,12,271,30,16,19,137,31*70
$GPGSV,3,2,10,26,31,106,36,28,20,039,32,31,49,045,35,32,02,066,*75
$GPGSV,3,3,10,42,38,117,41,50,04,096,*79
$GPGLL,2520.06084,N,05128.16317,E,112955.00,A,D*64
$GPRMC,112956.00,A,2520.06083,N,05128.16319,E,0.275,,200726,,,D*76
$GPVTG,,T,,M,0.275,N,0.510,K,D*22
$GPGGA,112956.00,2520.06083,N,05128.16319,E,2,05,2.36,39.8,M,-24.7,M,,0000*41
$GPGSA,A,3,31,28,26,16,03,,,,,,,,4.00,2.36,3.23*0B
$GPGSV,3,1,10,03,55,349,26,07,04,216,,09,12,271,30,16,19,137,32*73
$GPGSV,3,2,10,26,31,106,36,28,20,039,32,31,49,045,35,32,02,066,*75
$GPGSV,3,3,10,42,38,117,41,50,04,096,*79
$GPGLL,2520.06083,N,05128.16319,E,112956.00,A,D*6E
$GPRMC,112957.00,A,2520.06077,N,05128.16320,E,0.030,,200726,,,D*75
$GPVTG,,T,,M,0.030,N,0.056,K,D*26
$GPGGA,112957.00,2520.06077,N,05128.16320,E,2,05,2.36,39.8,M,-24.7,M,,0000*41
$GPGSA,A,3,31,28,26,16,03,,,,,,,,4.00,2.36,3.23*0B
$GPGSV,3,1,10,03,55,349,25,07,04,216,,09,12,271,30,16,19,137,32*70
$GPGSV,3,2,10,26,31,106,36,28,20,039,32,31,49,045,35,32,02,066,*75
$GPGSV,3,3,10,42,38,117,41,50,04,096,*79
$GPGLL,2520.06077,N,05128.16320,E,112957.00,A,D*6E
$GPRMC,112958.00,A,2520.06076,N,05128.16331,E,0.905,,200726,,,D*74
$GPVTG,,T,,M,0.905,N,1.677,K,D*2D
$GPGGA,112958.00,2520.06076,N,05128.16331,E,2,05,2.36,39.7,M,-24.7,M,,0000*40
$GPGSA,A,3,31,28,26,16,03,,,,,,,,4.00,2.36,3.23*0B
$GPGSV,3,1,10,03,55,349,25,07,04,216,,09,12,271,30,16,19,137,31*73
$GPGSV,3,2,10,26,31,106,36,28,20,039,33,31,49,045,35,32,02,066,*74
$GPGSV,3,3,10,42,38,117,41,50,04,096,*79
$GPGLL,2520.06076,N,05128.16331,E,112958.00,A,D*60
$GPRMC,112959.00,A,2520.06077,N,05128.16336,E,1.135,239.35,200726,,,D*69
$GPVTG,239.35,T,,M,1.135,N,2.102,K,D*31
$GPGGA,112959.00,2520.06077,N,05128.16336,E,2,05,2.36,39.7,M,-24.7,M,,0000*47
$GPGSA,A,3,31,28,26,16,03,,,,,,,,4.00,2.36,3.23*0B
$GPGSV,3,1,10,03,55,349,25,07,04,216,,09,12,271,30,16,19,137,31*73
$GPGSV,3,2,10,26,31,106,36,28,20,039,32,31,49,045,35,32,02,066,*75
$GPGSV,3,3,10,42,38,117,41,50,04,096,*79
$GPGLL,2520.06077,N,05128.16336,E,112959.00,A,D*67
$GPRMC,113000.00,A,2520.06074,N,05128.16329,E,0.529,,200726,,,D*78
$GPVTG,,T,,M,0.529,N,0.980,K,D*29
$GPGGA,113000.00,2520.06074,N,05128.16329,E,2,05,2.36,39.7,M,-24.7,M,,0000*4E
$GPGSA,A,3,31,28,26,16,03,,,,,,,,4.00,2.36,3.23*0B
$GPGSV,3,1,10,03,55,349,25,07,04,216,,09,12,271,30,16,19,137,32*70
$GPGSV,3,2,10,26,31,106,36,28,20,039,33,31,49,045,35,32,02,066,*74
$GPGSV,3,3,10,42,38,117,41,50,04,096,*79
$GPGLL,2520.06074,N,05128.16329,E,113000.00,A,D*6E
$GPRMC,113001.00,A,2520.06068,N,05128.16316,E,0.595,,200726,,,D*7F
$GPVTG,,T,,M,0.595,N,1.103,K,D*2C
$GPGGA,113001.00,2520.06068,N,05128.16316,E,2,05,2.36,39.7,M,-24.7,M,,0000*4E
$GPGSA,A,3,31,28,26,16,03,,,,,,,,4.00,2.36,3.23*0B
$GPGSV,3,1,10,03,55,349,25,07,04,216,,09,12,271,30,16,19,137,31*73
$GPGSV,3,2,10,26,31,106,36,28,20,039,33,31,49,045,35,32,02,066,*74
$GPGSV,3,3,10,42,38,117,41,50,04,096,*79
$GPGLL,2520.06068,N,05128.16316,E,113001.00,A,D*6E
$GPRMC,113002.00,A,2520.06065,N,05128.16309,E,0.248,,200726,,,D*78
$GPVTG,,T,,M,0.248,N,0.460,K,D*2A
$GPGGA,113002.00,2520.06065,N,05128.16309,E,2,05,2.36,39.7,M,-24.7,M,,0000*4E
$GPGSA,A,3,31,28,26,16,03,,,,,,,,4.00,2.36,3.23*0B
$GPGSV,3,1,10,03,55,349,25,07,04,216,,09,12,271,30,16,19,137,31*73
$GPGSV,3,2,10,26,31,106,36,28,20,039,33,31,49,045,35,32,02,066,*74
$GPGSV,3,3,10,42,38,117,41,50,04,096,*79
$GPGLL,2520.06065,N,05128.16309,E,113002.00,A,D*6E
$GPRMC,113003.00,A,2520.06065,N,05128.16312,E,0.400,,200726,,,D*79
$GPVTG,,T,,M,0.400,N,0.740,K,D*21
$GPGGA,113003.00,2520.06065,N,05128.16312,E,2,05,2.36,39.7,M,-24.7,M,,0000*45
$GPGSA,A,3,31,28,26,16,03,,,,,,,,4.00,2.36,3.23*0B
$GPGSV,3,1,10,03,55,349,25,07,04,216,,09,12,271,30,16,19,137,31*73
$GPGSV,3,2,10,26,31,106,36,28,20,039,33,31,49,045,35,32,02,066,*74
$GPGSV,3,3,10,42,38,117,41,50,04,096,*79
$GPGLL,2520.06065,N,05128.16312,E,113003.00,A,D*65
$GPRMC,113004.00,A,2520.06053,N,05128.16257,E,0.915,,200726,,,D*72
$GPVTG,,T,,M,0.915,N,1.695,K,D*20
$GPGGA,113004.00,2520.06053,N,05128.16257,E,2,06,1.18,39.5,M,-24.7,M,,0000*49
$GPGSA,A,3,31,28,09,26,16,03,,,,,,,2.44,1.18,2.14*0E
$GPGSV,3,1,10,03,55,349,25,07,04,216,,09,12,271,30,16,19,137,31*73
$GPGSV,3,2,10,26,31,106,36,28,20,039,33,31,49,045,35,32,02,066,*74
$GPGSV,3,3,10,42,38,117,41,50,04,096,*79
$GPGLL,2520.06053,N,05128.16257,E,113004.00,A,D*67
$GPRMC,113005.00,A,2520.06044,N,05128.16218,E,0.109,,200726,,,D*7B
$GPVTG,,T,,M,0.109,N,0.201,K,D*2D
$GPGGA,113005.00,2520.06044,N,05128.16218,E,2,06,1.18,39.4,M,-24.7,M,,0000*44
$GPGSA,A,3,31,28,09,26,16,03,,,,,,,2.44,1.18,2.14*0E
$GPGSV,3,1,10,03,55,349,25,07,04,216,,09,12,271,30,16,19,137,31*73
$GPGSV,3,2,10,26,31,106,36,28,20,039,33,31,49,045,35,32,02,066,*74
$GPGSV,3,3,10,42,38,117,41,50,04,096,*79
$GPGLL,2520.06044,N,05128.16218,E,113005.00,A,D*6B
$GPRMC,113006.00,A,2520.06030,N,05128.16174,E,0.023,,200726,,,D*7B
$GPVTG,,T,,M,0.023,N,0.042,K,D*21
$GPGGA,113006.00,2520.06030,N,05128.16174,E,2,06,1.18,39.4,M,-24.7,M,,0000*4D
$GPGSA,A,3,31,28,09,26,16,03,,,,,,,2.44,1.18,2.14*0E
$GPGSV,3,1,10,03,55,349,25,07,04,216,,09,12,271,30,16,19,137,31*73
$GPGSV,3,2,10,26,31,106,36,28,20,039,32,31,49,045,35,32,02,066,*75
$GPGSV,3,3,10,42,38,117,41,50,04,096,*79
$GPGLL,2520.06030,N,05128.16174,E,113006.00,A,D*62
$GPRMC,113007.00,A,2520.06025,N,05128.16158,E,0.623,,200726,,,D*76
$GPVTG,,T,,M,0.623,N,1.154,K,D*20
$GPGGA,113007.00,2520.06025,N,05128.16158,E,2,06,1.18,39.3,M,-24.7,M,,0000*41
$GPGSA,A,3,31,28,09,26,16,03,,,,,,,2.44,1.18,2.14*0E
$GPGSV,3,1,10,03,55,349,25,07,04,216,,09,12,271,30,16,19,137,31*73
$GPGSV,3,2,10,26,31,105,36,28,20,039,32,31,49,045,35,32,02,066,*76
$GPGSV,3,3,10,42,38,117,41,50,04,096,*79
$GPGLL,2520.06025,N,05128.16158,E,113007.00,A,D*69
$GPRMC,113008.00,A,2520.06025,N,05128.16149,E,0.454,,200726,,,D*7B
$GPVTG,,T,,M,0.454,N,0.840,K,D*2F
$GPGGA,113008.00,2520.06025,N,05128.16149,E,2,06,1.18,39.3,M,-24.7,M,,0000*4E
$GPGSA,A,3,31,28,09,26,16,03,,,,,,,2.44,1.18,2.14*0E
$GPGSV,3,1,10,03,55,349,24,07,04,216,,09,12,271,31,16,19,137,30*72
$GPGSV,3,2,10,26,31,105,36,28,20,039,32,31,49,045,36,32,02,066,*75
$GPGSV,3,3,10,42,38,117,41,50,04,096,*79
$GPGLL,2520.06025,N,05128.16149,E,113008.00,A,D*66
$GPRMC,113009.00,A,2520.06022,N,05128.16145,E,0.153,,200726,,,D*73
$GPVTG,,T,,M,0.153,N,0.283,K,D*28
$GPGGA,113009.00,2520.06022,N,05128.16145,E,2,06,1.18,39.3,M,-24.7,M,,0000*44
$GPGSA,A,3,31,28,09,26,16,03,,,,,,,2.44,1.18,2.14*0E
$GPGSV,3,1,10,03,55,349,24,07,04,216,,09,12,271,31,16,19,137,31*73
$GPGSV,3,2,10,26,31,105,36,28,20,039,32,31,49,045,35,32,02,066,*76
$GPGSV,3,3,10,42,38,117,40,50,04,096,*78
$GPGLL,2520.06022,N,05128.16145,E,113009.00,A,D*6C
$GPRMC,113010.00,A,2520.06024,N,05128.16146,E,0.388,,200726,,,D*7A
$GPVTG,,T,,M,0.388,N,0.718,K,D*2B
$GPGGA,113010.00,2520.06024,N,05128.16146,E,2,06,1.18,39.2,M,-24.7,M,,0000*48
$GPGSA,A,3,31,28,09,26,16,03,,,,,,,2.44,1.18,2.13*09
$GPGSV,3,1,10,03,55,349,24,07,04,216,,09,12,271,31,16,19,137,31*73
$GPGSV,3,2,10,26,31,105,36,28,20,039,32,31,49,045,35,32,02,066,*76
$GPGSV,3,3,10,42,38,117,40,50,04,096,*78
$GPGLL,2520.06024,N,05128.16146,E,113010.00,A,D*61
$GPRMC,113011.00,A,2520.06022,N,05128.16141,E,0.361,,200726,,,D*7D
$GPVTG,,T,,M,0.361,N,0.669,K,D*2B
$GPGGA,113011.00,2520.06022,N,05128.16141,E,2,06,1.18,39.2,M,-24.7,M,,0000*48
$GPGSA,A,3,31,28,09,26,16,03,,,,,,,2.44,1.18,2.13*09
$GPGSV,3,1,10,03,55,349,24,07,04,216,,09,12,271,31,16,19,137,31*73
$GPGSV,3,2,10,26,31,105,36,28,20,039,33,31,49,045,35,32,02,066,*77
$GPGSV,3,3,10,42,38,117,40,50,04,096,*78
$GPGLL,2520.06022,N,05128.16141,E,113011.00,A,D*61
$GPRMC,113012.00,A,2520.06019,N,05128.16134,E,0.029,,200726,,,D*7B
$GPVTG,,T,,M,0.029,N,0.053,K,D*2B
$GPGGA,113012.00,2520.06019,N,05128.16134,E,2,06,1.18,39.2,M,-24.7,M,,0000*41
$GPGSA,A,3,31,28,09,26,16,03,,,,,,,2.44,1.18,2.13*09
$GPGSV,3,1,10,03,55,349,24,07,04,216,,09,12,271,31,16,19,137,31*73
$GPGSV,3,2,10,26,31,105,36,28,20,039,32,31,48,044,35,32,02,066,*76
$GPGSV,3,3,10,42,38,117,40,50,04,096,*78
$GPGLL,2520.06019,N,05128.16134,E,113012.00,A,D*68
$GPRMC,113013.00,A,2520.06013,N,05128.16120,E,0.272,,200726,,,D*79
$GPVTG,,T,,M,0.272,N,0.504,K,D*20
$GPGGA,113013.00,2520.06013,N,05128.16120,E,2,06,1.18,39.2,M,-24.7,M,,0000*4F
$GPGSA,A,3,31,28,09,26,16,03,,,,,,,2.44,1.18,2.13*09
$GPGSV,3,1,10,03,55,349,24,07,04,216,,09,12,271,31,16,19,137,32*70
$GPGSV,3,2,10,26,31,105,36,28,20,039,32,31,48,044,35,32,02,066,*76
$GPGSV,3,3,10,42,38,117,40,50,04,096,*78
$GPGLL,2520.06013,N,05128.16120,E,113013.00,A,D*66
$GPRMC,113014.00,A,2520.06011,N,05128.16115,E,0.355,,200726,,,D*7E
$GPVTG,,T,,M,0.355,N,0.657,K,D*21
$GPGGA,113014.00,2520.06011,N,05128.16115,E,2,06,1.18,39.2,M,-24.7,M,,0000*4C
$GPGSA,A,3,31,28,09,26,16,03,,,,,,,2.44,1.18,2.13*09
$GPGSV,3,1,10,03,55,349,23,07,04,216,,09,12,271,31,16,19,137,31*74
$GPGSV,3,2,10,26,31,105,36,28,20,039,32,31,48,044,35,32,02,066,*76
$GPGSV,3,3,10,42,38,117,40,50,04,096,*78
$GPGLL,2520.06011,N,05128.16115,E,113014.00,A,D*65
$GPRMC,113015.00,A,2520.06013,N,05128.16117,E,0.075,,200726,,,D*7E
$GPVTG,,T,,M,0.075,N,0.139,K,D*2F
$GPGGA,113015.00,2520.06013,N,05128.16117,E,2,06,1.18,39.2,M,-24.7,M,,0000*4D
$GPGSA,A,3,31,28,09,26,16,03,,,,,,,2.44,1.18,2.13*09
$GPGSV,3,1,10,03,55,349,23,07,04,216,,09,12,271,31,16,19,137,31*74
$GPGSV,3,2,10,26,31,105,36,28,20,039,32,31,48,044,35,32,02,066,*76
$GPGSV,3,3,10,42,38,117,41,50,04,096,*79
$GPGLL,2520.06013,N,05128.16117,E,113015.00,A,D*64
$GPRMC,113016.00,A,2520.06019,N,05128.16125,E,0.494,,200726,,,D*7D
$GPVTG,,T,,M,0.494,N,0.916,K,D*21
$GPGGA,113016.00,2520.06019,N,05128.16125,E,2,06,1.18,39.1,M,-24.7,M,,0000*46
$GPGSA,A,3,31,28,09,26,16,03,,,,,,,2.44,1.18,2.13*09
$GPGSV,3,1,10,03,55,349,23,07,04,216,,09,12,271,31,16,19,137,32*77
$GPGSV,3,2,10,26,31,105,36,28,20,039,32,31,48,044,35,32,02,066,*76
$GPGSV,3,3,10,42,38,117,41,50,04,096,*79
$GPGLL,2520.06019,N,05128.16125,E,113016.00,A,D*6C
$GPRMC,113017.00,A,2520.06019,N,05128.16118,E,0.185,,200726,,,D*77
$GPVTG,,T,,M,0.185,N,0.343,K,D*2E
$GPGGA,113017.00,2520.06019,N,05128.16118,E,2,06,1.18,39.1,M,-24.7,M,,0000*49
$GPGSA,A,3,31,28,09,26,16,03,,,,,,,2.44,1.18,2.13*09
$GPGSV,3,1,10,03,55,349,22,07,04,216,,09,12,271,31,16,19,137,32*76
$GPGSV,3,2,10,26,31,105,36,28,20,039,32,31,48,044,35,32,02,066,*76
$GPGSV,3,3,10,42,38,117,40,50,04,096,*78
$GPGLL,2520.06019,N,05128.16118,E,113017.00,A,D*63
$GPRMC,113018.00,A,2520.06012,N,05128.16102,E,0.359,,200726,,,D*7B
$GPVTG,,T,,M,0.359,N,0.665,K,D*2C
$GPGGA,113018.00,2520.06012,N,05128.16102,E,2,05,1.25,39.1,M,-24.7,M,,0000*4B
$GPGSA,A,3,31,28,09,26,16,,,,,,,,3.25,1.25,3.00*01
$GPGSV,3,1,10,03,55,349,,07,04,216,,09,12,271,31,16,19,137,31*75
$GPGSV,3,2,10,26,31,105,36,28,20,039,32,31,48,044,35,32,02,066,*76
$GPGSV,3,3,10,42,38,117,40,50,04,096,*78
$GPGLL,2520.06012,N,05128.16102,E,113018.00,A,D*6C
$GPRMC,113019.00,A,2520.06006,N,05128.16087,E,0.033,,200726,,,D*7C
$GPVTG,,T,,M,0.033,N,0.061,K,D*21
$GPGGA,113019.00,2520.06006,N,05128.16087,E,2,05,1.25,39.1,M,-24.7,M,,0000*43
$GPGSA,A,3,31,28,09,26,16,,,,,,,,3.25,1.25,3.00*01
$GPGSV,3,1,10,03,55,349,,07,04,216,,09,12,271,31,16,19,137,31*75
$GPGSV,3,2,10,26,31,105,36,28,20,039,32,31,48,044,36,32,02,066,*75
$GPGSV,3,3,10,42,38,117,41,50,04,096,*79
$GPGLL,2520.06006,N,05128.16087,E,113019.00,A,D*64
$GPRMC,113020.00,A,2520.06006,N,05128.16084,E,0.030,,200726,,,D*76
$GPVTG,,T,,M,0.030,N,0.055,K,D*25
$GPGGA,113020.00,2520.06006,N,05128.16084,E,2,05,1.25,39.1,M,-24.7,M,,0000*4A
$GPGSA,A,3,31,28,09,26,16,,,,,,,,3.25,1.25,3.00*01
$GPGSV,3,1,10,03,55,349,,07,04,216,,09,12,271,31,16,19,137,31*75
$GPGSV,3,2,10,26,31,105,37,28,20,039,32,31,48,044,35,32,02,066,*77
$GPGSV,3,3,10,42,38,117,40,50,04,096,*78
$GPGLL,2520.06006,N,05128.16084,E,113020.00,A,D*6D
$GPRMC,113021.00,A,2520.06009,N,05128.16085,E,0.312,,200726,,,D*7A
$GPVTG,,T,,M,0.312,N,0.578,K,D*2C
$GPGGA,113021.00,2520.06009,N,05128.16085,E,2,05,1.25,39.0,M,-24.7,M,,0000*44
$GPGSA,A,3,31,28,09,26,16,,,,,,,,3.25,1.25,3.00*01
$GPGSV,3,1,10,03,55,349,22,07,04,216,,09,12,271,31,16,19,137,31*75
$GPGSV,3,2,10,26,31,105,37,28,20,039,32,31,48,044,35,32,02,066,*77
$GPGSV,3,3,10,42,38,117,40,50,04,096,*78
$GPGLL,2520.06009,N,05128.16085,E,113021.00,A,D*62
$GPRMC,113022.00,A,2520.06008,N,05128.16081,E,0.604,,200726,,,D*7E
$GPVTG,,T,,M,0.604,N,1.118,K,D*2D
$GPGGA,113022.00,2520.06008,N,05128.16081,E,2,05,1.25,39.0,M,-24.7,M,,0000*42
$GPGSA,A,3,31,28,09,26,16,,,,,,,,3.25,1.25,3.00*01
$GPGSV,3,1,10,03,55,349,,07,04,216,,09,12,271,31,16,19,137,31*75
$GPGSV,3,2,10,26,31,105,37,28,20,039,32,31,48,044,36,32,02,066,*74
$GPGSV,3,3,10,42,38,117,40,50,04,096,*78
$GPGLL,2520.06008,N,05128.16081,E,113022.00,A,D*64
$GPRMC,113023.00,A,2520.06004,N,05128.16071,E,0.006,,200726,,,D*78
$GPVTG,,T,,M,0.006,N,0.010,K,D*21
$GPGGA,113023.00,2520.06004,N,05128.16071,E,2,05,1.25,39.0,M,-24.7,M,,0000*40
$GPGSA,A,3,31,28,09,26,16,,,,,,,,3.25,1.25,3.00*01
$GPGSV,3,1,10,03,55,349,,07,04,216,,09,12,271,31,16,19,137,31*75
$GPGSV,3,2,10,26,31,105,36,28,20,039,32,31,48,044,35,32,02,066,*76
$GPGSV,3,3,10,42,38,117,40,50,04,096,*78
$GPGLL,2520.06004,N,05128.16071,E,113023.00,A,D*66
$GPRMC,113024.00,A,2520.06006,N,05128.16078,E,0.736,,200726,,,D*70
$GPVTG,,T,,M,0.736,N,1.364,K,D*24
$GPGGA,113024.00,2520.06006,N,05128.16078,E,2,05,1.25,39.0,M,-24.7,M,,0000*4C
$GPGSA,A,3,31,28,09,26,16,,,,,,,,3.25,1.25,3.00*01
$GPGSV,3,1,10,03,55,349,23,07,04,216,,09,12,271,31,16,19,137,31*74
$GPGSV,3,2,10,26,31,105,36,28,20,039,31,31,48,044,36,32,02,066,*76
$GPGSV,3,3,10,42,38,117,40,50,04,096,*78
$GPGLL,2520.06006,N,05128.16078,E,113024.00,A,D*6A
$GPRMC,113025.00,A,2520.06002,N,05128.16073,E,0.042,,200726,,,D*7A
$GPVTG,,T,,M,0.042,N,0.078,K,D*2F
$GPGGA,113025.00,2520.06002,N,05128.16073,E,2,06,1.18,39.1,M,-24.7,M,,0000*4E
$GPGSA,A,3,31,28,09,26,16,03,,,,,,,2.43,1.18,2.13*0E
$GPGSV,3,1,10,03,55,349,23,07,04,216,,09,12,271,31,16,19,137,31*74
$GPGSV,3,2,10,26,31,105,36,28,20,039,31,31,48,044,35,32,02,066,*75
$GPGSV,3,3,10,42,38,117,40,50,04,096,*78
$GPGLL,2520.06002,N,05128.16073,E,113025.00,A,D*64
$GPRMC,113026.00,A,2520.06002,N,05128.16076,E,0.011,,200726,,,D*7A
$GPVTG,,T,,M,0.011,N,0.020,K,D*24
$GPGGA,113026.00,2520.06002,N,05128.16076,E,2,06,1.18,39.0,M,-24.7,M,,0000*49
$GPGSA,A,3,31,28,09,26,16,03,,,,,,,2.43,1.18,2.13*0E
$GPGSV,3,1,10,03,55,349,22,07,04,216,,09,12,271,32,16,19,137,31*76
$GPGSV,3,2,10,26,31,105,37,28,20,039,32,31,48,044,36,32,02,066,*74
$GPGSV,3,3,10,42,38,117,40,50,04,096,*78
$GPGLL,2520.06002,N,05128.16076,E,113026.00,A,D*62
$GPRMC,113027.00,A,2520.06012,N,05128.16086,E,0.182,,200726,,,D*7E
$GPVTG,,T,,M,0.182,N,0.338,K,D*25
$GPGGA,113027.00,2520.06012,N,05128.16086,E,2,06,1.18,39.0,M,-24.7,M,,0000*46
$GPGSA,A,3,31,28,09,26,16,03,,,,,,,2.43,1.18,2.13*0E
$GPGSV,3,1,10,03,55,349,23,07,04,216,,09,12,271,32,16,19,137,32*74
$GPGSV,3,2,10,26,31,105,37,28,20,039,32,31,48,044,35,32,02,066,*77
$GPGSV,3,3,10,42,38,117,40,50,04,096,*78
$GPGLL,2520.06012,N,05128.16086,E,113027.00,A,D*6D
$GPRMC,113028.00,A,2520.06016,N,05128.16095,E,0.026,,200726,,,D*78
$GPVTG,,T,,M,0.026,N,0.048,K,D*2E
$GPGGA,113028.00,2520.06016,N,05128.16095,E,2,06,1.18,38.9,M,-24.7,M,,0000*47
$GPGSA,A,3,31,28,09,26,16,03,,,,,,,2.43,1.18,2.13*0E
$GPGSV,3,1,10,03,55,349,22,07,04,216,,09,12,271,32,16,19,137,32*75
$GPGSV,3,2,10,26,31,105,37,28,20,039,32,31,48,044,36,32,02,066,*74
$GPGSV,3,3,10,42,38,117,40,50,04,096,*78
$GPGLL,2520.06016,N,05128.16095,E,113028.00,A,D*64
$GPRMC,113029.00,A,2520.06017,N,05128.16090,E,0.207,,200726,,,D*7C
$GPVTG,,T,,M,0.207,N,0.383,K,D*2B
$GPGGA,113029.00,2520.06017,N,05128.16090,E,2,06,1.18,38.9,M,-24.7,M,,0000*42
$GPGSA,A,3,31,28,09,26,16,03,,,,,,,2.43,1.18,2.13*0E
$GPGSV,3,1,10,03,55,349,23,07,04,216,,09,12,271,31,16,19,137,32*77
$GPGSV,3,2,10,26,31,105,37,28,20,039,31,31,48,044,35,32,02,066,*74
$GPGSV,3,3,10,42,38,117,40,50,04,096,*78
$GPGLL,2520.06017,N,05128.16090,E,113029.00,A,D*61
$GPRMC,113030.00,A,2520.06013,N,05128.16081,E,0.013,,200726,,,D*77
$GPVTG,,T,,M,0.013,N,0.023,K,D*25
$GPGGA,113030.00,2520.06013,N,05128.16081,E,2,06,1.18,38.9,M,-24.7,M,,0000*4E
$GPGSA,A,3,31,28,09,26,16,03,,,,,,,2.43,1.18,2.13*0E
$GPGSV,3,1,10,03,55,349,23,07,04,216,,09,12,271,31,16,19,137,31*74
$GPGSV,3,2,10,26,31,105,37,28,20,039,31,31,48,044,35,32,02,066,*74
$GPGSV,3,3,10,42,38,117,40,50,04,096,*78
$GPGLL,2520.06013,N,05128.16081,E,113030.00,A,D*6D
$GPRMC,113031.00,A,2520.06012,N,05128.16082,E,0.171,,200726,,,D*71
$GPVTG,,T,,M,0.171,N,0.317,K,D*24
$GPGGA,113031.00,2520.06012,N,05128.16082,E,2,06,1.18,39.0,M,-24.7,M,,0000*45
$GPGSA,A,3,31,28,09,26,16,03,,,,,,,2.43,1.18,2.13*0E
$GPGSV,3,1,10,03,55,349,23,07,04,216,,09,12,271,31,16,19,137,31*74
$GPGSV,3,2,10,26,31,105,37,28,20,039,32,31,48,044,35,32,02,066,*77
$GPGSV,3,3,10,42,38,117,41,50,04,096,*79
$GPGLL,2520.06012,N,05128.16082,E,113031.00,A,D*6E
$GPRMC,113032.00,A,2520.06013,N,05128.16082,E,0.003,,200726,,,D*77
$GPVTG,,T,,M,0.003,N,0.006,K,D*23
$GPGGA,113032.00,2520.06013,N,05128.16082,E,2,06,1.18,39.0,M,-24.7,M,,0000*47
$GPGSA,A,3,31,28,09,26,16,03,,,,,,,2.43,1.18,2.13*0E
$GPGSV,3,1,10,03,55,349,24,07,04,216,,09,12,271,32,16,19,137,31*70
$GPGSV,3,2,10,26,31,105,37,28,20,039,32,31,48,044,36,32,02,066,*74
$GPGSV,3,3,10,42,38,117,41,50,04,096,*79
$GPGLL,2520.06013,N,05128.16082,E,113032.00,A,D*6C
$GPRMC,113033.00,A,2520.06013,N,05128.16082,E,0.322,,200726,,,D*76
$GPVTG,,T,,M,0.322,N,0.597,K,D*2E
$GPGGA,113033.00,2520.06013,N,05128.16082,E,2,06,1.18,38.9,M,-24.7,M,,0000*4E
$GPGSA,A,3,31,28,09,26,16,03,,,,,,,2.43,1.18,2.13*0E
$GPGSV,3,1,10,03,55,349,24,07,04,216,,09,12,271,32,16,19,137,32*73
$GPGSV,3,2,10,26,31,105,37,28,20,039,32,31,48,044,36,32,02,066,*74
$GPGSV,3,3,10,42,38,117,40,50,04,096,*78
$GPGLL,2520.06013,N,05128.16082,E,113033.00,A,D*6D
$GPRMC,113034.00,A,2520.06018,N,05128.16093,E,0.033,,200726,,,D*79
$GPVTG,,T,,M,0.033,N,0.061,K,D*21
$GPGGA,113034.00,2520.06018,N,05128.16093,E,2,06,1.18,38.8,M,-24.7,M,,0000*43
$GPGSA,A,3,31,28,09,26,16,03,,,,,,,2.43,1.18,2.13*0E
$GPGSV,3,1,10,03,55,349,24,07,04,216,,09,12,271,32,16,19,137,31*70
$GPGSV,3,2,10,26,31,105,37,28,20,039,31,31,48,044,36,32,02,066,*77
$GPGSV,3,3,10,42,38,117,40,50,04,096,*78
$GPGLL,2520.06018,N,05128.16093,E,113034.00,A,D*61
$GPRMC,113035.00,A,2520.06018,N,05128.16093,E,0.020,,200726,,,D*7A
$GPVTG,,T,,M,0.020,N,0.037,K,D*20
$GPGGA,113035.00,2520.06018,N,05128.16093,E,2,06,1.18,38.8,M,-24.7,M,,0000*42
$GPGSA,A,3,31,28,09,26,16,03,,,,,,,2.43,1.18,2.13*0E
$GPGSV,3,1,10,03,55,349,24,07,04,216,,09,12,271,32,16,19,137,31*70
$GPGSV,3,2,10,26,31,105,37,28,20,039,32,31,48,044,35,32,02,066,*77
$GPGSV,3,3,10,42,38,117,40,50,04,096,*78
$GPGLL,2520.06018,N,05128.16093,E,113035.00,A,D*60
$GPRMC,113036.00,A,2520.06019,N,05128.16093,E,0.027,,200726,,,D*7F
$GPVTG,,T,,M,0.027,N,0.049,K,D*2E
$GPGGA,113036.00,2520.06019,N,05128.16093,E,2,06,1.18,38.8,M,-24.7,M,,0000*40
$GPGSA,A,3,31,28,09,26,16,03,,,,,,,2.43,1.18,2.13*0E
$GPGSV,3,1,10,03,55,349,24,07,04,216,,09,12,271,32,16,19,137,31*70
$GPGSV,3,2,10,26,31,105,37,28,20,039,32,31,48,044,36,32,02,066,*74
$GPGSV,3,3,10,42,38,117,41,50,04,096,*79
$GPGLL,2520.06019,N,05128.16093,E,113036.00,A,D*62
$GPRMC,113037.00,A,2520.06018,N,05128.16095,E,0.148,,200726,,,D*71
$GPVTG,,T,,M,0.148,N,0.273,K,D*2D
$GPGGA,113037.00,2520.06018,N,05128.16095,E,2,06,1.18,38.9,M,-24.7,M,,0000*47
$GPGSA,A,3,31,28,09,26,16,03,,,,,,,2.43,1.18,2.13*0E
$GPGSV,3,1,10,03,55,349,24,07,04,216,,09,12,271,32,16,19,137,32*73
$GPGSV,3,2,10,26,31,105,37,28,20,039,31,31,48,044,36,32,02,066,*77
$GPGSV,3,3,10,42,38,117,41,50,04,096,*79
$GPGLL,2520.06018,N,05128.16095,E,113037.00,A,D*64
$GPRMC,113038.00,A,2520.06019,N,05128.16098,E,0.014,,200726,,,D*7A
$GPVTG,,T,,M,0.014,N,0.026,K,D*27
$GPGGA,113038.00,2520.06019,N,05128.16098,E,2,06,1.18,38.8,M,-24.7,M,,0000*45
$GPGSA,A,3,31,28,09,26,16,03,,,,,,,2.43,1.18,2.13*0E
$GPGSV,3,1,10,03,55,349,24,07,04,216,,09,12,271,32,16,19,137,32*73
$GPGSV,3,2,10,26,31,105,37,28,20,039,31,31,48,044,35,32,02,066,*74
$GPGSV,3,3,10,42,38,117,40,50,04,096,*78
$GPGLL,2520.06019,N,05128.16098,E,113038.00,A,D*67
$GPRMC,113039.00,A,2520.06020,N,05128.16095,E,0.359,,200726,,,D*76
$GPVTG,,T,,M,0.359,N,0.665,K,D*2C
$GPGGA,113039.00,2520.06020,N,05128.16095,E,2,06,1.18,38.7,M,-24.7,M,,0000*4C
$GPGSA,A,3,31,28,09,26,16,03,,,,,,,2.43,1.18,2.13*0E
$GPGSV,3,1,10,03,55,349,25,07,04,216,,09,12,271,32,16,19,137,32*72
$GPGSV,3,2,10,26,31,105,37,28,20,039,31,31,48,044,35,32,02,066,*74
$GPGSV,3,3,10,42,38,117,40,50,04,096,*78
$GPGLL,2520.06020,N,05128.16095,E,113039.00,A,D*61
$GPRMC,113040.00,A,2520.06019,N,05128.16097,E,0.017,,200726,,,D*79
$GPVTG,,T,,M,0.017,N,0.031,K,D*22
$GPGGA,113040.00,2520.06019,N,05128.16097,E,2,06,1.18,38.7,M,-24.7,M,,0000*4A
$GPGSA,A,3,31,28,09,26,16,03,,,,,,,2.43,1.18,2.12*0F
$GPGSV,3,1,10,03,55,349,24,07,04,216,,09,12,271,33,16,19,137,31*71
$GPGSV,3,2,10,26,31,105,37,28,20,039,31,31,48,044,35,32,02,066,*74
$GPGSV,3,3,10,42,38,117,40,50,04,096,*78
$GPGLL,2520.06019,N,05128.16097,E,113040.00,A,D*67
$GPRMC,113041.00,A,2520.06018,N,05128.16100,E,0.019,,200726,,,D*78
$GPVTG,,T,,M,0.019,N,0.035,K,D*28
$GPGGA,113041.00,2520.06018,N,05128.16100,E,2,06,1.18,38.7,M,-24.7,M,,0000*45
$GPGSA,A,3,31,28,09,26,16,03,,,,,,,2.43,1.18,2.12*0F
$GPGSV,3,1,10,03,55,349,24,07,04,216,,09,12,271,32,16,19,137,32*73
$GPGSV,3,2,10,26,31,105,37,28,20,039,31,31,48,044,36,32,02,066,*77
$GPGSV,3,3,10,42,38,117,40,50,04,096,*78
$GPGLL,2520.06018,N,05128.16100,E,113041.00,A,D*68
$GPRMC,113042.00,A,2520.06019,N,05128.16105,E,0.203,,200726,,,D*76
$GPVTG,,T,,M,0.203,N,0.376,K,D*25
$GPGGA,113042.00,2520.06019,N,05128.16105,E,2,06,1.18,38.6,M,-24.7,M,,0000*43
$GPGSA,A,3,31,28,09,26,16,03,,,,,,,2.43,1.18,2.12*0F
$GPGSV,3,1,10,03,55,349,24,07,04,216,,09,12,271,32,16,19,137,31*70
$GPGSV,3,2,10,26,31,105,37,28,20,039,32,31,48,044,36,32,02,066,*74
$GPGSV,3,3,10,42,38,117,41,50,04,096,*79
$GPGLL,2520.06019,N,05128.16105,E,113042.00,A,D*6F
$GPRMC,113043.00,A,2520.06021,N,05128.16106,E,0.123,,200726,,,D*7E
$GPVTG,,T,,M,0.123,N,0.227,K,D*21
$GPGGA,113043.00,2520.06021,N,05128.16106,E,2,06,1.18,38.6,M,-24.7,M,,0000*4A
$GPGSA,A,3,31,28,09,26,16,03,,,,,,,2.43,1.18,2.12*0F
$GPGSV,3,1,10,03,55,349,25,07,04,216,,09,12,271,33,16,19,137,31*70
$GPGSV,3,2,10,26,31,105,37,28,20,039,32,31,48,044,35,32,02,066,*77
$GPGSV,3,3,10,42,38,117,41,50,04,096,*79
$GPGLL,2520.06021,N,05128.16106,E,113043.00,A,D*66
$GPRMC,113044.00,A,2520.06025,N,05128.16109,E,0.015,,200726,,,D*76
$GPVTG,,T,,M,0.015,N,0.028,K,D*28
$GPGGA,113044.00,2520.06025,N,05128.16109,E,2,06,1.18,38.6,M,-24.7,M,,0000*46
$GPGSA,A,3,31,28,09,26,16,03,,,,,,,2.43,1.18,2.12*0F
$GPGSV,3,1,10,03,55,349,25,07,04,216,,09,12,271,33,16,19,137,31*70
$GPGSV,3,2,10,26,31,105,37,28,20,039,31,31,48,044,34,32,02,066,*75
$GPGSV,3,3,10,42,38,117,41,50,04,096,*79
$GPGLL,2520.06025,N,05128.16109,E,113044.00,A,D*6A
$GPRMC,113045.00,A,2520.06025,N,05128.16106,E,0.284,,200726,,,D*72
$GPVTG,,T,,M,0.284,N,0.526,K,D*29
$GPGGA,113045.00,2520.06025,N,05128.16106,E,2,06,1.18,38.7,M,-24.7,M,,0000*49
$GPGSA,A,3,31,28,09,26,16,03,,,,,,,2.43,1.18,2.12*0F
$GPGSV,3,1,10,03,55,349,24,07,04,216,,09,12,271,32,16,19,137,30*71
$GPGSV,3,2,10,26,31,105,37,28,20,039,31,31,48,044,34,32,02,066,*75
$GPGSV,3,3,10,42,38,117,41,50,04,096,*79
$GPGLL,2520.06025,N,05128.16106,E,113045.00,A,D*64
$GPRMC,113046.00,A,2520.06027,N,05128.16108,E,0.145,,200726,,,D*73
$GPVTG,,T,,M,0.145,N,0.269,K,D*2B
$GPGGA,113046.00,2520.06027,N,05128.16108,E,2,06,1.18,38.7,M,-24.7,M,,0000*46
$GPGSA,A,3,31,28,09,26,16,03,,,,,,,2.43,1.18,2.12*0F
$GPGSV,3,1,10,03,55,349,25,07,04,216,,09,12,271,33,16,19,137,31*70
$GPGSV,3,2,10,26,31,105,37,28,20,039,31,31,48,044,35,32,02,066,*74
$GPGSV,3,3,10,42,38,117,41,50,04,096,*79
$GPGLL,2520.06027,N,05128.16108,E,113046.00,A,D*6B
$GPRMC,113047.00,A,2520.06028,N,05128.16107,E,0.080,,200726,,,D*7A
$GPVTG,,T,,M,0.080,N,0.148,K,D*23
$GPGGA,113047.00,2520.06028,N,05128.16107,E,2,06,1.18,38.7,M,-24.7,M,,0000*47
$GPGSA,A,3,31,28,09,26,16,03,,,,,,,2.43,1.18,2.12*0F
$GPGSV,3,1,10,03,55,349,25,07,04,216,,09,12,271,33,16,19,137,31*70
$GPGSV,3,2,10,26,31,105,37,28,20,039,32,31,48,044,35,32,02,066,*77
$GPGSV,3,3,10,42,38,117,41,50,04,096,*79
$GPGLL,2520.06028,N,05128.16107,E,113047.00,A,D*6A
$GPRMC,113048.00,A,2520.06024,N,05128.16099,E,0.037,,200726,,,D*73
$GPVTG,,T,,M,0.037,N,0.068,K,D*2C
$GPGGA,113048.00,2520.06024,N,05128.16099,E,2,06,1.18,38.7,M,-24.7,M,,0000*42
$GPGSA,A,3,31,28,09,26,16,03,,,,,,,2.43,1.18,2.12*0F
$GPGSV,3,1,10,03,55,349,25,07,04,216,,09,12,271,33,16,19,137,31*70
$GPGSV,3,2,10,26,31,105,37,28,20,039,32,31,48,044,35,32,02,066,*77
$GPGSV,3,3,10,42,38,117,41,50,04,096,*79
$GPGLL,2520.06024,N,05128.16099,E,113048.00,A,D*6F
$GPRMC,113049.00,A,2520.06025,N,05128.16101,E,0.138,,200726,,,D*7D
$GPVTG,,T,,M,0.138,N,0.256,K,D*2D
$GPGGA,113049.00,2520.06025,N,05128.16101,E,2,06,1.18,38.7,M,-24.7,M,,0000*42
$GPGSA,A,3,31,28,09,26,16,03,,,,,,,2.43,1.18,2.12*0F
$GPGSV,3,1,10,03,55,349,25,07,04,216,,09,12,271,33,16,19,137,31*70
$GPGSV,3,2,10,26,31,105,37,28,20,039,32,31,48,044,35,32,02,066,*77
$GPGSV,3,3,10,42,38,117,40,50,04,096,*78
$GPGLL,2520.06025,N,05128.16101,E,113049.00,A,D*6F
$GPRMC,113050.00,A,2520.06029,N,05128.16112,E,0.006,,200726,,,D*77
$GPVTG,,T,,M,0.006,N,0.011,K,D*20
$GPGGA,113050.00,2520.06029,N,05128.16112,E,2,06,1.18,38.7,M,-24.7,M,,0000*44
$GPGSA,A,3,31,28,09,26,16,03,,,,,,,2.43,1.18,2.12*0F
$GPGSV,3,1,10,03,55,349,26,07,04,216,,09,12,271,34,16,19,137,31*74
$GPGSV,3,2,10,26,31,105,37,28,20,039,32,31,48,044,35,32,02,066,*77
$GPGSV,3,3,10,42,38,117,40,50,04,096,*78
$GPGLL,2520.06029,N,05128.16112,E,113050.00,A,D*69
$GPRMC,113051.00,A,2520.06031,N,05128.16118,E,0.036,,200726,,,D*76
$GPVTG,,T,,M,0.036,N,0.067,K,D*22
$GPGGA,113051.00,2520.06031,N,05128.16118,E,2,06,1.18,38.7,M,-24.7,M,,0000*46
$GPGSA,A,3,31,28,09,26,16,03,,,,,,,2.43,1.18,2.12*0F
$GPGSV,3,1,10,03,55,349,26,07,04,216,,09,12,271,33,16,19,137,31*73
$GPGSV,3,2,10,26,31,105,37,28,20,039,32,31,48,044,35,32,02,066,*77
$GPGSV,3,3,10,42,38,117,40,50,04,096,*78
$GPGLL,2520.06031,N,05128.16118,E,113051.00,A,D*6B
$GPRMC,113052.00,A,2520.06030,N,05128.16119,E,0.104,,200726,,,D*75
$GPVTG,,T,,M,0.104,N,0.192,K,D*29
$GPGGA,113052.00,2520.06030,N,05128.16119,E,2,06,1.18,38.6,M,-24.7,M,,0000*44
$GPGSA,A,3,31,28,09,26,16,03,,,,,,,2.43,1.18,2.12*0F
$GPGSV,3,1,10,03,55,349,25,07,04,216,,09,12,271,33,16,19,137,31*70
$GPGSV,3,2,10,26,31,105,37,28,20,039,32,31,48,044,35,32,02,066,*77
$GPGSV,3,3,10,42,38,117,40,50,04,096,*78
$GPGLL,2520.06030,N,05128.16119,E,113052.00,A,D*68
$GPRMC,113053.00,A,2520.06031,N,05128.16114,E,0.014,,200726,,,D*78
$GPVTG,,T,,M,0.014,N,0.025,K,D*24
$GPGGA,113053.00,2520.06031,N,05128.16114,E,2,06,1.18,38.7,M,-24.7,M,,0000*48
$GPGSA,A,3,31,28,09,26,16,03,,,,,,,2.42,1.18,2.12*0E
$GPGSV,3,1,10,03,55,349,26,07,04,216,,09,12,271,33,16,19,137,31*73
$GPGSV,3,2,10,26,31,105,37,28,20,039,32,31,48,044,35,32,02,066,*77
$GPGSV,3,3,10,42,38,117,40,50,04,096,*78
$GPGLL,2520.06031,N,05128.16114,E,113053.00,A,D*65
$GPRMC,113054.00,A,2520.06033,N,05128.16115,E,0.012,,200726,,,D*7A
$GPVTG,,T,,M,0.012,N,0.022,K,D*25
$GPGGA,113054.00,2520.06033,N,05128.16115,E,2,06,1.18,38.7,M,-24.7,M,,0000*4C
$GPGSA,A,3,31,28,09,26,16,03,,,,,,,2.42,1.18,2.12*0E
$GPGSV,3,1,10,03,55,349,26,07,04,216,,09,12,271,33,16,19,137,31*73
$GPGSV,3,2,10,26,31,105,37,28,20,039,32,31,48,044,35,32,02,066,*77
$GPGSV,3,3,10,42,38,117,41,50,04,096,*79
$GPGLL,2520.06033,N,05128.16115,E,113054.00,A,D*61
$GPRMC,113055.00,A,2520.06034,N,05128.16117,E,0.010,,200726,,,D*7C
$GPVTG,,T,,M,0.010,N,0.018,K,D*2E
$GPGGA,113055.00,2520.06034,N,05128.16117,E,2,06,1.18,38.8,M,-24.7,M,,0000*47
$GPGSA,A,3,31,28,09,26,16,03,,,,,,,2.42,1.18,2.12*0E
$GPGSV,3,1,10,03,55,349,26,07,04,216,,09,12,271,33,16,19,137,31*73
$GPGSV,3,2,10,26,31,105,37,28,20,039,32,31,48,044,35,32,02,066,*77
$GPGSV,3,3,10,42,38,117,40,50,04,096,*78
$GPGLL,2520.06034,N,05128.16117,E,113055.00,A,D*65
$GPRMC,113056.00,A,2520.06036,N,05128.16121,E,0.022,,200726,,,D*79
$GPVTG,,T,,M,0.022,N,0.040,K,D*22
$GPGGA,113056.00,2520.06036,N,05128.16121,E,2,06,1.18,38.8,M,-24.7,M,,0000*43
$GPGSA,A,3,31,28,09,26,16,03,,,,,,,2.42,1.18,2.12*0E
$GPGSV,3,1,10,03,55,349,25,07,04,216,,09,12,271,34,16,19,137,31*77
$GPGSV,3,2,10,26,31,105,37,28,20,039,31,31,48,044,35,32,02,066,*74
$GPGSV,3,3,10,42,38,117,40,50,04,096,*78
$GPGLL,2520.06036,N,05128.16121,E,113056.00,A,D*61
$GPRMC,113057.00,A,2520.06037,N,05128.16121,E,0.024,,200726,,,D*7F
$GPVTG,,T,,M,0.024,N,0.045,K,D*21
$GPGGA,113057.00,2520.06037,N,05128.16121,E,2,06,1.18,38.8,M,-24.7,M,,0000*43
$GPGSA,A,3,31,28,09,26,16,03,,,,,,,2.42,1.18,2.12*0E
$GPGSV,3,1,10,03,55,349,26,07,04,216,,09,12,271,33,16,19,137,31*73
$GPGSV,3,2,10,26,31,105,37,28,20,039,31,31,48,044,35,32,02,066,*74
$GPGSV,3,3,10,42,38,117,40,50,04,096,*78
$GPGLL,2520.06037,N,05128.16121,E,113057.00,A,D*61
$GPRMC,113058.00,A,2520.06039,N,05128.16122,E,0.015,,200726,,,D*7F
$GPVTG,,T,,M,0.015,N,0.029,K,D*29
$GPGGA,113058.00,2520.06039,N,05128.16122,E,2,06,1.18,38.8,M,-24.7,M,,0000*41
$GPGSA,A,3,31,28,09,26,16,03,,,,,,,2.42,1.18,2.12*0E
$GPGSV,3,1,10,03,55,349,26,07,04,216,,09,12,271,33,16,19,137,31*73
$GPGSV,3,2,10,26,31,105,37,28,20,039,32,31,48,044,35,32,02,066,*77
$GPGSV,3,3,10,42,38,117,40,50,04,096,*78
$GPGLL,2520.06039,N,05128.16122,E,113058.00,A,D*63
$GPRMC,113059.00,A,2520.06040,N,05128.16124,E,0.064,,200726,,,D*70
$GPVTG,,T,,M,0.064,N,0.119,K,D*2D
$GPGGA,113059.00,2520.06040,N,05128.16124,E,2,06,1.18,38.8,M,-24.7,M,,0000*48
$GPGSA,A,3,31,28,09,26,16,03,,,,,,,2.42,1.18,2.12*0E
$GPGSV,3,1,10,03,55,349,26,07,05,216,,09,12,271,33,16,19,137,31*72
$GPGSV,3,2,10,26,31,105,37,28,20,039,32,31,48,044,35,32,02,066,*77
$GPGSV,3,3,10,42,38,117,40,50,04,096,*78
$GPGLL,2520.06040,N,05128.16124,E,113059.00,A,D*6A
$GPRMC,113100.00,A,2520.06040,N,05128.16126,E,0.009,,200726,,,D*74
$GPVTG,,T,,M,0.009,N,0.018,K,D*26
$GPGGA,113100.00,2520.06040,N,05128.16126,E,2,06,1.18,38.8,M,-24.7,M,,0000*47
$GPGSA,A,3,31,28,09,26,16,03,,,,,,,2.42,1.18,2.12*0E
$GPGSV,3,1,10,03,55,349,27,07,05,216,,09,12,271,33,16,19,137,31*73
$GPGSV,3,2,10,26,31,105,37,28,20,039,32,31,48,044,35,32,02,066,*77
$GPGSV,3,3,10,42,38,117,40,50,04,096,*78
$GPGLL,2520.06040,N,05128.16126,E,113100.00,A,D*65
$GPRMC,113101.00,A,2520.06040,N,05128.16128,E,0.007,,200726,,,D*75
$GPVTG,,T,,M,0.007,N,0.014,K,D*24
$GPGGA,113101.00,2520.06040,N,05128.16128,E,2,06,1.18,38.8,M,-24.7,M,,0000*48
$GPGSA,A,3,31,28,09,26,16,03,,,,,,,2.42,1.18,2.12*0E
$GPGSV,3,1,10,03,55,349,27,07,05,216,,09,13,271,33,16,19,137,31*72
$GPGSV,3,2,10,26,31,105,37,28,20,039,31,31,48,044,35,32,02,066,*74
$GPGSV,3,3,10,42,38,117,40,50,04,096,*78
$GPGLL,2520.06040,N,05128.16128,E,113101.00,A,D*6A
$GPRMC,113102.00,A,2520.06041,N,05128.16128,E,0.006,,200726,,,D*76
$GPVTG,,T,,M,0.006,N,0.011,K,D*20
$GPGGA,113102.00,2520.06041,N,05128.16128,E,2,06,1.18,38.8,M,-24.7,M,,0000*4A
$GPGSA,A,3,31,28,09,26,16,03,,,,,,,2.42,1.18,2.12*0E
$GPGSV,3,1,10,03,55,349,26,07,05,216,,09,13,271,33,16,19,137,30*72
$GPGSV,3,2,10,26,31,105,37,28,20,039,31,31,48,044,35,32,02,066,*74
$GPGSV,3,3,10,42,38,117,40,50,04,096,*78
$GPGLL,2520.06041,N,05128.16128,E,113102.00,A,D*68
$GPRMC,113103.00,A,2520.06042,N,05128.16129,E,0.008,,200726,,,D*7B
$GPVTG,,T,,M,0.008,N,0.015,K,D*2A
$GPGGA,113103.00,2520.06042,N,05128.16129,E,2,06,1.18,38.7,M,-24.7,M,,0000*46
$GPGSA,A,3,31,28,09,26,16,03,,,,,,,2.42,1.18,2.12*0E
$GPGSV,3,1,10,03,55,349,27,07,05,216,,09,13,271,33,16,19,137,31*72
$GPGSV,3,2,10,26,31,105,37,28,20,039,31,31,48,044,35,32,02,066,*74
$GPGSV,3,3,10,42,38,117,40,50,04,096,*78
$GPGLL,2520.06042,N,05128.16129,E,113103.00,A,D*6B
$GPRMC,113104.00,A,2520.06048,N,05128.16131,E,0.243,,200726,,,D*72
$GPVTG,,T,,M,0.243,N,0.449,K,D*2A
$GPGGA,113104.00,2520.06048,N,05128.16131,E,2,06,1.18,38.7,M,-24.7,M,,0000*42
$GPGSA,A,3,31,28,09,26,16,03,,,,,,,2.42,1.18,2.12*0E
$GPGSV,3,1,10,03,55,349,27,07,05,216,17,09,13,271,33,16,19,137,31*74
$GPGSV,3,2,10,26,31,105,37,28,20,039,31,31,48,044,35,32,02,066,*74
$GPGSV,3,3,10,42,38,117,41,50,04,096,*79
$GPGLL,2520.06048,N,05128.16131,E,113104.00,A,D*6F
$GPRMC,113105.00,A,2520.06055,N,05128.16133,E,0.068,,200726,,,D*76
$GPVTG,,T,,M,0.068,N,0.127,K,D*2C
$GPGGA,113105.00,2520.06055,N,05128.16133,E,2,06,1.18,38.6,M,-24.7,M,,0000*4C
$GPGSA,A,3,31,28,09,26,16,03,,,,,,,2.42,1.18,2.12*0E
$GPGSV,3,1,10,03,55,349,27,07,05,216,17,09,13,271,33,16,19,137,31*74
$GPGSV,3,2,10,26,31,105,37,28,20,039,32,31,48,044,35,32,02,066,*77
$GPGSV,3,3,10,42,38,117,41,50,04,096,*79
$GPGLL,2520.06055,N,05128.16133,E,113105.00,A,D*60
$GPRMC,113106.00,A,2520.06059,N,05128.16131,E,0.005,,200726,,,D*70
$GPVTG,,T,,M,0.005,N,0.009,K,D*2A
$GPGGA,113106.00,2520.06059,N,05128.16131,E,2,06,1.18,38.5,M,-24.7,M,,0000*42
$GPGSA,A,3,31,28,09,26,16,03,,,,,,,2.42,1.18,2.12*0E
$GPGSV,3,1,10,03,55,349,27,07,05,216,17,09,13,271,34,16,19,137,31*73
$GPGSV,3,2,10,26,31,105,37,28,20,039,32,31,48,044,35,32,02,066,*77
$GPGSV,3,3,10,42,38,117,41,50,04,096,*79
$GPGLL,2520.06059,N,05128.16131,E,113106.00,A,D*6D
$GPRMC,113107.00,A,2520.06062,N,05128.16133,E,0.021,,200726,,,D*7D
$GPVTG,,T,,M,0.021,N,0.039,K,D*2F
$GPGGA,113107.00,2520.06062,N,05128.16133,E,2,06,1.18,38.5,M,-24.7,M,,0000*49
$GPGSA,A,3,31,28,09,26,16,03,,,,,,,2.42,1.18,2.12*0E
$GPGSV,3,1,10,03,55,349,27,07,05,216,16,09,13,271,34,16,19,137,31*72
$GPGSV,3,2,10,26,31,105,37,28,20,039,31,31,48,044,35,32,02,066,*74
$GPGSV,3,3,10,42,38,117,40,50,04,096,*78
$GPGLL,2520.06062,N,05128.16133,E,113107.00,A,D*66
$GPRMC,113108.00,A,2520.06065,N,05128.16135,E,0.009,,200726,,,D*79
$GPVTG,,T,,M,0.009,N,0.017,K,D*29
$GPGGA,113108.00,2520.06065,N,05128.16135,E,2,06,1.17,38.4,M,-24.7,M,,0000*49
$GPGSA,A,3,31,28,09,26,16,03,,,,,,,2.42,1.17,2.12*01
$GPGSV,3,1,10,03,55,349,27,07,05,216,16,09,13,271,34,16,20,136,31*79
$GPGSV,3,2,10,26,31,105,37,28,20,039,32,31,48,044,35,32,02,066,*77
$GPGSV,3,3,10,42,38,117,40,50,04,096,*78
$GPGLL,2520.06065,N,05128.16135,E,113108.00,A,D*68
$GPRMC,113109.00,A,2520.06067,N,05128.16137,E,0.123,,200726,,,D*71
$GPVTG,,T,,M,0.123,N,0.227,K,D*21
$GPGGA,113109.00,2520.06067,N,05128.16137,E,2,06,1.17,38.3,M,-24.7,M,,0000*4F
$GPGSA,A,3,31,28,09,26,16,03,,,,,,,2.42,1.17,2.12*01
$GPGSV,3,1,10,03,55,349,27,07,05,216,17,09,13,271,33,16,20,136,31*7F
$GPGSV,3,2,10,26,31,105,37,28,20,039,32,31,48,044,35,32,02,066,*77
$GPGSV,3,3,10,42,38,117,40,50,04,096,*78
$GPGLL,2520.06067,N,05128.16137,E,113109.00,A,D*69
$GPRMC,113110.00,A,2520.06071,N,05128.16150,E,0.021,,200726,,,D*7C
$GPVTG,,T,,M,0.021,N,0.038,K,D*2E
$GPGGA,113110.00,2520.06071,N,05128.16150,E,2,06,1.17,38.2,M,-24.7,M,,0000*40
$GPGSA,A,3,31,28,09,26,16,03,,,,,,,2.42,1.17,2.11*02
$GPGSV,3,1,10,03,55,349,27,07,05,216,16,09,13,271,34,16,20,136,31*79
$GPGSV,3,2,10,26,31,105,37,28,20,039,32,31,48,044,35,32,02,066,*77
$GPGSV,3,3,10,42,38,117,40,50,04,096,*78
$GPGLL,2520.06071,N,05128.16150,E,113110.00,A,D*67
$GPRMC,113111.00,A,2520.06072,N,05128.16154,E,0.004,,200726,,,D*7D
$GPVTG,,T,,M,0.004,N,0.008,K,D*2A
$GPGGA,113111.00,2520.06072,N,05128.16154,E,2,06,1.17,38.1,M,-24.7,M,,0000*45
$GPGSA,A,3,31,28,09,26,16,03,,,,,,,2.42,1.17,2.11*02
$GPGSV,3,1,10,03,55,349,27,07,05,216,17,09,13,271,34,16,20,136,31*78
$GPGSV,3,2,10,26,31,105,37,28,20,039,32,31,48,044,35,32,02,066,*77
$GPGSV,3,3,10,42,38,117,40,50,04,096,*78
$GPGLL,2520.06072,N,05128.16154,E,113111.00,A,D*61
$GPRMC,113112.00,A,2520.06074,N,05128.16157,E,0.013,,200726,,,D*7D
$GPVTG,,T,,M,0.013,N,0.024,K,D*22
$GPGGA,113112.00,2520.06074,N,05128.16157,E,2,06,1.17,38.0,M,-24.7,M,,0000*42
$GPGSA,A,3,31,28,09,26,16,03,,,,,,,2.42,1.17,2.11*02
$GPGSV,3,1,10,03,55,349,27,07,05,216,17,09,13,271,34,16,20,136,31*78
$GPGSV,3,2,10,26,31,105,37,28,20,039,32,31,48,044,35,32,02,066,*77
$GPGSV,3,3,10,42,38,117,40,50,04,096,*78
$GPGLL,2520.06074,N,05128.16157,E,113112.00,A,D*67
$GPRMC,113113.00,A,2520.06076,N,05128.16159,E,0.030,,200726,,,D*71
$GPVTG,,T,,M,0.030,N,0.055,K,D*25
$GPGGA,113113.00,2520.06076,N,05128.16159,E,2,06,1.17,37.9,M,-24.7,M,,0000*49
$GPGSA,A,3,31,28,09,26,16,03,,,,,,,2.42,1.17,2.11*02
$GPGSV,3,1,10,03,55,349,27,07,05,216,18,09,13,271,34,16,20,136,31*77
$GPGSV,3,2,10,26,31,105,37,28,20,039,32,31,48,044,35,32,02,066,*77
$GPGSV,3,3,10,42,38,117,41,50,04,096,*79
$GPGLL,2520.06076,N,05128.16159,E,113113.00,A,D*6A
$GPRMC,113114.00,A,2520.06075,N,05128.16160,E,0.009,,200726,,,D*75
$GPVTG,,T,,M,0.009,N,0.017,K,D*29
$GPGGA,113114.00,2520.06075,N,05128.16160,E,2,06,1.17,37.9,M,-24.7,M,,0000*47
$GPGSA,A,3,31,28,09,26,16,03,,,,,,,2.42,1.17,2.11*02
$GPGSV,3,1,10,03,55,349,27,07,05,216,19,09,13,271,34,16,20,136,31*76
$GPGSV,3,2,10,26,31,105,37,28,20,039,32,31,48,044,35,32,02,066,*77
$GPGSV,3,3,10,42,38,117,41,50,04,096,*79
$GPGLL,2520.06075,N,05128.16160,E,113114.00,A,D*64
$GPRMC,113115.00,A,2520.06076,N,05128.16160,E,0.007,,200726,,,D*79
$GPVTG,,T,,M,0.007,N,0.013,K,D*23
$GPGGA,113115.00,2520.06076,N,05128.16160,E,2,06,1.17,37.9,M,-24.7,M,,0000*45
$GPGSA,A,3,31,28,09,26,16,03,,,,,,,2.42,1.17,2.11*02
$GPGSV,3,1,10,03,55,349,27,07,05,216,19,09,13,271,34,16,20,136,31*76
$GPGSV,3,2,10,26,31,105,37,28,20,039,32,31,48,044,35,32,02,066,*77
$GPGSV,3,3,10,42,38,117,41,50,04,096,*79
$GPGLL,2520.06076,N,05128.16160,E,113115.00,A,D*66
$GPRMC,113116.00,A,2520.06079,N,05128.16160,E,0.245,,200726,,,D*71
$GPVTG,,T,,M,0.245,N,0.454,K,D*20
$GPGGA,113116.00,2520.06079,N,05128.16160,E,2,06,1.17,38.0,M,-24.7,M,,0000*4F
$GPGSA,A,3,31,28,09,26,16,03,,,,,,,2.42,1.17,2.11*02
$GPGSV,3,1,10,03,55,349,27,07,05,216,19,09,13,271,35,16,20,136,31*77
$GPGSV,3,2,10,26,31,105,37,28,20,039,32,31,48,044,35,32,02,066,*77
$GPGSV,3,3,10,42,38,117,41,50,04,096,*79
$GPGLL,2520.06079,N,05128.16160,E,113116.00,A,D*6A
$GPRMC,113117.00,A,2520.06078,N,05128.16159,E,0.020,,200726,,,D*7A
$GPVTG,,T,,M,0.020,N,0.038,K,D*2F
$GPGGA,113117.00,2520.06078,N,05128.16159,E,2,06,1.17,38.1,M,-24.7,M,,0000*44
$GPGSA,A,3,31,28,09,26,16,03,,,,,,,2.42,1.17,2.11*02
$GPGSV,3,1,10,03,55,349,27,07,05,216,19,09,13,271,34,16,20,136,31*76
$GPGSV,3,2,10,26,31,105,37,28,20,039,32,31,48,044,35,32,02,066,*77
$GPGSV,3,3,10,42,38,117,41,50,04,096,*79
$GPGLL,2520.06078,N,05128.16159,E,113117.00,A,D*60
$GPRMC,113118.00,A,2520.06076,N,05128.16160,E,0.017,,200726,,,D*75
$GPVTG,,T,,M,0.017,N,0.032,K,D*21
$GPGGA,113118.00,2520.06076,N,05128.16160,E,2,06,1.17,38.2,M,-24.7,M,,0000*4C
$GPGSA,A,3,31,28,09,26,16,03,,,,,,,2.42,1.17,2.11*02
$GPGSV,3,1,10,03,55,349,27,07,05,216,18,09,13,271,34,16,20,136,31*77
$GPGSV,3,2,10,26,31,105,37,28,20,039,32,31,48,044,36,32,02,066,19*7C
$GPGSV,3,3,10,42,38,117,41,50,04,096,*79
$GPGLL,2520.06076,N,05128.16160,E,113118.00,A,D*6B
$GPRMC,113119.00,A,2520.06074,N,05128.16158,E,0.021,,200726,,,D*78
$GPVTG,,T,,M,0.021,N,0.039,K,D*2F
$GPGGA,113119.00,2520.06074,N,05128.16158,E,2,06,1.17,38.3,M,-24.7,M,,0000*45
$GPGSA,A,3,31,28,09,26,16,03,,,,,,,2.42,1.17,2.11*02
$GPGSV,3,1,10,03,55,349,27,07,05,216,18,09,13,271,34,16,20,136,31*77
$GPGSV,3,2,10,26,31,105,37,28,20,039,32,31,48,044,36,32,02,066,*74
$GPGSV,3,3,10,42,38,117,40,50,04,096,*78
$GPGLL,2520.06074,N,05128.16158,E,113119.00,A,D*63
$GPRMC,113120.00,A,2520.06073,N,05128.16159,E,0.012,,200726,,,D*74
$GPVTG,,T,,M,0.012,N,0.021,K,D*26
$GPGGA,113120.00,2520.06073,N,05128.16159,E,2,06,1.17,38.3,M,-24.7,M,,0000*49
$GPGSA,A,3,31,28,09,26,16,03,,,,,,,2.42,1.17,2.11*02
$GPGSV,3,1,10,03,55,349,27,07,05,216,18,09,13,271,34,16,20,136,32*74
$GPGSV,3,2,10,26,31,105,37,28,19,039,32,31,48,044,35,32,02,066,*7D
$GPGSV,3,3,10,42,38,117,41,50,04,096,*79
$GPGLL,2520.06073,N,05128.16159,E,113120.00,A,D*6F
$GPRMC,113121.00,A,2520.06072,N,05128.16160,E,0.013,,200726,,,D*7F
$GPVTG,,T,,M,0.013,N,0.024,K,D*22
$GPGGA,113121.00,2520.06072,N,05128.16160,E,2,06,1.17,38.4,M,-24.7,M,,0000*44
$GPGSA,A,3,31,28,09,26,16,03,,,,,,,2.42,1.17,2.11*02
$GPGSV,3,1,10,03,55,349,27,07,05,216,18,09,13,271,35,16,20,136,32*75
$GPGSV,3,2,10,26,31,105,37,28,19,039,32,31,48,044,36,32,02,066,*7E
$GPGSV,3,3,10,42,38,117,41,50,04,096,*79
$GPGLL,2520.06072,N,05128.16160,E,113121.00,A,D*65
$GPRMC,113122.00,A,2520.06071,N,05128.16161,E,0.024,,200726,,,D*7A
$GPVTG,,T,,M,0.024,N,0.045,K,D*21
$GPGGA,113122.00,2520.06071,N,05128.16161,E,2,06,1.17,38.4,M,-24.7,M,,0000*45
$GPGSA,A,3,31,28,09,26,16,03,,,,,,,2.42,1.17,2.11*02
$GPGSV,3,1,10,03,55,349,27,07,05,216,18,09,13,271,34,16,20,136,32*74
$GPGSV,3,2,10,26,31,105,37,28,19,039,31,31,48,044,35,32,02,066,*7E
$GPGSV,3,3,10,42,38,117,41,50,04,096,*79
$GPGLL,2520.06071,N,05128.16161,E,113122.00,A,D*64
$GPRMC,113123.00,A,2520.06070,N,05128.16160,E,0.022,,200726,,,D*7D
$GPVTG,,T,,M,0.022,N,0.041,K,D*23
$GPGGA,113123.00,2520.06070,N,05128.16160,E,2,06,1.17,38.5,M,-24.7,M,,0000*45
$GPGSA,A,3,31,28,09,26,16,03,,,,,,,2.41,1.17,2.11*01
$GPGSV,3,1,10,03,55,349,27,07,05,216,18,09,13,271,34,16,20,136,32*74
$GPGSV,3,2,10,26,31,105,37,28,19,039,32,31,48,044,35,32,02,066,*7D
$GPGSV,3,3,10,42,38,117,41,50,04,096,*79
$GPGLL,2520.06070,N,05128.16160,E,113123.00,A,D*65
$GPRMC,113124.00,A,2520.06069,N,05128.16159,E,0.011,,200726,,,D*78
$GPVTG,,T,,M,0.011,N,0.020,K,D*24
$GPGGA,113124.00,2520.06069,N,05128.16159,E,2,06,1.17,38.5,M,-24.7,M,,0000*40
$GPGSA,A,3,31,28,09,26,16,03,,,,,,,2.41,1.17,2.11*01
$GPGSV,3,1,10,03,55,349,27,07,05,216,18,09,13,271,35,16,20,136,32*75
$GPGSV,3,2,10,26,31,105,37,28,19,039,32,31,48,044,35,32,01,066,*7E
$GPGSV,3,3,10,42,38,117,40,50,04,096,*78
$GPGLL,2520.06069,N,05128.16159,E,113124.00,A,D*60
$GPRMC,113125.00,A,2520.06070,N,05128.16159,E,0.006,,200726,,,D*77
$GPVTG,,T,,M,0.006,N,0.010,K,D*21
$GPGGA,113125.00,2520.06070,N,05128.16159,E,2,06,1.17,38.5,M,-24.7,M,,0000*49
$GPGSA,A,3,31,28,09,26,16,03,,,,,,,2.41,1.17,2.11*01
$GPGSV,3,1,10,03,55,349,27,07,05,216,18,09,13,271,35,16,20,136,32*75
$GPGSV,3,2,10,26,31,105,37,28,19,039,32,31,48,044,36,32,01,066,*7D
$GPGSV,3,3,10,42,38,117,40,50,04,096,*78
$GPGLL,2520.06070,N,05128.16159,E,113125.00,A,D*69
$GPRMC,113126.00,A,2520.06073,N,05128.16158,E,0.010,,200726,,,D*71
$GPVTG,,T,,M,0.010,N,0.018,K,D*2E
$GPGGA,113126.00,2520.06073,N,05128.16158,E,2,06,1.17,38.4,M,-24.7,M,,0000*49
$GPGSA,A,3,31,28,09,26,16,03,,,,,,,2.41,1.17,2.11*01
$GPGSV,3,1,10,03,55,349,27,07,05,216,18,09,13,271,35,16,20,136,32*75
$GPGSV,3,2,10,26,31,105,37,28,19,039,32,31,48,044,36,32,01,066,*7D
$GPGSV,3,3,10,42,38,117,41,50,04,096,*79
$GPGLL,2520.06073,N,05128.16158,E,113126.00,A,D*68
$GPRMC,113127.00,A,2520.06073,N,05128.16147,E,0.564,,200726,,,D*78
$GPVTG,,T,,M,0.564,N,1.045,K,D*21
$GPGGA,113127.00,2520.06073,N,05128.16147,E,2,06,1.17,38.5,M,-24.7,M,,0000*47
$GPGSA,A,3,31,28,09,26,16,03,,,,,,,2.41,1.17,2.11*01
$GPGSV,3,1,10,03,55,349,27,07,05,216,18,09,13,271,34,16,20,136,32*74
$GPGSV,3,2,10,26,31,105,37,28,19,039,32,31,48,044,35,32,01,066,*7E
$GPGSV,3,3,10,42,38,117,41,50,04,096,*79
$GPGLL,2520.06073,N,05128.16147,E,113127.00,A,D*67
$GPRMC,113128.00,A,2520.06072,N,05128.16152,E,0.024,,200726,,,D*73
$GPVTG,,T,,M,0.024,N,0.044,K,D*20
$GPGGA,113128.00,2520.06072,N,05128.16152,E,2,06,1.17,38.5,M,-24.7,M,,0000*4D
$GPGSA,A,3,31,28,09,26,16,03,,,,,,,2.41,1.17,2.11*01
$GPGSV,3,1,10,03,55,349,27,07,05,216,18,09,13,271,34,16,20,136,31*77
$GPGSV,3,2,10,26,31,105,37,28,19,039,32,31,48,044,35,32,01,066,*7E
$GPGSV,3,3,10,42,38,117,41,50,04,096,*79
$GPGLL,2520.06072,N,05128.16152,E,113128.00,A,D*6D
$GPRMC,113129.00,A,2520.06073,N,05128.16151,E,0.038,,200726,,,D*7D
$GPVTG,,T,,M,0.038,N,0.071,K,D*2B
$GPGGA,113129.00,2520.06073,N,05128.16151,E,2,06,1.17,38.5,M,-24.7,M,,0000*4E
$GPGSA,A,3,31,28,09,26,16,03,,,,,,,2.41,1.17,2.11*01
$GPGSV,3,1,10,03,55,349,26,07,05,216,17,09,13,271,34,16,20,136,32*7A
$GPGSV,3,2,10,26,31,105,37,28,19,039,32,31,48,044,35,32,01,066,*7E
$GPGSV,3,3,10,42,38,117,41,50,04,096,*79
$GPGLL,2520.06073,N,05128.16151,E,113129.00,A,D*6E
$GPRMC,113130.00,A,2520.06074,N,05128.16151,E,0.011,,200726,,,D*79
$GPVTG,,T,,M,0.011,N,0.020,K,D*24
$GPGGA,113130.00,2520.06074,N,05128.16151,E,2,06,1.17,38.5,M,-24.7,M,,0000*41
$GPGSA,A,3,31,28,09,26,16,03,,,,,,,2.41,1.17,2.11*01
$GPGSV,3,1,10,03,55,349,27,07,05,216,17,09,13,271,35,16,20,136,32*7A
$GPGSV,3,2,10,26,31,105,37,28,19,039,32,31,48,044,36,32,01,066,*7D
$GPGSV,3,3,10,42,38,117,41,50,04,096,*79
$GPGLL,2520.06074,N,05128.16151,E,113130.00,A,D*61
$GPRMC,113131.00,A,2520.06073,N,05128.16149,E,0.042,,200726,,,D*70
$GPVTG,,T,,M,0.042,N,0.078,K,D*2F
$GPGGA,113131.00,2520.06073,N,05128.16149,E,2,06,1.17,38.6,M,-24.7,M,,0000*4D
$GPGSA,A,3,31,28,09,26,16,03,,,,,,,2.41,1.17,2.11*01
$GPGSV,3,1,10,03,55,349,26,07,05,216,17,09,13,271,35,16,20,136,32*7B
$GPGSV,3,2,10,26,31,105,37,28,19,039,32,31,48,044,36,32,01,066,*7D
$GPGSV,3,3,10,42,38,117,41,50,04,096,*79
$GPGLL,2520.06073,N,05128.16149,E,113131.00,A,D*6E
$GPRMC,113132.00,A,2520.06072,N,05128.16146,E,0.068,,200726,,,D*75
$GPVTG,,T,,M,0.068,N,0.125,K,D*2E
$GPGGA,113132.00,2520.06072,N,05128.16146,E,2,06,1.17,38.7,M,-24.7,M,,0000*41
$GPGSA,A,3,31,28,09,26,16,03,,,,,,,2.41,1.17,2.11*01
$GPGSV,3,1,10,03,55,349,26,07,05,216,17,09,13,271,35,16,20,136,32*7B
$GPGSV,3,2,10,26,31,105,37,28,19,039,32,31,48,044,35,32,01,066,*7E
$GPGSV,3,3,10,42,38,117,41,50,04,096,*79
$GPGLL,2520.06072,N,05128.16146,E,113132.00,A,D*63
$GPRMC,113133.00,A,2520.06073,N,05128.16144,E,0.029,,200726,,,D*72
$GPVTG,,T,,M,0.029,N,0.054,K,D*2C
$GPGGA,113133.00,2520.06073,N,05128.16144,E,2,06,1.17,38.7,M,-24.7,M,,0000*43
$GPGSA,A,3,31,28,09,26,16,03,,,,,,,2.41,1.17,2.11*01
$GPGSV,3,1,10,03,55,349,26,07,05,216,,09,13,271,35,16,20,136,31*7E
$GPGSV,3,2,10,26,31,105,37,28,19,039,32,31,48,044,36,32,01,066,*7D
$GPGSV,3,3,10,42,38,117,41,50,04,096,*79
$GPGLL,2520.06073,N,05128.16144,E,113133.00,A,D*61
$GPRMC,113134.00,A,2520.06077,N,05128.16145,E,0.114,,200726,,,D*7F
$GPVTG,,T,,M,0.114,N,0.211,K,D*20
$GPGGA,113134.00,2520.06077,N,05128.16145,E,2,06,1.17,38.5,M,-24.7,M,,0000*43
$GPGSA,A,3,31,28,09,26,16,03,,,,,,,2.41,1.17,2.11*01
$GPGSV,3,1,10,03,55,349,26,07,05,216,,09,13,271,35,16,20,136,32*7D
$GPGSV,3,2,10,26,31,105,38,28,19,039,32,31,48,044,36,32,01,066,*72
$GPGSV,3,3,10,42,38,117,41,50,04,096,*79
$GPGLL,2520.06077,N,05128.16145,E,113134.00,A,D*63
$GPRMC,113135.00,A,2520.06073,N,05128.16139,E,0.019,,200726,,,D*7D
$GPVTG,,T,,M,0.019,N,0.034,K,D*29
$GPGGA,113135.00,2520.06073,N,05128.16139,E,2,06,1.17,38.5,M,-24.7,M,,0000*4D
$GPGSA,A,3,31,28,09,26,16,03,,,,,,,2.41,1.17,2.11*01
$GPGSV,3,1,10,03,55,349,26,07,05,216,,09,13,271,34,16,20,136,32*7C
$GPGSV,3,2,10,26,31,105,38,28,19,039,32,31,48,044,36,32,01,066,*72
$GPGSV,3,3,10,42,38,117,41,50,04,096,*79
$GPGLL,2520.06073,N,05128.16139,E,113135.00,A,D*6D
$GPRMC,113136.00,A,2520.06077,N,05128.16135,E,0.024,,200726,,,D*78
$GPVTG,,T,,M,0.024,N,0.045,K,D*21
$GPGGA,113136.00,2520.06077,N,05128.16135,E,2,06,1.17,38.4,M,-24.7,M,,0000*47
$GPGSA,A,3,31,28,09,26,16,03,,,,,,,2.41,1.17,2.11*01
$GPGSV,3,1,10,03,55,349,26,07,05,216,,09,13,271,35,16,20,136,32*7D
$GPGSV,3,2,10,26,31,105,38,28,19,039,32,31,48,044,35,32,01,066,*71
$GPGSV,3,3,10,42,38,117,40,50,04,096,*78
$GPGLL,2520.06077,N,05128.16135,E,113136.00,A,D*66
$GPRMC,113137.00,A,2520.06079,N,05128.16132,E,0.015,,200726,,,D*72
$GPVTG,,T,,M,0.015,N,0.027,K,D*27
$GPGGA,113137.00,2520.06079,N,05128.16132,E,2,06,1.17,38.4,M,-24.7,M,,0000*4F
$GPGSA,A,3,31,28,09,26,16,03,,,,,,,2.41,1.17,2.11*01
$GPGSV,3,1,10,03,55,349,26,07,05,216,,09,13,271,35,16,20,136,32*7D
$GPGSV,3,2,10,26,31,105,38,28,19,039,32,31,48,044,35,32,01,066,*71
$GPGSV,3,3,10,42,38,117,41,50,04,096,*79
$GPGLL,2520.06079,N,05128.16132,E,113137.00,A,D*6E
$GPRMC,113138.00,A,2520.06081,N,05128.16133,E,0.013,,200726,,,D*7D
$GPVTG,,T,,M,0.013,N,0.023,K,D*25
$GPGGA,113138.00,2520.06081,N,05128.16133,E,2,06,1.17,38.4,M,-24.7,M,,0000*46
$GPGSA,A,3,31,28,09,26,16,03,,,,,,,2.41,1.17,2.11*01
$GPGSV,3,1,10,03,55,349,25,07,05,216,,09,13,271,34,16,20,136,32*7F
$GPGSV,3,2,10,26,31,105,38,28,19,039,32,31,48,044,35,32,01,066,*71
$GPGSV,3,3,10,42,38,117,41,50,04,096,*79
$GPGLL,2520.06081,N,05128.16133,E,113138.00,A,D*67
$GPRMC,113139.00,A,2520.06081,N,05128.16133,E,0.013,,200726,,,D*7C
$GPVTG,,T,,M,0.013,N,0.025,K,D*23
$GPGGA,113139.00,2520.06081,N,05128.16133,E,2,06,1.17,38.5,M,-24.7,M,,0000*46
$GPGSA,A,3,31,28,09,26,16,03,,,,,,,2.41,1.17,2.11*01
$GPGSV,3,1,10,03,55,349,26,07,05,216,,09,13,271,35,16,20,136,32*7D
$GPGSV,3,2,10,26,31,105,38,28,19,039,32,31,48,044,35,32,01,066,*71
$GPGSV,3,3,10,42,38,117,41,50,04,096,*79
$GPGLL,2520.06081,N,05128.16133,E,113139.00,A,D*66
$GPRMC,113140.00,A,2520.06081,N,05128.16131,E,0.015,,200726,,,D*76
$GPVTG,,T,,M,0.015,N,0.028,K,D*28
$GPGGA,113140.00,2520.06081,N,05128.16131,E,2,06,1.17,38.5,M,-24.7,M,,0000*4A
$GPGSA,A,3,31,28,09,26,16,03,,,,,,,2.41,1.17,2.11*01
$GPGSV,3,1,10,03,55,349,25,07,05,216,,09,13,271,35,16,20,136,32*7E
$GPGSV,3,2,10,26,31,105,38,28,19,039,32,31,48,044,35,32,01,066,*71
$GPGSV,3,3,10,42,38,117,41,50,04,096,*79
$GPGLL,2520.06081,N,05128.16131,E,113140.00,A,D*6A
$GPRMC,113141.00,A,2520.06082,N,05128.16126,E,0.020,,200726,,,D*74
$GPVTG,,T,,M,0.020,N,0.037,K,D*20
$GPGGA,113141.00,2520.06082,N,05128.16126,E,2,06,1.17,38.5,M,-24.7,M,,0000*4E
$GPGSA,A,3,31,28,09,26,16,03,,,,,,,2.41,1.17,2.10*00
$GPGSV,3,1,10,03,55,349,25,07,05,216,,09,13,271,35,16,20,136,32*7E
$GPGSV,3,2,10,26,31,105,38,28,19,039,32,31,48,044,36,32,01,066,*72
$GPGSV,3,3,10,42,38,117,41,50,04,096,*79
$GPGLL,2520.06082,N,05128.16126,E,113141.00,A,D*6E
$GPRMC,113142.00,A,2520.06084,N,05128.16122,E,0.013,,200726,,,D*75
$GPVTG,,T,,M,0.013,N,0.025,K,D*23
$GPGGA,113142.00,2520.06084,N,05128.16122,E,2,06,1.17,38.6,M,-24.7,M,,0000*4C
$GPGSA,A,3,31,28,09,26,16,03,,,,,,,2.41,1.17,2.10*00
$GPGSV,3,1,10,03,55,349,25,07,05,216,,09,13,271,34,16,20,136,32*7F
$GPGSV,3,2,10,26,31,105,38,28,19,039,31,31,48,044,36,32,01,066,*71
$GPGSV,3,3,10,42,38,117,40,50,04,096,*78
$GPGLL,2520.06084,N,05128.16122,E,113142.00,A,D*6F
$GPRMC,113143.00,A,2520.06085,N,05128.16120,E,0.008,,200726,,,D*7D
$GPVTG,,T,,M,0.008,N,0.015,K,D*2A
$GPGGA,113143.00,2520.06085,N,05128.16120,E,2,06,1.17,38.6,M,-24.7,M,,0000*4E
$GPGSA,A,3,31,28,09,26,16,03,,,,,,,2.41,1.17,2.10*00
$GPGSV,3,1,10,03,55,349,25,07,05,216,,09,13,271,34,16,20,136,32*7F
$GPGSV,3,2,10,26,31,105,38,28,19,039,31,31,48,044,35,32,01,066,*72
$GPGSV,3,3,10,42,38,117,41,50,04,096,*79
$GPGLL,2520.06085,N,05128.16120,E,113143.00,A,D*6D
$GPRMC,113144.00,A,2520.06086,N,05128.16120,E,0.032,,200726,,,D*70
$GPVTG,,T,,M,0.032,N,0.060,K,D*21
$GPGGA,113144.00,2520.06086,N,05128.16120,E,2,06,1.17,38.8,M,-24.7,M,,0000*44
$GPGSA,A,3,31,28,09,26,16,03,,,,,,,2.41,1.17,2.10*00
$GPGSV,3,1,10,03,55,349,25,07,05,216,18,09,13,271,34,16,20,136,32*76
$GPGSV,3,2,10,26,31,105,38,28,19,039,31,31,48,044,35,32,01,066,*72
$GPGSV,3,3,10,42,38,117,41,50,04,096,*79
$GPGLL,2520.06086,N,05128.16120,E,113144.00,A,D*69
$GPRMC,113145.00,A,2520.06087,N,05128.16115,E,0.038,,200726,,,D*7C
$GPVTG,,T,,M,0.038,N,0.070,K,D*2A
$GPGGA,113145.00,2520.06087,N,05128.16115,E,2,06,1.17,38.9,M,-24.7,M,,0000*43
$GPGSA,A,3,31,28,09,26,16,03,,,,,,,2.41,1.17,2.10*00
$GPGSV,3,1,10,03,55,349,25,07,05,216,17,09,13,271,34,16,20,136,32*79
$GPGSV,3,2,10,26,31,105,38,28,19,039,31,31,48,044,35,32,01,066,*72
$GPGSV,3,3,10,42,38,117,41,50,04,096,*79
$GPGLL,2520.06087,N,05128.16115,E,113145.00,A,D*6F
$GPRMC,113146.00,A,2520.06087,N,05128.16109,E,0.106,,200726,,,D*7E
$GPVTG,,T,,M,0.106,N,0.197,K,D*2E
$GPGGA,113146.00,2520.06087,N,05128.16109,E,2,06,1.17,39.2,M,-24.7,M,,0000*47
$GPGSA,A,3,31,28,09,26,16,03,,,,,,,2.41,1.17,2.10*00
$GPGSV,3,1,10,03,55,349,25,07,05,216,,09,13,271,34,16,20,136,32*7F
$GPGSV,3,2,10,26,31,105,38,28,19,039,31,31,48,044,35,32,01,066,*72
$GPGSV,3,3,10,42,38,117,41,50,04,096,*79
$GPGLL,2520.06087,N,05128.16109,E,113146.00,A,D*61
$GPRMC,113147.00,A,2520.06090,N,05128.16106,E,0.061,,200726,,,D*76
$GPVTG,,T,,M,0.061,N,0.114,K,D*25
$GPGGA,113147.00,2520.06090,N,05128.16106,E,2,06,1.17,39.3,M,-24.7,M,,0000*4E
$GPGSA,A,3,31,28,09,26,16,03,,,,,,,2.41,1.17,2.10*00
$GPGSV,3,1,10,03,55,349,24,07,05,216,,09,13,271,35,16,20,136,32*7F
$GPGSV,3,2,10,26,31,105,38,28,19,039,31,31,48,044,35,32,01,066,*72
$GPGSV,3,3,10,42,38,117,41,50,04,096,*79
$GPGLL,2520.06090,N,05128.16106,E,113147.00,A,D*69
$GPRMC,113148.00,A,2520.06094,N,05128.16104,E,0.025,,200726,,,D*7F
$GPVTG,,T,,M,0.025,N,0.046,K,D*23
$GPGGA,113148.00,2520.06094,N,05128.16104,E,2,06,1.17,39.3,M,-24.7,M,,0000*47
$GPGSA,A,3,31,28,09,26,16,03,,,,,,,2.41,1.17,2.10*00
$GPGSV,3,1,10,03,55,349,24,07,05,216,,09,13,271,35,16,20,136,32*7F
$GPGSV,3,2,10,26,31,105,38,28,19,039,31,31,48,044,35,32,01,066,*72
$GPGSV,3,3,10,42,38,117,41,50,04,096,*79
$GPGLL,2520.06094,N,05128.16104,E,113148.00,A,D*60
$GPRMC,113149.00,A,2520.06096,N,05128.16102,E,0.056,,200726,,,D*7E
$GPVTG,,T,,M,0.056,N,0.104,K,D*20
$GPGGA,113149.00,2520.06096,N,05128.16102,E,2,06,1.17,39.4,M,-24.7,M,,0000*45
$GPGSA,A,3,31,28,09,26,16,03,,,,,,,2.41,1.17,2.10*00
$GPGSV,3,1,10,03,55,349,23,07,05,216,,09,13,271,35,16,20,136,32*78
$GPGSV,3,2,10,26,31,105,38,28,19,039,32,31,48,044,35,32,01,066,*71
$GPGSV,3,3,10,42,38,117,40,50,04,096,*78
$GPGLL,2520.06096,N,05128.16102,E,113149.00,A,D*65
$GPRMC,113150.00,A,2520.06100,N,05128.16100,E,0.052,,200726,,,D*7E
$GPVTG,,T,,M,0.052,N,0.096,K,D*2E
$GPGGA,113150.00,2520.06100,N,05128.16100,E,2,06,1.17,39.4,M,-24.7,M,,0000*41
$GPGSA,A,3,31,28,09,26,16,03,,,,,,,2.41,1.17,2.10*00
$GPGSV,3,1,10,03,55,349,23,07,05,216,,09,13,271,35,16,20,136,32*78
$GPGSV,3,2,10,26,31,105,38,28,19,039,32,31,48,044,35,32,01,066,*71
$GPGSV,3,3,10,42,38,117,41,50,04,096,*79
$GPGLL,2520.06100,N,05128.16100,E,113150.00,A,D*61
$GPRMC,113151.00,A,2520.06108,N,05128.16102,E,0.008,,200726,,,D*7A
$GPVTG,,T,,M,0.008,N,0.015,K,D*2A
$GPGGA,113151.00,2520.06108,N,05128.16102,E,2,06,1.17,39.3,M,-24.7,M,,0000*4D
$GPGSA,A,3,31,28,09,26,16,03,,,,,,,2.41,1.17,2.10*00
$GPGSV,3,1,10,03,55,349,23,07,05,216,,09,13,271,35,16,20,136,32*78
$GPGSV,3,2,10,26,31,105,38,28,19,039,32,31,48,044,35,32,01,066,*71
$GPGSV,3,3,10,42,38,117,41,50,04,096,*79
$GPGLL,2520.06108,N,05128.16102,E,113151.00,A,D*6A
$GPRMC,113152.00,A,2520.06113,N,05128.16102,E,0.031,,200726,,,D*79
$GPVTG,,T,,M,0.031,N,0.058,K,D*29
$GPGGA,113152.00,2520.06113,N,05128.16102,E,2,06,1.17,39.3,M,-24.7,M,,0000*44
$GPGSA,A,3,31,28,09,26,16,03,,,,,,,2.41,1.17,2.10*00
$GPGSV,3,1,10,03,55,349,23,07,05,216,,09,13,271,35,16,20,136,32*78
$GPGSV,3,2,10,26,31,105,38,28,19,039,31,31,48,044,35,32,01,066,*72
$GPGSV,3,3,10,42,38,117,41,50,04,096,*79
$GPGLL,2520.06113,N,05128.16102,E,113152.00,A,D*63
$GPRMC,113153.00,A,2520.06118,N,05128.16100,E,0.023,,200726,,,D*72
$GPVTG,,T,,M,0.023,N,0.042,K,D*21
$GPGGA,113153.00,2520.06118,N,05128.16100,E,2,06,1.17,39.3,M,-24.7,M,,0000*4C
$GPGSA,A,3,31,28,09,26,16,03,,,,,,,2.41,1.17,2.10*00
$GPGSV,3,1,10,03,55,349,22,07,05,216,,09,13,271,35,16,20,136,33*78
$GPGSV,3,2,10,26,31,105,38,28,19,039,31,31,48,044,35,32,01,066,*72
$GPGSV,3,3,10,42,38,117,40,50,04,096,*78
$GPGLL,2520.06118,N,05128.16100,E,113153.00,A,D*6B
$GPRMC,113154.00,A,2520.06123,N,05128.16098,E,0.021,,200726,,,D*7F
$GPVTG,,T,,M,0.021,N,0.039,K,D*2F
$GPGGA,113154.00,2520.06123,N,05128.16098,E,2,06,1.17,39.4,M,-24.7,M,,0000*44
$GPGSA,A,3,31,28,09,26,16,03,,,,,,,2.40,1.17,2.10*01
$GPGSV,3,1,10,03,55,349,23,07,05,216,,09,13,271,34,16,20,136,33*78
$GPGSV,3,2,10,26,31,105,38,28,19,039,31,31,48,044,35,32,01,066,*72
$GPGSV,3,3,10,42,38,117,40,50,04,096,*78
$GPGLL,2520.06123,N,05128.16098,E,113154.00,A,D*64
$GPRMC,113155.00,A,2520.06126,N,05128.16095,E,0.035,,200726,,,D*73
$GPVTG,,T,,M,0.035,N,0.064,K,D*22
$GPGGA,113155.00,2520.06126,N,05128.16095,E,2,06,1.17,39.5,M,-24.7,M,,0000*4C
$GPGSA,A,3,31,28,09,26,16,03,,,,,,,2.40,1.17,2.10*01
$GPGSV,3,1,10,03,55,349,23,07,05,216,,09,13,271,35,16,20,136,33*79
$GPGSV,3,2,10,26,31,105,38,28,19,039,31,31,48,044,35,32,01,066,*72
$GPGSV,3,3,10,42,38,117,40,50,04,096,*78
$GPGLL,2520.06126,N,05128.16095,E,113155.00,A,D*6D
$GPRMC,113156.00,A,2520.06129,N,05128.16093,E,0.052,,200726,,,D*78
$GPVTG,,T,,M,0.052,N,0.095,K,D*2D
$GPGGA,113156.00,2520.06129,N,05128.16093,E,2,06,1.17,39.6,M,-24.7,M,,0000*45
$GPGSA,A,3,31,28,09,26,16,03,,,,,,,2.40,1.17,2.10*01
$GPGSV,3,1,10,03,55,349,22,07,05,216,,09,13,271,35,16,20,136,33*78
$GPGSV,3,2,10,26,31,105,38,28,19,039,31,31,48,044,35,32,01,066,*72
$GPGSV,3,3,10,42,38,117,40,50,04,096,*78
$GPGLL,2520.06129,N,05128.16093,E,113156.00,A,D*67
$GPRMC,113157.00,A,2520.06132,N,05128.16091,E,0.025,,200726,,,D*71
$GPVTG,,T,,M,0.025,N,0.046,K,D*23
$GPGGA,113157.00,2520.06132,N,05128.16091,E,2,06,1.17,39.6,M,-24.7,M,,0000*4C
$GPGSA,A,3,31,28,09,26,16,03,,,,,,,2.40,1.17,2.10*01
$GPGSV,3,1,10,03,55,349,22,07,05,216,,09,13,271,35,16,20,136,33*78
$GPGSV,3,2,10,26,31,105,38,28,19,039,31,31,48,044,35,32,01,066,*72
$GPGSV,3,3,10,42,38,117,41,50,04,096,*79
$GPGLL,2520.06132,N,05128.16091,E,113157.00,A,D*6E
$GPRMC,113158.00,A,2520.06133,N,05128.16088,E,0.026,,200726,,,D*74
$GPVTG,,T,,M,0.026,N,0.048,K,D*2E
$GPGGA,113158.00,2520.06133,N,05128.16088,E,2,06,1.17,39.7,M,-24.7,M,,0000*4B
$GPGSA,A,3,31,28,09,26,16,03,,,,,,,2.40,1.17,2.10*01
$GPGSV,3,1,10,03,55,349,22,07,05,216,,09,13,271,35,16,20,136,33*78
$GPGSV,3,2,10,26,31,105,38,28,19,039,31,31,48,044,35,32,01,066,*72
$GPGSV,3,3,10,42,38,117,41,50,04,096,*79
$GPGLL,2520.06133,N,05128.16088,E,113158.00,A,D*68
$GPRMC,113159.00,A,2520.06136,N,05128.16086,E,0.010,,200726,,,D*7B
$GPVTG,,T,,M,0.010,N,0.018,K,D*2E
$GPGGA,113159.00,2520.06136,N,05128.16086,E,2,06,1.17,39.7,M,-24.7,M,,0000*41
$GPGSA,A,3,31,28,09,26,16,03,,,,,,,2.40,1.17,2.10*01
$GPGSV,3,1,10,03,55,349,21,07,05,216,,09,13,271,35,16,20,136,33*7B
$GPGSV,3,2,10,26,31,105,38,28,19,039,32,31,48,044,35,32,01,066,*71
$GPGSV,3,3,10,42,38,117,41,50,04,096,*79
$GPGLL,2520.06136,N,05128.16086,E,113159.00,A,D*62
$GPRMC,113200.00,A,2520.06139,N,05128.16088,E,0.235,,200726,,,D*70
$GPVTG,,T,,M,0.235,N,0.436,K,D*23
$GPGGA,113200.00,2520.06139,N,05128.16088,E,2,06,1.17,39.7,M,-24.7,M,,0000*4F
$GPGSA,A,3,31,28,09,26,16,03,,,,,,,2.40,1.17,2.10*01
$GPGSV,3,1,10,03,55,349,21,07,05,216,,09,13,271,35,16,20,136,33*7B
$GPGSV,3,2,10,26,31,105,38,28,19,039,32,31,48,044,35,32,01,066,*71
$GPGSV,3,3,10,42,38,117,40,50,04,096,*78
$GPGLL,2520.06139,N,05128.16088,E,113200.00,A,D*6C
$GPRMC,113201.00,A,2520.06141,N,05128.16086,E,0.013,,200726,,,D*76
$GPVTG,,T,,M,0.013,N,0.024,K,D*22
$GPGGA,113201.00,2520.06141,N,05128.16086,E,2,06,1.17,39.8,M,-24.7,M,,0000*40
$GPGSA,A,3,31,28,09,26,16,03,,,,,,,2.40,1.17,2.10*01
$GPGSV,3,1,10,03,55,349,21,07,05,216,,09,13,271,35,16,20,136,33*7B
$GPGSV,3,2,10,26,31,105,38,28,19,039,32,31,48,044,35,32,01,066,*71
$GPGSV,3,3,10,42,38,117,41,50,04,096,*79
$GPGLL,2520.06141,N,05128.16086,E,113201.00,A,D*6C
$GPRMC,113202.00,A,2520.06145,N,05128.16084,E,0.011,,200726,,,D*71
$GPVTG,,T,,M,0.011,N,0.021,K,D*25
$GPGGA,113202.00,2520.06145,N,05128.16084,E,2,06,1.17,39.9,M,-24.7,M,,0000*44
$GPGSA,A,3,31,28,09,26,16,03,,,,,,,2.40,1.17,2.10*01
$GPGSV,3,1,10,03,55,349,20,07,05,216,,09,13,271,35,16,20,136,33*7A
$GPGSV,3,2,10,26,31,105,38,28,19,039,32,31,48,044,35,32,01,066,*71
$GPGSV,3,3,10,42,38,117,40,50,04,096,*78
$GPGLL,2520.06145,N,05128.16084,E,113202.00,A,D*69
$GPRMC,113203.00,A,2520.06145,N,05128.16081,E,0.006,,200726,,,D*73
$GPVTG,,T,,M,0.006,N,0.012,K,D*23
$GPGGA,113203.00,2520.06145,N,05128.16081,E,2,06,1.17,39.9,M,-24.7,M,,0000*40
$GPGSA,A,3,31,28,09,26,16,03,,,,,,,2.40,1.17,2.10*01
$GPGSV,3,1,10,03,55,349,21,07,05,216,,09,13,271,35,16,20,136,33*7B
$GPGSV,3,2,10,26,31,105,38,28,19,039,31,31,48,044,35,32,01,066,*72
$GPGSV,3,3,10,42,38,117,40,50,04,096,*78
$GPGLL,2520.06145,N,05128.16081,E,113203.00,A,D*6D
$GPRMC,113204.00,A,2520.06149,N,05128.16079,E,0.026,,200726,,,D*7D
$GPVTG,,T,,M,0.026,N,0.047,K,D*21
$GPGGA,113204.00,2520.06149,N,05128.16079,E,2,06,1.17,39.9,M,-24.7,M,,0000*4C
$GPGSA,A,3,31,28,09,26,16,03,,,,,,,2.40,1.17,2.10*01
$GPGSV,3,1,10,03,55,349,21,07,05,216,,09,13,271,35,16,20,136,33*7B
$GPGSV,3,2,10,26,31,105,38,28,19,039,31,31,48,044,35,32,01,066,*72
$GPGSV,3,3,10,42,38,117,40,50,04,096,*78
$GPGLL,2520.06149,N,05128.16079,E,113204.00,A,D*61
$GPRMC,113205.00,A,2520.06154,N,05128.16078,E,0.015,,200726,,,D*71
$GPVTG,,T,,M,0.015,N,0.028,K,D*28
$GPGGA,113205.00,2520.06154,N,05128.16078,E,2,06,1.17,39.9,M,-24.7,M,,0000*40
$GPGSA,A,3,31,28,09,26,16,03,,,,,,,2.40,1.17,2.10*01
$GPGSV,3,1,10,03,55,349,21,07,05,216,,09,13,271,35,16,20,136,33*7B
$GPGSV,3,2,10,26,31,105,38,28,19,039,31,31,48,044,35,32,01,066,*72
$GPGSV,3,3,10,42,38,117,41,50,04,096,*79
$GPGLL,2520.06154,N,05128.16078,E,113205.00,A,D*6D
$GPRMC,113206.00,A,2520.06159,N,05128.16078,E,0.029,,200726,,,D*70
$GPVTG,,T,,M,0.029,N,0.053,K,D*2B
$GPGGA,113206.00,2520.06159,N,05128.16078,E,2,06,1.17,39.9,M,-24.7,M,,0000*4E
$GPGSA,A,3,31,28,09,26,16,03,,,,,,,2.40,1.17,2.10*01
$GPGSV,3,1,10,03,56,350,21,07,05,216,,09,13,271,35,16,20,136,33*70
$GPGSV,3,2,10,26,31,105,38,28,19,039,31,31,48,044,35,32,01,066,*72
$GPGSV,3,3,10,42,38,117,40,50,04,096,*78
$GPGLL,2520.06159,N,05128.16078,E,113206.00,A,D*63
$GPRMC,113207.00,A,2520.06164,N,05128.16078,E,0.044,,200726,,,D*74
$GPVTG,,T,,M,0.044,N,0.081,K,D*2F
$GPGGA,113207.00,2520.06164,N,05128.16078,E,2,06,1.17,39.9,M,-24.7,M,,0000*41
$GPGSA,A,3,31,28,09,26,16,03,,,,,,,2.40,1.17,2.10*01
$GPGSV,3,1,10,03,56,350,21,07,05,216,,09,13,271,35,16,20,136,33*70
$GPGSV,3,2,10,26,31,105,38,28,19,039,32,31,48,044,35,32,01,066,*71
$GPGSV,3,3,10,42,38,117,40,50,04,096,*78
$GPGLL,2520.06164,N,05128.16078,E,113207.00,A,D*6C
$GPRMC,113208.00,A,2520.06167,N,05128.16078,E,0.020,,200726,,,D*7A
$GPVTG,,T,,M,0.020,N,0.037,K,D*20
$GPGGA,113208.00,2520.06167,N,05128.16078,E,2,06,1.17,39.9,M,-24.7,M,,0000*4D
$GPGSA,A,3,31,28,09,26,16,03,,,,,,,2.40,1.17,2.10*01
$GPGSV,3,1,10,03,56,350,20,07,05,216,,09,13,271,35,16,20,136,33*71
$GPGSV,3,2,10,26,31,105,38,28,19,039,31,31,48,044,35,32,01,066,*72
$GPGSV,3,3,10,42,38,117,41,50,04,096,*79
$GPGLL,2520.06167,N,05128.16078,E,113208.00,A,D*60
$GPRMC,113209.00,A,2520.06169,N,05128.16075,E,0.014,,200726,,,D*7F
$GPVTG,,T,,M,0.014,N,0.026,K,D*27
$GPGGA,113209.00,2520.06169,N,05128.16075,E,2,06,1.17,40.0,M,-24.7,M,,0000*48
$GPGSA,A,3,31,28,09,26,16,03,,,,,,,2.40,1.17,2.10*01
$GPGSV,3,1,10,03,56,350,20,07,05,216,,09,13,271,35,16,20,136,33*71
$GPGSV,3,2,10,26,31,105,38,28,19,039,31,31,48,044,35,32,01,066,*72
$GPGSV,3,3,10,42,38,117,41,50,04,096,*79
$GPGLL,2520.06169,N,05128.16075,E,113209.00,A,D*62
$GPRMC,113210.00,A,2520.06172,N,05128.16072,E,0.065,,200726,,,D*7C
$GPVTG,,T,,M,0.065,N,0.121,K,D*27
$GPGGA,113210.00,2520.06172,N,05128.16072,E,2,06,1.17,40.0,M,-24.7,M,,0000*4D
$GPGSA,A,3,31,28,09,26,16,03,,,,,,,2.40,1.17,2.10*01
$GPGSV,3,1,10,03,56,350,20,07,05,216,,09,13,271,35,16,20,136,33*71
$GPGSV,3,2,10,26,31,105,38,28,19,039,31,31,48,044,35,32,01,066,*72
$GPGSV,3,3,10,42,38,117,41,50,04,096,*79
$GPGLL,2520.06172,N,05128.16072,E,113210.00,A,D*67
$GPRMC,113211.00,A,2520.06173,N,05128.16070,E,0.013,,200726,,,D*7F
$GPVTG,,T,,M,0.013,N,0.024,K,D*22
$GPGGA,113211.00,2520.06173,N,05128.16070,E,2,06,1.17,40.1,M,-24.7,M,,0000*4E
$GPGSA,A,3,31,28,09,26,16,03,,,,,,,2.40,1.17,2.10*01
$GPGSV,3,1,10,03,56,350,20,07,05,216,18,09,13,271,35,16,20,136,33*78
$GPGSV,3,2,10,26,31,105,38,28,19,039,31,31,48,044,35,32,01,066,*72
$GPGSV,3,3,10,42,38,117,41,50,04,096,*79
$GPGLL,2520.06173,N,05128.16070,E,113211.00,A,D*65
$GPRMC,113212.00,A,2520.06174,N,05128.16070,E,0.028,,200726,,,D*73
$GPVTG,,T,,M,0.028,N,0.052,K,D*2B
$GPGGA,113212.00,2520.06174,N,05128.16070,E,2,06,1.17,40.2,M,-24.7,M,,0000*49
$GPGSA,A,3,31,28,09,26,16,03,,,,,,,2.40,1.17,2.09*09
$GPGSV,3,1,10,03,56,350,20,07,05,216,18,09,13,272,35,16,20,136,34*7C
$GPGSV,3,2,10,26,31,105,38,28,19,039,31,31,48,044,35,32,01,066,*72
$GPGSV,3,3,10,42,38,117,40,50,04,096,*78
$GPGLL,2520.06174,N,05128.16070,E,113212.00,A,D*61
$GPRMC,113213.00,A,2520.06176,N,05128.16071,E,0.006,,200726,,,D*7D
$GPVTG,,T,,M,0.006,N,0.012,K,D*23
$GPGGA,113213.00,2520.06176,N,05128.16071,E,2,06,1.17,40.2,M,-24.7,M,,0000*4B
$GPGSA,A,3,31,28,09,26,16,03,,,,,,,2.40,1.17,2.09*09
$GPGSV,3,1,10,03,56,350,19,07,05,216,19,09,13,272,35,16,20,136,34*77
$GPGSV,3,2,10,26,31,105,38,28,19,039,31,31,48,044,35,32,01,066,*72
$GPGSV,3,3,10,42,38,117,40,50,04,096,*78
$GPGLL,2520.06176,N,05128.16071,E,113213.00,A,D*63
$GPRMC,113214.00,A,2520.06179,N,05128.16072,E,0.016,,200726,,,D*77
$GPVTG,,T,,M,0.016,N,0.029,K,D*2A
$GPGGA,113214.00,2520.06179,N,05128.16072,E,2,06,1.17,40.3,M,-24.7,M,,0000*41
$GPGSA,A,3,31,28,09,26,16,03,,,,,,,2.40,1.17,2.09*09
$GPGSV,3,1,10,03,56,350,20,07,05,216,19,09,13,272,35,16,20,136,33*7A
$GPGSV,3,2,10,26,31,105,38,28,19,039,31,31,48,044,35,32,01,066,*72
$GPGSV,3,3,10,42,38,117,40,50,04,096,*78
$GPGLL,2520.06179,N,05128.16072,E,113214.00,A,D*68
$GPRMC,113215.00,A,2520.06180,N,05128.16074,E,0.006,,200726,,,D*77
$GPVTG,,T,,M,0.006,N,0.011,K,D*20
$GPGGA,113215.00,2520.06180,N,05128.16074,E,2,06,1.17,40.3,M,-24.7,M,,0000*40
$GPGSA,A,3,31,28,09,26,16,03,,,,,,,2.40,1.17,2.09*09
$GPGSV,3,1,10,03,56,350,20,07,05,216,19,09,13,272,35,16,20,136,33*7A
$GPGSV,3,2,10,26,31,105,38,28,19,039,31,31,48,044,35,32,01,066,*72
$GPGSV,3,3,10,42,38,117,40,50,04,096,*78
$GPGLL,2520.06180,N,05128.16074,E,113215.00,A,D*69
$GPRMC,113216.00,A,2520.06183,N,05128.16075,E,0.006,,200726,,,D*76
$GPVTG,,T,,M,0.006,N,0.011,K,D*20
$GPGGA,113216.00,2520.06183,N,05128.16075,E,2,06,1.17,40.3,M,-24.7,M,,0000*41
$GPGSA,A,3,31,28,09,26,16,03,,,,,,,2.40,1.17,2.09*09
$GPGSV,3,1,10,03,56,350,20,07,05,216,19,09,13,272,35,16,20,136,33*7A
$GPGSV,3,2,10,26,31,105,38,28,19,039,31,31,48,044,35,32,01,066,*72
$GPGSV,3,3,10,42,38,117,40,50,04,096,*78
$GPGLL,2520.06183,N,05128.16075,E,113216.00,A,D*68
$GPRMC,113217.00,A,2520.06185,N,05128.16076,E,0.034,,200726,,,D*73
$GPVTG,,T,,M,0.034,N,0.063,K,D*24
$GPGGA,113217.00,2520.06185,N,05128.16076,E,2,06,1.17,40.4,M,-24.7,M,,0000*42
$GPGSA,A,3,31,28,09,26,16,03,,,,,,,2.40,1.17,2.09*09
$GPGSV,3,1,10,03,56,350,20,07,05,216,19,09,13,272,35,16,20,136,34*7D
$GPGSV,3,2,10,26,31,105,38,28,19,039,31,31,48,044,35,32,01,066,*72
$GPGSV,3,3,10,42,38,117,41,50,04,096,*79
$GPGLL,2520.06185,N,05128.16076,E,113217.00,A,D*6C
$GPRMC,113218.00,A,2520.06188,N,05128.16078,E,0.005,,200726,,,D*7D
$GPVTG,,T,,M,0.005,N,0.008,K,D*2B
$GPGGA,113218.00,2520.06188,N,05128.16078,E,2,06,1.17,40.5,M,-24.7,M,,0000*4F
$GPGSA,A,3,31,28,09,26,16,03,,,,,,,2.40,1.17,2.09*09
$GPGSV,3,1,10,03,56,350,20,07,05,216,19,09,13,272,35,16,20,136,34*7D
$GPGSV,3,2,10,26,31,105,38,28,19,039,32,31,48,044,35,32,01,066,*71
$GPGSV,3,3,10,42,38,117,41,50,04,096,*79
$GPGLL,2520.06188,N,05128.16078,E,113218.00,A,D*60
$GPRMC,113219.00,A,2520.06192,N,05128.16080,E,0.013,,200726,,,D*77
$GPVTG,,T,,M,0.013,N,0.024,K,D*22
$GPGGA,113219.00,2520.06192,N,05128.16080,E,2,06,1.17,40.4,M,-24.7,M,,0000*43
$GPGSA,A,3,31,28,09,26,16,03,,,,,,,2.40,1.17,2.09*09
$GPGSV,3,1,10,03,56,350,20,07,05,216,19,09,13,272,35,16,20,136,33*7A
$GPGSV,3,2,10,26,31,105,38,28,19,039,31,31,48,044,35,32,01,066,*72
$GPGSV,3,3,10,42,38,117,41,50,04,096,*79
$GPGLL,2520.06192,N,05128.16080,E,113219.00,A,D*6D
