$GNGGA,113330.804,,,,,0,00,99.99,,M,,M,,*47
$GNRMC,113330.804,V,,,,,,,070180,,,N,V*28
$GNGLL,,,,,113330.804,V,N*6B
$GNVTG,,T,,M,,N,,K,N*32
$GNGGA,113330.904,,,,,0,00,99.99,,M,,M,,*46
$GNRMC,113330.904,V,,,,,,,070180,,,N,V*29
$GNGLL,,,,,113330.904,V,N*6A
$GNVTG,,T,,M,,N,,K,N*32
$GNGGA,113331.004,,,,,0,00,99.99,,M,,M,,*4E
$GNRMC,113331.004,V,,,,,,,070180,,,N,V*21
$GNGLL,,,,,113331.004,V,N*62
$GNVTG,,T,,M,,N,,K,N*32
$GNGSA,A,1,,,,,,,,,,,,,99.99,99.99,99.99,1*33
$GNGSA,A,1,,,,,,,,,,,,,99.99,99.99,99.99,2*30
$GNGSA,A,1,,,,,,,,,,,,,99.99,99.99,99.99,3*31
$GNGSA,A,1,,,,,,,,,,,,,99.99,99.99,99.99,4*36
$GNGSA,A,1,,,,,,,,,,,,,99.99,99.99,99.99,5*37
$GPGSV,1,1,02,26,,,38,31,,,36,1*6E
$GPGSV,1,1,00,8*6D
$GLGSV,1,1,00,1*78
$GAGSV,1,1,00,7*73
$GAGSV,1,1,00,1*75
$GBGSV,1,1,02,07,,,36,10,,,39,1*7D
$GBGSV,1,1,00,5*72
$GQGSV,1,1,00,1*65
$GQGSV,1,1,00,8*6C
$GNGGA,113331.104,,,,,0,00,99.99,,M,,M,,*4F
$GNRMC,113331.104,V,,,,,,,200726,,,N,V*2F
$GNGLL,,,,,113331.104,V,N*63
$GNVTG,,T,,M,,N,,K,N*32
$GNGGA,113331.204,,,,,0,00,99.99,,M,,M,,*4C
$GNRMC,113331.204,V,,,,,,,200726,,,N,V*2C
$GNGLL,,,,,113331.204,V,N*60
$GNVTG,,T,,M,,N,,K,N*32
$GNGGA,113331.304,,,,,0,00,99.99,,M,,M,,*4D
$GNRMC,113331.304,V,,,,,,,200726,,,N,V*2D
$GNGLL,,,,,113331.304,V,N*61
$GNVTG,,T,,M,,N,,K,N*32
$GNGGA,113331.404,,,,,0,00,99.99,,M,,M,,*4A
$GNRMC,113331.404,V,,,,,,,200726,,,N,V*2A
$GNGLL,,,,,113331.404,V,N*66
$GNVTG,,T,,M,,N,,K,N*32
$GNGGA,113331.504,,,,,0,00,99.99,,M,,M,,*4B
$GNRMC,113331.504,V,,,,,,,200726,,,N,V*2B
$GNGLL,,,,,113331.504,V,N*67
$GNVTG,,T,,M,,N,,K,N*32
$GNGGA,113331.604,,,,,0,00,99.99,,M,,M,,*48
$GNRMC,113331.604,V,,,,,,,200726,,,N,V*28
$GNGLL,,,,,113331.604,V,N*64
$GNVTG,,T,,M,,N,,K,N*32
$GNGGA,113331.704,,,,,0,00,99.99,,M,,M,,*49
$GNRMC,113331.704,V,,,,,,,200726,,,N,V*29
$GNGLL,,,,,113331.704,V,N*65
$GNVTG,,T,,M,,N,,K,N*32
$GNGGA,113331.804,,,,,0,00,99.99,,M,,M,,*46
$GNRMC,113331.804,V,,,,,,,200726,,,N,V*26
$GNGLL,,,,,113331.804,V,N*6A
$GNVTG,,T,,M,,N,,K,N*32
$GNGGA,113331.904,,,,,0,00,99.99,,M,,M,,*47
$GNRMC,113331.904,V,,,,,,,200726,,,N,V*27
$GNGLL,,,,,113331.904,V,N*6B
$GNVTG,,T,,M,,N,,K,N*32
$GNGGA,113332.004,,,,,0,00,99.99,,M,,M,,*4D
$GNRMC,113332.004,V,,,,,,,200726,,,N,V*2D
$GNGLL,,,,,113332.004,V,N*61
$GNVTG,,T,,M,,N,,K,N*32
$GNGSA,A,1,,,,,,,,,,,,,99.99,99.99,99.99,1*33
$GNGSA,A,1,,,,,,,,,,,,,99.99,99.99,99.99,2*30
$GNGSA,A,1,,,,,,,,,,,,,99.99,99.99,99.99,3*31
$GNGSA,A,1,,,,,,,,,,,,,99.99,99.99,99.99,4*36
$GNGSA,A,1,,,,,,,,,,,,,99.99,99.99,99.99,5*37
$GPGSV,1,1,03,02,,,27,26,,,39,31,,,35,1*6A
$GPGSV,1,1,00,8*6D
$GLGSV,1,1,00,1*78
$GAGSV,1,1,00,7*73
$GAGSV,1,1,00,1*75
$GBGSV,1,1,02,07,,,36,10,,,39,1*7D
$GBGSV,1,1,00,5*72
$GQGSV,1,1,00,1*65
$GQGSV,1,1,00,8*6C
$GNGGA,113332.104,,,,,0,00,99.99,,M,,M,,*4C
$GNRMC,113332.104,V,,,,,,,200726,,,N,V*2C
$GNGLL,,,,,113332.104,V,N*60
$GNVTG,,T,,M,,N,,K,N*32
$GNGGA,113332.204,,,,,0,00,99.99,,M,,M,,*4F
$GNRMC,113332.204,V,,,,,,,200726,,,N,V*2F
$GNGLL,,,,,113332.204,V,N*63
$GNVTG,,T,,M,,N,,K,N*32
$GNGGA,113332.304,,,,,0,00,99.99,,M,,M,,*4E
$GNRMC,113332.304,V,,,,,,,200726,,,N,V*2E
$GNGLL,,,,,113332.304,V,N*62
$GNVTG,,T,,M,,N,,K,N*32
$GNGGA,113332.404,,,,,0,00,99.99,,M,,M,,*49
$GNRMC,113332.404,V,,,,,,,200726,,,N,V*29
$GNGLL,,,,,113332.404,V,N*65
$GNVTG,,T,,M,,N,,K,N*32
$GNGGA,113332.504,,,,,0,00,99.99,,M,,M,,*48
$GNRMC,113332.504,V,,,,,,,200726,,,N,V*28
$GNGLL,,,,,113332.504,V,N*64
$GNVTG,,T,,M,,N,,K,N*32
$GNGGA,113332.604,,,,,0,00,99.99,,M,,M,,*4B
$GNRMC,113332.604,V,,,,,,,200726,,,N,V*2B
$GNGLL,,,,,113332.604,V,N*67
$GNVTG,,T,,M,,N,,K,N*32
$GNGGA,113332.704,,,,,0,00,99.99,,M,,M,,*4A
$GNRMC,113332.704,V,,,,,,,200726,,,N,V*2A
$GNGLL,,,,,113332.704,V,N*66
$GNVTG,,T,,M,,N,,K,N*32
$GNGGA,113332.804,,,,,0,00,99.99,,M,,M,,*45
$GNRMC,113332.804,V,,,,,,,200726,,,N,V*25
$GNGLL,,,,,113332.804,V,N*69
$GNVTG,,T,,M,,N,,K,N*32
$GNGGA,113332.904,,,,,0,00,99.99,,M,,M,,*44
$GNRMC,113332.904,V,,,,,,,200726,,,N,V*24
$GNGLL,,,,,113332.904,V,N*68
$GNVTG,,T,,M,,N,,K,N*32
$GNGGA,113333.004,,,,,0,00,99.99,,M,,M,,*4C
$GNRMC,113333.004,V,,,,,,,200726,,,N,V*2C
$GNGLL,,,,,113333.004,V,N*60
$GNVTG,,T,,M,,N,,K,N*32
$GNGSA,A,1,,,,,,,,,,,,,99.99,99.99,99.99,1*33
$GNGSA,A,1,,,,,,,,,,,,,99.99,99.99,99.99,2*30
$GNGSA,A,1,,,,,,,,,,,,,99.99,99.99,99.99,3*31
$GNGSA,A,1,,,,,,,,,,,,,99.99,99.99,99.99,4*36
$GNGSA,A,1,,,,,,,,,,,,,99.99,99.99,99.99,5*37
$GPGSV,1,1,03,02,,,26,26,,,37,31,,,36,1*66
$GPGSV,1,1,00,8*6D
$GLGSV,1,1,00,1*78
$GAGSV,1,1,00,7*73
$GAGSV,1,1,00,1*75
$GBGSV,1,1,02,07,,,38,10,,,39,1*73
$GBGSV,1,1,00,5*72
$GQGSV,1,1,00,1*65
$GQGSV,1,1,00,8*6C
$GNGGA,113333.104,,,,,0,00,99.99,,M,,M,,*4D
$GNRMC,113333.104,V,,,,,,,200726,,,N,V*2D
$GNGLL,,,,,113333.104,V,N*61
$GNVTG,,T,,M,,N,,K,N*32
$GNGGA,113333.204,,,,,0,00,99.99,,M,,M,,*4E
$GNRMC,113333.204,V,,,,,,,200726,,,N,V*2E
$GNGLL,,,,,113333.204,V,N*62
$GNVTG,,T,,M,,N,,K,N*32
$GNGGA,113333.304,,,,,0,00,99.99,,M,,M,,*4F
$GNRMC,113333.304,V,,,,,,,200726,,,N,V*2F
$GNGLL,,,,,113333.304,V,N*63
$GNVTG,,T,,M,,N,,K,N*32
$GNGGA,113333.404,,,,,0,00,99.99,,M,,M,,*48
$GNRMC,113333.404,V,,,,,,,200726,,,N,V*28
$GNGLL,,,,,113333.404,V,N*64
$GNVTG,,T,,M,,N,,K,N*32
$GNGGA,113333.504,,,,,0,00,99.99,,M,,M,,*49
$GNRMC,113333.504,V,,,,,,,200726,,,N,V*29
$GNGLL,,,,,113333.504,V,N*65
$GNVTG,,T,,M,,N,,K,N*32
$GNGGA,113333.604,,,,,0,00,99.99,,M,,M,,*4A
$GNRMC,113333.604,V,,,,,,,200726,,,N,V*2A
$GNGLL,,,,,113333.604,V,N*66
$GNVTG,,T,,M,,N,,K,N*32
$GNGGA,113333.704,,,,,0,00,99.99,,M,,M,,*4B
$GNRMC,113333.704,V,,,,,,,200726,,,N,V*2B
$GNGLL,,,,,113333.704,V,N*67
$GNVTG,,T,,M,,N,,K,N*32
$GNGGA,113333.804,,,,,0,00,99.99,,M,,M,,*44
$GNRMC,113333.804,V,,,,,,,200726,,,N,V*24
$GNGLL,,,,,113333.804,V,N*68
$GNVTG,,T,,M,,N,,K,N*32
$GNGGA,113333.904,,,,,0,00,99.99,,M,,M,,*45
$GNRMC,113333.904,V,,,,,,,200726,,,N,V*25
$GNGLL,,,,,113333.904,V,N*69
$GNVTG,,T,,M,,N,,K,N*32
$GNGGA,113334.004,,,,,0,00,99.99,,M,,M,,*4B
$GNRMC,113334.004,V,,,,,,,200726,,,N,V*2B
$GNGLL,,,,,113334.004,V,N*67
$GNVTG,,T,,M,,N,,K,N*32
$GNGSA,A,1,,,,,,,,,,,,,99.99,99.99,99.99,1*33
$GNGSA,A,1,,,,,,,,,,,,,99.99,99.99,99.99,2*30
$GNGSA,A,1,,,,,,,,,,,,,99.99,99.99,99.99,3*31
$GNGSA,A,1,,,,,,,,,,,,,99.99,99.99,99.99,4*36
$GNGSA,A,1,,,,,,,,,,,,,99.99,99.99,99.99,5*37
$GPGSV,1,1,03,02,,,26,26,,,36,31,,,36,1*67
$GPGSV,1,1,00,8*6D
$GLGSV,1,1,00,1*78
$GAGSV,1,1,00,7*73
$GAGSV,1,1,00,1*75
$GBGSV,1,1,03,07,,,37,10,,,39,12,,,35,1*78
$GBGSV,1,1,00,5*72
$GQGSV,1,1,00,1*65
$GQGSV,1,1,00,8*6C
$GNGGA,113334.104,,,,,0,00,99.99,,M,,M,,*4A
$GNRMC,113334.104,V,,,,,,,200726,,,N,V*2A
$GNGLL,,,,,113334.104,V,N*66
$GNVTG,,T,,M,,N,,K,N*32
$GNGGA,113334.204,,,,,0,00,99.99,,M,,M,,*49
$GNRMC,113334.204,V,,,,,,,200726,,,N,V*29
$GNGLL,,,,,113334.204,V,N*65
$GNVTG,,T,,M,,N,,K,N*32
$GNGGA,113334.304,,,,,0,00,99.99,,M,,M,,*48
$GNRMC,113334.304,V,,,,,,,200726,,,N,V*28
$GNGLL,,,,,113334.304,V,N*64
$GNVTG,,T,,M,,N,,K,N*32
$GNGGA,113334.404,,,,,0,00,99.99,,M,,M,,*4F
$GNRMC,113334.404,V,,,,,,,200726,,,N,V*2F
$GNGLL,,,,,113334.404,V,N*63
$GNVTG,,T,,M,,N,,K,N*32
$GNGGA,113334.504,,,,,0,00,99.99,,M,,M,,*4E
$GNRMC,113334.504,V,,,,,,,200726,,,N,V*2E
$GNGLL,,,,,113334.504,V,N*62
$GNVTG,,T,,M,,N,,K,N*32
$GNGGA,113334.604,,,,,0,00,99.99,,M,,M,,*4D
$GNRMC,113334.604,V,,,,,,,200726,,,N,V*2D
$GNGLL,,,,,113334.604,V,N*61
$GNVTG,,T,,M,,N,,K,N*32
$GNGGA,113334.704,,,,,0,00,99.99,,M,,M,,*4C
$GNRMC,113334.704,V,,,,,,,200726,,,N,V*2C
$GNGLL,,,,,113334.704,V,N*60
$GNVTG,,T,,M,,N,,K,N*32
$GNGGA,113334.804,,,,,0,00,99.99,,M,,M,,*43
$GNRMC,113334.804,V,,,,,,,200726,,,N,V*23
$GNGLL,,,,,113334.804,V,N*6F
$GNVTG,,T,,M,,N,,K,N*32
$GNGGA,113334.904,,,,,0,00,99.99,,M,,M,,*42
$GNRMC,113334.904,V,,,,,,,200726,,,N,V*22
$GNGLL,,,,,113334.904,V,N*6E
$GNVTG,,T,,M,,N,,K,N*32
$GNGGA,113335.004,,,,,0,00,99.99,,M,,M,,*4A
$GNRMC,113335.004,V,,,,,,,200726,,,N,V*2A
$GNGLL,,,,,113335.004,V,N*66
$GNVTG,,T,,M,,N,,K,N*32
$GNGSA,A,1,,,,,,,,,,,,,99.99,99.99,99.99,1*33
$GNGSA,A,1,,,,,,,,,,,,,99.99,99.99,99.99,2*30
$GNGSA,A,1,,,,,,,,,,,,,99.99,99.99,99.99,3*31
$GNGSA,A,1,,,,,,,,,,,,,99.99,99.99,99.99,4*36
$GNGSA,A,1,,,,,,,,,,,,,99.99,99.99,99.99,5*37
$GPGSV,1,1,03,02,,,25,26,,,36,31,,,37,1*65
$GPGSV,1,1,00,8*6D
$GLGSV,1,1,00,1*78
$GAGSV,1,1,00,7*73
$GAGSV,1,1,00,1*75
$GBGSV,1,1,03,07,,,36,10,,,38,12,,,36,1*7B
$GBGSV,1,1,00,5*72
$GQGSV,1,1,00,1*65
$GQGSV,1,1,00,8*6C
$GNGGA,113335.104,,,,,0,00,99.99,,M,,M,,*4B
$GNRMC,113335.104,V,,,,,,,200726,,,N,V*2B
$GNGLL,,,,,113335.104,V,N*67
$GNVTG,,T,,M,,N,,K,N*32
$GNGGA,113335.204,,,,,0,00,99.99,,M,,M,,*48
$GNRMC,113335.204,V,,,,,,,200726,,,N,V*28
$GNGLL,,,,,113335.204,V,N*64
$GNVTG,,T,,M,,N,,K,N*32
$GNGGA,113335.304,,,,,0,00,99.99,,M,,M,,*49
$GNRMC,113335.304,V,,,,,,,200726,,,N,V*29
$GNGLL,,,,,113335.304,V,N*65
$GNVTG,,T,,M,,N,,K,N*32
$GNGGA,113335.404,,,,,0,00,99.99,,M,,M,,*4E
$GNRMC,113335.404,V,,,,,,,200726,,,N,V*2E
$GNGLL,,,,,113335.404,V,N*62
$GNVTG,,T,,M,,N,,K,N*32
$GNGGA,113335.504,,,,,0,00,99.99,,M,,M,,*4F
$GNRMC,113335.504,V,,,,,,,200726,,,N,V*2F
$GNGLL,,,,,113335.504,V,N*63
$GNVTG,,T,,M,,N,,K,N*32
$GNGGA,113335.604,,,,,0,00,99.99,,M,,M,,*4C
$GNRMC,113335.604,V,,,,,,,200726,,,N,V*2C
$GNGLL,,,,,113335.604,V,N*60
$GNVTG,,T,,M,,N,,K,N*32
$GNGGA,113335.704,,,,,0,00,99.99,,M,,M,,*4D
$GNRMC,113335.704,V,,,,,,,200726,,,N,V*2D
$GNGLL,,,,,113335.704,V,N*61
$GNVTG,,T,,M,,N,,K,N*32
$GNGGA,113335.804,,,,,0,00,99.99,,M,,M,,*42
$GNRMC,113335.804,V,,,,,,,200726,,,N,V*22
$GNGLL,,,,,113335.804,V,N*6E
$GNVTG,,T,,M,,N,,K,N*32
$GNGGA,113335.904,,,,,0,00,99.99,,M,,M,,*43
$GNRMC,113335.904,V,,,,,,,200726,,,N,V*23
$GNGLL,,,,,113335.904,V,N*6F
$GNVTG,,T,,M,,N,,K,N*32
$GNGGA,113336.004,,,,,0,00,99.99,,M,,M,,*49
$GNRMC,113336.004,V,,,,,,,200726,,,N,V*29
$GNGLL,,,,,113336.004,V,N*65
$GNVTG,,T,,M,,N,,K,N*32
$GNGSA,A,1,,,,,,,,,,,,,99.99,99.99,99.99,1*33
$GNGSA,A,1,,,,,,,,,,,,,99.99,99.99,99.99,2*30
$GNGSA,A,1,,,,,,,,,,,,,99.99,99.99,99.99,3*31
$GNGSA,A,1,,,,,,,,,,,,,99.99,99.99,99.99,4*36
$GNGSA,A,1,,,,,,,,,,,,,99.99,99.99,99.99,5*37
$GPGSV,1,1,03,02,,,24,26,,,36,31,,,37,1*64
$GPGSV,1,1,00,8*6D
$GLGSV,1,1,00,1*78
$GAGSV,1,1,00,7*73
$GAGSV,1,1,00,1*75
$GBGSV,1,1,03,07,,,37,10,,,38,12,,,36,1*7A
$GBGSV,1,1,00,5*72
$GQGSV,1,1,00,1*65
$GQGSV,1,1,00,8*6C
$GNGGA,113336.104,,,,,0,00,99.99,,M,,M,,*48
$GNRMC,113336.104,V,,,,,,,200726,,,N,V*28
$GNGLL,,,,,113336.104,V,N*64
$GNVTG,,T,,M,,N,,K,N*32
$GNGGA,113336.204,,,,,0,00,99.99,,M,,M,,*4B
$GNRMC,113336.204,V,,,,,,,200726,,,N,V*2B
$GNGLL,,,,,113336.204,V,N*67
$GNVTG,,T,,M,,N,,K,N*32
$GNGGA,113336.304,,,,,0,00,99.99,,M,,M,,*4A
$GNRMC,113336.304,V,,,,,,,200726,,,N,V*2A
$GNGLL,,,,,113336.304,V,N*66
$GNVTG,,T,,M,,N,,K,N*32
$GNGGA,113336.404,,,,,0,00,99.99,,M,,M,,*4D
$GNRMC,113336.404,V,,,,,,,200726,,,N,V*2D
$GNGLL,,,,,113336.404,V,N*61
$GNVTG,,T,,M,,N,,K,N*32
$GNGGA,113336.504,,,,,0,00,99.99,,M,,M,,*4C
$GNRMC,113336.504,V,,,,,,,200726,,,N,V*2C
$GNGLL,,,,,113336.504,V,N*60
$GNVTG,,T,,M,,N,,K,N*32
$GNGGA,113336.604,,,,,0,00,99.99,,M,,M,,*4F
$GNRMC,113336.604,V,,,,,,,200726,,,N,V*2F
$GNGLL,,,,,113336.604,V,N*63
$GNVTG,,T,,M,,N,,K,N*32
$GNGGA,113336.704,,,,,0,00,99.99,,M,,M,,*4E
$GNRMC,113336.704,V,,,,,,,200726,,,N,V*2E
$GNGLL,,,,,113336.704,V,N*62
$GNVTG,,T,,M,,N,,K,N*32
$GNGGA,113336.804,,,,,0,00,99.99,,M,,M,,*41
$GNRMC,113336.804,V,,,,,,,200726,,,N,V*21
$GNGLL,,,,,113336.804,V,N*6D
$GNVTG,,T,,M,,N,,K,N*32
$GNGGA,113336.904,,,,,0,00,99.99,,M,,M,,*40
$GNRMC,113336.904,V,,,,,,,200726,,,N,V*20
$GNGLL,,,,,113336.904,V,N*6C
$GNVTG,,T,,M,,N,,K,N*32
$GNGGA,113337.004,,,,,0,00,99.99,,M,,M,,*48
$GNRMC,113337.004,V,,,,,,,200726,,,N,V*28
$GNGLL,,,,,113337.004,V,N*64
$GNVTG,,T,,M,,N,,K,N*32
$GNGSA,A,1,,,,,,,,,,,,,99.99,99.99,99.99,1*33
$GNGSA,A,1,,,,,,,,,,,,,99.99,99.99,99.99,2*30
$GNGSA,A,1,,,,,,,,,,,,,99.99,99.99,99.99,3*31
$GNGSA,A,1,,,,,,,,,,,,,99.99,99.99,99.99,4*36
$GNGSA,A,1,,,,,,,,,,,,,99.99,99.99,99.99,5*37
$GPGSV,1,1,03,02,,,27,26,,,38,31,,,35,1*6B
$GPGSV,1,1,00,8*6D
$GLGSV,1,1,00,1*78
$GAGSV,1,1,00,7*73
$GAGSV,1,1,00,1*75
$GBGSV,1,1,03,07,,,38,10,,,39,12,,,36,1*74
$GBGSV,1,1,00,5*72
$GQGSV,1,1,00,1*65
$GQGSV,1,1,00,8*6C
$GNGGA,113337.104,,,,,0,00,99.99,,M,,M,,*49
$GNRMC,113337.104,V,,,,,,,200726,,,N,V*29
$GNGLL,,,,,113337.104,V,N*65
$GNVTG,,T,,M,,N,,K,N*32
$GNGGA,113337.204,,,,,0,00,99.99,,M,,M,,*4A
$GNRMC,113337.204,V,,,,,,,200726,,,N,V*2A
$GNGLL,,,,,113337.204,V,N*66
$GNVTG,,T,,M,,N,,K,N*32
$GNGGA,113337.304,,,,,0,00,99.99,,M,,M,,*4B
$GNRMC,113337.304,V,,,,,,,200726,,,N,V*2B
$GNGLL,,,,,113337.304,V,N*67
$GNVTG,,T,,M,,N,,K,N*32
$GNGGA,113337.404,,,,,0,00,99.99,,M,,M,,*4C
$GNRMC,113337.404,V,,,,,,,200726,,,N,V*2C
$GNGLL,,,,,113337.404,V,N*60
$GNVTG,,T,,M,,N,,K,N*32
$GNGGA,113337.504,,,,,0,00,99.99,,M,,M,,*4D
$GNRMC,113337.504,V,,,,,,,200726,,,N,V*2D
$GNGLL,,,,,113337.504,V,N*61
$GNVTG,,T,,M,,N,,K,N*32
$GNGGA,113337.604,,,,,0,00,99.99,,M,,M,,*4E
$GNRMC,113337.604,V,,,,,,,200726,,,N,V*2E
$GNGLL,,,,,113337.604,V,N*62
$GNVTG,,T,,M,,N,,K,N*32
$GNGGA,113337.704,,,,,0,00,99.99,,M,,M,,*4F
$GNRMC,113337.704,V,,,,,,,200726,,,N,V*2F
$GNGLL,,,,,113337.704,V,N*63
$GNVTG,,T,,M,,N,,K,N*32
$GNGGA,113337.804,,,,,0,00,99.99,,M,,M,,*40
$GNRMC,113337.804,V,,,,,,,200726,,,N,V*20
$GNGLL,,,,,113337.804,V,N*6C
$GNVTG,,T,,M,,N,,K,N*32
$GNGGA,113337.904,,,,,0,00,99.99,,M,,M,,*41
$GNRMC,113337.904,V,,,,,,,200726,,,N,V*21
$GNGLL,,,,,113337.904,V,N*6D
$GNVTG,,T,,M,,N,,K,N*32
$GNGGA,113338.004,,,,,0,00,99.99,,M,,M,,*47
$GNRMC,113338.004,V,,,,,,,200726,,,N,V*27
$GNGLL,,,,,113338.004,V,N*6B
$GNVTG,,T,,M,,N,,K,N*32
$GNGSA,A,1,,,,,,,,,,,,,99.99,99.99,99.99,1*33
$GNGSA,A,1,,,,,,,,,,,,,99.99,99.99,99.99,2*30
$GNGSA,A,1,,,,,,,,,,,,,99.99,99.99,99.99,3*31
$GNGSA,A,1,,,,,,,,,,,,,99.99,99.99,99.99,4*36
$GNGSA,A,1,,,,,,,,,,,,,99.99,99.99,99.99,5*37
$GPGSV,1,1,04,02,,,26,16,,,35,26,,,37,31,,,35,1*63
$GPGSV,1,1,00,8*6D
$GLGSV,1,1,03,68,,,39,78,,,38,79,,,36,1*70
$GAGSV,1,1,00,7*73
$GAGSV,1,1,00,1*75
$GBGSV,1,1,03,07,,,37,10,,,39,12,,,36,1*7B
$GBGSV,1,1,00,5*72
$GQGSV,1,1,00,1*65
$GQGSV,1,1,00,8*6C
$GNGGA,113338.104,,,,,0,00,99.99,,M,,M,,*46
$GNRMC,113338.104,V,,,,,,,200726,,,N,V*26
$GNGLL,,,,,113338.104,V,N*6A
$GNVTG,,T,,M,,N,,K,N*32
$GNGGA,113338.204,,,,,0,00,99.99,,M,,M,,*45
$GNRMC,113338.204,V,,,,,,,200726,,,N,V*25
$GNGLL,,,,,113338.204,V,N*69
$GNVTG,,T,,M,,N,,K,N*32
$GNGGA,113338.304,,,,,0,00,99.99,,M,,M,,*44
$GNRMC,113338.304,V,,,,,,,200726,,,N,V*24
$GNGLL,,,,,113338.304,V,N*68
$GNVTG,,T,,M,,N,,K,N*32
$GNGGA,113338.404,,,,,0,00,99.99,,M,,M,,*43
$GNRMC,113338.404,V,,,,,,,200726,,,N,V*23
$GNGLL,,,,,113338.404,V,N*6F
$GNVTG,,T,,M,,N,,K,N*32
$GNGGA,113338.504,,,,,0,00,99.99,,M,,M,,*42
$GNRMC,113338.504,V,,,,,,,200726,,,N,V*22
$GNGLL,,,,,113338.504,V,N*6E
$GNVTG,,T,,M,,N,,K,N*32
$GNGGA,113338.604,,,,,0,00,99.99,,M,,M,,*41
$GNRMC,113338.604,V,,,,,,,200726,,,N,V*21
$GNGLL,,,,,113338.604,V,N*6D
$GNVTG,,T,,M,,N,,K,N*32
$GNGGA,113338.704,,,,,0,00,99.99,,M,,M,,*40
$GNRMC,113338.704,V,,,,,,,200726,,,N,V*20
$GNGLL,,,,,113338.704,V,N*6C
$GNVTG,,T,,M,,N,,K,N*32
$GNGGA,113338.804,,,,,0,00,99.99,,M,,M,,*4F
$GNRMC,113338.804,V,,,,,,,200726,,,N,V*2F
$GNGLL,,,,,113338.804,V,N*63
$GNVTG,,T,,M,,N,,K,N*32
$GNGGA,113338.904,,,,,0,00,99.99,,M,,M,,*4E
$GNRMC,113338.904,V,,,,,,,200726,,,N,V*2E
$GNGLL,,,,,113338.904,V,N*62
$GNVTG,,T,,M,,N,,K,N*32
$GNGGA,113339.004,,,,,0,00,99.99,,M,,M,,*46
$GNRMC,113339.004,V,,,,,,,200726,,,N,V*26
$GNGLL,,,,,113339.004,V,N*6A
$GNVTG,,T,,M,,N,,K,N*32
$GNGSA,A,1,,,,,,,,,,,,,99.99,99.99,99.99,1*33
$GNGSA,A,1,,,,,,,,,,,,,99.99,99.99,99.99,2*30
$GNGSA,A,1,,,,,,,,,,,,,99.99,99.99,99.99,3*31
$GNGSA,A,1,,,,,,,,,,,,,99.99,99.99,99.99,4*36
$GNGSA,A,1,,,,,,,,,,,,,99.99,99.99,99.99,5*37
$GPGSV,1,1,04,02,,,25,16,,,33,26,,,36,31,,,36,1*64
$GPGSV,1,1,00,8*6D
$GLGSV,1,1,03,68,,,39,78,,,39,79,,,37,1*70
$GAGSV,1,1,00,7*73
$GAGSV,1,1,00,1*75
$GBGSV,1,1,03,07,,,37,10,,,39,12,,,35,1*78
$GBGSV,1,1,00,5*72
$GQGSV,1,1,00,1*65
$GQGSV,1,1,00,8*6C
$GNGGA,113339.104,,,,,0,00,99.99,,M,,M,,*47
$GNRMC,113339.104,V,,,,,,,200726,,,N,V*27
$GNGLL,,,,,113339.104,V,N*6B
$GNVTG,,T,,M,,N,,K,N*32
$GNGGA,113339.204,,,,,0,00,99.99,,M,,M,,*44
$GNRMC,113339.204,V,,,,,,,200726,,,N,V*24
$GNGLL,,,,,113339.204,V,N*68
$GNVTG,,T,,M,,N,,K,N*32
$GNGGA,113339.304,,,,,0,00,99.99,,M,,M,,*45
$GNRMC,113339.304,V,,,,,,,200726,,,N,V*25
$GNGLL,,,,,113339.304,V,N*69
$GNVTG,,T,,M,,N,,K,N*32
$GNGGA,113339.404,,,,,0,00,99.99,,M,,M,,*42
$GNRMC,113339.404,V,,,,,,,200726,,,N,V*22
$GNGLL,,,,,113339.404,V,N*6E
$GNVTG,,T,,M,,N,,K,N*32
$GNGGA,113339.504,,,,,0,00,99.99,,M,,M,,*43
$GNRMC,113339.504,V,,,,,,,200726,,,N,V*23
$GNGLL,,,,,113339.504,V,N*6F
$GNVTG,,T,,M,,N,,K,N*32
$GNGGA,113339.604,,,,,0,00,99.99,,M,,M,,*40
$GNRMC,113339.604,V,,,,,,,200726,,,N,V*20
$GNGLL,,,,,113339.604,V,N*6C
$GNVTG,,T,,M,,N,,K,N*32
$GNGGA,113339.704,,,,,0,00,99.99,,M,,M,,*41
$GNRMC,113339.704,V,,,,,,,200726,,,N,V*21
$GNGLL,,,,,113339.704,V,N*6D
$GNVTG,,T,,M,,N,,K,N*32
$GNGGA,113339.804,,,,,0,00,99.99,,M,,M,,*4E
$GNRMC,113339.804,V,,,,,,,200726,,,N,V*2E
$GNGLL,,,,,113339.804,V,N*62
$GNVTG,,T,,M,,N,,K,N*32
$GNGGA,113339.904,,,,,0,00,99.99,,M,,M,,*4F
$GNRMC,113339.904,V,,,,,,,200726,,,N,V*2F
$GNGLL,,,,,113339.904,V,N*63
$GNVTG,,T,,M,,N,,K,N*32
$GNGGA,113340.004,,,,,0,00,99.99,,M,,M,,*48
$GNRMC,113340.004,V,,,,,,,200726,,,N,V*28
$GNGLL,,,,,113340.004,V,N*64
$GNVTG,,T,,M,,N,,K,N*32
$GNGSA,A,1,,,,,,,,,,,,,99.99,99.99,99.99,1*33
$GNGSA,A,1,,,,,,,,,,,,,99.99,99.99,99.99,2*30
$GNGSA,A,1,,,,,,,,,,,,,99.99,99.99,99.99,3*31
$GNGSA,A,1,,,,,,,,,,,,,99.99,99.99,99.99,4*36
$GNGSA,A,1,,,,,,,,,,,,,99.99,99.99,99.99,5*37
$GPGSV,1,1,04,02,,,24,16,,,33,26,,,35,31,,,35,1*65
$GPGSV,1,1,00,8*6D
$GLGSV,1,1,03,68,,,40,78,,,39,79,,,37,1*7E
$GAGSV,1,1,00,7*73
$GAGSV,1,1,00,1*75
$GBGSV,2,1,05,07,,,38,10,,,38,12,,,35,23,,,35,1*74
$GBGSV,2,2,05,32,,,40,1*76
$GBGSV,1,1,00,5*72
$GQGSV,1,1,00,1*65
$GQGSV,1,1,00,8*6C
$GNGGA,113340.104,,,,,0,00,99.99,,M,,M,,*49
$GNRMC,113340.104,V,,,,,,,200726,,,N,V*29
$GNGLL,,,,,113340.104,V,N*65
$GNVTG,,T,,M,,N,,K,N*32
$GNGGA,113340.204,,,,,0,00,99.99,,M,,M,,*4A
$GNRMC,113340.204,V,,,,,,,200726,,,N,V*2A
$GNGLL,,,,,113340.204,V,N*66
$GNVTG,,T,,M,,N,,K,N*32
$GNGGA,113340.304,,,,,0,00,99.99,,M,,M,,*4B
$GNRMC,113340.304,V,,,,,,,200726,,,N,V*2B
$GNGLL,,,,,113340.304,V,N*67
$GNVTG,,T,,M,,N,,K,N*32
$GNGGA,113340.404,,,,,0,00,99.99,,M,,M,,*4C
$GNRMC,113340.404,V,,,,,,,200726,,,N,V*2C
$GNGLL,,,,,113340.404,V,N*60
$GNVTG,,T,,M,,N,,K,N*32
$GNGGA,113340.504,,,,,0,00,99.99,,M,,M,,*4D
$GNRMC,113340.504,V,,,,,,,200726,,,N,V*2D
$GNGLL,,,,,113340.504,V,N*61
$GNVTG,,T,,M,,N,,K,N*32
$GNGGA,113340.604,,,,,0,00,99.99,,M,,M,,*4E
$GNRMC,113340.604,V,,,,,,,200726,,,N,V*2E
$GNGLL,,,,,113340.604,V,N*62
$GNVTG,,T,,M,,N,,K,N*32
$GNGGA,113340.704,,,,,0,00,99.99,,M,,M,,*4F
$GNRMC,113340.704,V,,,,,,,200726,,,N,V*2F
$GNGLL,,,,,113340.704,V,N*63
$GNVTG,,T,,M,,N,,K,N*32
$GNGGA,113340.804,,,,,0,00,99.99,,M,,M,,*40
$GNRMC,113340.804,V,,,,,,,200726,,,N,V*20
$GNGLL,,,,,113340.804,V,N*6C
$GNVTG,,T,,M,,N,,K,N*32
$GNGGA,113340.904,,,,,0,00,99.99,,M,,M,,*41
$GNRMC,113340.904,V,,,,,,,200726,,,N,V*21
$GNGLL,,,,,113340.904,V,N*6D
$GNVTG,,T,,M,,N,,K,N*32
$GNGGA,113341.004,,,,,0,00,99.99,,M,,M,,*49
$GNRMC,113341.004,V,,,,,,,200726,,,N,V*29
$GNGLL,,,,,113341.004,V,N*65
$GNVTG,,T,,M,,N,,K,N*32
$GNGSA,A,1,,,,,,,,,,,,,99.99,99.99,99.99,1*33
$GNGSA,A,1,,,,,,,,,,,,,99.99,99.99,99.99,2*30
$GNGSA,A,1,,,,,,,,,,,,,99.99,99.99,99.99,3*31
$GNGSA,A,1,,,,,,,,,,,,,99.99,99.99,99.99,4*36
$GNGSA,A,1,,,,,,,,,,,,,99.99,99.99,99.99,5*37
$GPGSV,1,1,04,02,,,26,16,,,34,26,,,34,31,,,36,1*62
$GPGSV,1,1,00,8*6D
$GLGSV,1,1,03,68,,,39,78,,,39,79,,,36,1*71
$GAGSV,1,1,00,7*73
$GAGSV,1,1,00,1*75
$GBGSV,2,1,05,07,,,38,10,,,38,12,,,36,23,,,35,1*77
$GBGSV,2,2,05,32,,,39,1*78
$GBGSV,1,1,00,5*72
$GQGSV,1,1,00,1*65
$GQGSV,1,1,00,8*6C
$GNGGA,113341.104,,,,,0,00,99.99,,M,,M,,*48
$GNRMC,113341.104,V,,,,,,,200726,,,N,V*28
$GNGLL,,,,,113341.104,V,N*64
$GNVTG,,T,,M,,N,,K,N*32
$GNGGA,113341.204,,,,,0,00,99.99,,M,,M,,*4B
$GNRMC,113341.204,V,,,,,,,200726,,,N,V*2B
$GNGLL,,,,,113341.204,V,N*67
$GNVTG,,T,,M,,N,,K,N*32
$GNGGA,113341.304,,,,,0,00,99.99,,M,,M,,*4A
$GNRMC,113341.304,V,,,,,,,200726,,,N,V*2A
$GNGLL,,,,,113341.304,V,N*66
$GNVTG,,T,,M,,N,,K,N*32
$GNGGA,113341.404,,,,,0,00,99.99,,M,,M,,*4D
$GNRMC,113341.404,V,,,,,,,200726,,,N,V*2D
$GNGLL,,,,,113341.404,V,N*61
$GNVTG,,T,,M,,N,,K,N*32
$GNGGA,113341.504,,,,,0,00,99.99,,M,,M,,*4C
$GNRMC,113341.504,V,,,,,,,200726,,,N,V*2C
$GNGLL,,,,,113341.504,V,N*60
$GNVTG,,T,,M,,N,,K,N*32
$GNGGA,113341.604,,,,,0,00,99.99,,M,,M,,*4F
$GNRMC,113341.604,V,,,,,,,200726,,,N,V*2F
$GNGLL,,,,,113341.604,V,N*63
$GNVTG,,T,,M,,N,,K,N*32
$GNGGA,113341.704,,,,,0,00,99.99,,M,,M,,*4E
$GNRMC,113341.704,V,,,,,,,200726,,,N,V*2E
$GNGLL,,,,,113341.704,V,N*62
$GNVTG,,T,,M,,N,,K,N*32
$GNGGA,113341.804,,,,,0,00,99.99,,M,,M,,*41
$GNRMC,113341.804,V,,,,,,,200726,,,N,V*21
$GNGLL,,,,,113341.804,V,N*6D
$GNVTG,,T,,M,,N,,K,N*32
$GNGGA,113341.904,,,,,0,00,99.99,,M,,M,,*40
$GNRMC,113341.904,V,,,,,,,200726,,,N,V*20
$GNGLL,,,,,113341.904,V,N*6C
$GNVTG,,T,,M,,N,,K,N*32
$GNGGA,113342.004,,,,,0,00,99.99,,M,,M,,*4A
$GNRMC,113342.004,V,,,,,,,200726,,,N,V*2A
$GNGLL,,,,,113342.004,V,N*66
$GNVTG,,T,,M,,N,,K,N*32
$GNGSA,A,1,,,,,,,,,,,,,99.99,99.99,99.99,1*33
$GNGSA,A,1,,,,,,,,,,,,,99.99,99.99,99.99,2*30
$GNGSA,A,1,,,,,,,,,,,,,99.99,99.99,99.99,3*31
$GNGSA,A,1,,,,,,,,,,,,,99.99,99.99,99.99,4*36
$GNGSA,A,1,,,,,,,,,,,,,99.99,99.99,99.99,5*37
$GPGSV,1,1,04,02,,,27,16,,,33,26,,,34,31,,,36,1*64
$GPGSV,1,1,00,8*6D
$GLGSV,1,1,03,68,,,38,78,,,40,79,,,37,1*7F
$GAGSV,1,1,00,7*73
$GAGSV,1,1,00,1*75
$GBGSV,2,1,05,07,,,38,10,,,38,12,,,36,23,,,35,1*77
$GBGSV,2,2,05,32,,,39,1*78
$GBGSV,1,1,00,5*72
$GQGSV,1,1,00,1*65
$GQGSV,1,1,00,8*6C
$GNGGA,113342.104,,,,,0,00,99.99,,M,,M,,*4B
$GNRMC,113342.104,V,,,,,,,200726,,,N,V*2B
$GNGLL,,,,,113342.104,V,N*67
$GNVTG,,T,,M,,N,,K,N*32
$GNGGA,113342.204,,,,,0,00,99.99,,M,,M,,*48
$GNRMC,113342.204,V,,,,,,,200726,,,N,V*28
$GNGLL,,,,,113342.204,V,N*64
$GNVTG,,T,,M,,N,,K,N*32
$GNGGA,113342.304,,,,,0,00,99.99,,M,,M,,*49
$GNRMC,113342.304,V,,,,,,,200726,,,N,V*29
$GNGLL,,,,,113342.304,V,N*65
$GNVTG,,T,,M,,N,,K,N*32
$GNGGA,113342.404,,,,,0,00,99.99,,M,,M,,*4E
$GNRMC,113342.404,V,,,,,,,200726,,,N,V*2E
$GNGLL,,,,,113342.404,V,N*62
$GNVTG,,T,,M,,N,,K,N*32
$GNGGA,113342.504,,,,,0,00,99.99,,M,,M,,*4F
$GNRMC,113342.504,V,,,,,,,200726,,,N,V*2F
$GNGLL,,,,,113342.504,V,N*63
$GNVTG,,T,,M,,N,,K,N*32
$GNGGA,113342.604,,,,,0,00,99.99,,M,,M,,*4C
$GNRMC,113342.604,V,,,,,,,200726,,,N,V*2C
$GNGLL,,,,,113342.604,V,N*60
$GNVTG,,T,,M,,N,,K,N*32
$GNGGA,113342.704,,,,,0,00,99.99,,M,,M,,*4D
$GNRMC,113342.704,V,,,,,,,200726,,,N,V*2D
$GNGLL,,,,,113342.704,V,N*61
$GNVTG,,T,,M,,N,,K,N*32
$GNGGA,113342.804,,,,,0,00,99.99,,M,,M,,*42
$GNRMC,113342.804,V,,,,,,,200726,,,N,V*22
$GNGLL,,,,,113342.804,V,N*6E
$GNVTG,,T,,M,,N,,K,N*32
$GNGGA,113342.904,,,,,0,00,99.99,,M,,M,,*43
$GNRMC,113342.904,V,,,,,,,200726,,,N,V*23
$GNGLL,,,,,113342.904,V,N*6F
$GNVTG,,T,,M,,N,,K,N*32
$GNGGA,113343.004,,,,,0,00,99.99,,M,,M,,*4B
$GNRMC,113343.004,V,,,,,,,200726,,,N,V*2B
$GNGLL,,,,,113343.004,V,N*67
$GNVTG,,T,,M,,N,,K,N*32
$GNGSA,A,1,,,,,,,,,,,,,99.99,99.99,99.99,1*33
$GNGSA,A,1,,,,,,,,,,,,,99.99,99.99,99.99,2*30
$GNGSA,A,1,,,,,,,,,,,,,99.99,99.99,99.99,3*31
$GNGSA,A,1,,,,,,,,,,,,,99.99,99.99,99.99,4*36
$GNGSA,A,1,,,,,,,,,,,,,99.99,99.99,99.99,5*37
$GPGSV,1,1,04,02,,,27,16,,,34,26,,,35,31,,,36,1*62
$GPGSV,1,1,00,8*6D
$GLGSV,1,1,03,68,,,39,78,,,38,79,,,37,1*71
$GAGSV,1,1,00,7*73
$GAGSV,1,1,00,1*75
$GBGSV,2,1,05,07,,,38,10,,,38,12,,,36,23,,,35,1*77
$GBGSV,2,2,05,32,,,39,1*78
$GBGSV,1,1,00,5*72
$GQGSV,1,1,00,1*65
$GQGSV,1,1,00,8*6C
$GNGGA,113343.104,,,,,0,00,99.99,,M,,M,,*4A
$GNRMC,113343.104,V,,,,,,,200726,,,N,V*2A
$GNGLL,,,,,113343.104,V,N*66
$GNVTG,,T,,M,,N,,K,N*32
$GNGGA,113343.204,,,,,0,00,99.99,,M,,M,,*49
$GNRMC,113343.204,V,,,,,,,200726,,,N,V*29
$GNGLL,,,,,113343.204,V,N*65
$GNVTG,,T,,M,,N,,K,N*32
$GNGGA,113343.304,,,,,0,00,99.99,,M,,M,,*48
$GNRMC,113343.304,V,,,,,,,200726,,,N,V*28
$GNGLL,,,,,113343.304,V,N*64
$GNVTG,,T,,M,,N,,K,N*32
$GNGGA,113343.404,,,,,0,00,99.99,,M,,M,,*4F
$GNRMC,113343.404,V,,,,,,,200726,,,N,V*2F
$GNGLL,,,,,113343.404,V,N*63
$GNVTG,,T,,M,,N,,K,N*32
$GNGGA,113343.504,,,,,0,00,99.99,,M,,M,,*4E
$GNRMC,113343.504,V,,,,,,,200726,,,N,V*2E
$GNGLL,,,,,113343.504,V,N*62
$GNVTG,,T,,M,,N,,K,N*32
$GNGGA,113343.604,,,,,0,00,99.99,,M,,M,,*4D
$GNRMC,113343.604,V,,,,,,,200726,,,N,V*2D
$GNGLL,,,,,113343.604,V,N*61
$GNVTG,,T,,M,,N,,K,N*32
$GNGGA,113343.704,,,,,0,00,99.99,,M,,M,,*4C
$GNRMC,113343.704,V,,,,,,,200726,,,N,V*2C
$GNGLL,,,,,113343.704,V,N*60
$GNVTG,,T,,M,,N,,K,N*32
$GNGGA,113343.804,,,,,0,00,99.99,,M,,M,,*43
$GNRMC,113343.804,V,,,,,,,200726,,,N,V*23
$GNGLL,,,,,113343.804,V,N*6F
$GNVTG,,T,,M,,N,,K,N*32
$GNGGA,113343.904,,,,,0,00,99.99,,M,,M,,*42
$GNRMC,113343.904,V,,,,,,,200726,,,N,V*22
$GNGLL,,,,,113343.904,V,N*6E
$GNVTG,,T,,M,,N,,K,N*32
$GNGGA,113344.004,,,,,0,00,99.99,,M,,M,,*4C
$GNRMC,113344.004,V,,,,,,,200726,,,N,V*2C
$GNGLL,,,,,113344.004,V,N*60
$GNVTG,,T,,M,,N,,K,N*32
$GNGSA,A,1,,,,,,,,,,,,,99.99,99.99,99.99,1*33
$GNGSA,A,1,,,,,,,,,,,,,99.99,99.99,99.99,2*30
$GNGSA,A,1,,,,,,,,,,,,,99.99,99.99,99.99,3*31
$GNGSA,A,1,,,,,,,,,,,,,99.99,99.99,99.99,4*36
$GNGSA,A,1,,,,,,,,,,,,,99.99,99.99,99.99,5*37
$GPGSV,2,1,05,02,,,27,16,,,34,26,,,34,28,,,30,1*6F
$GPGSV,2,2,05,31,,,35,1*65
$GPGSV,1,1,00,8*6D
$GLGSV,1,1,03,68,,,39,78,,,39,79,,,37,1*70
$GAGSV,1,1,00,7*73
$GAGSV,1,1,00,1*75
$GBGSV,2,1,05,07,,,38,10,,,38,12,,,36,23,,,35,1*77
$GBGSV,2,2,05,32,,,40,1*76
$GBGSV,1,1,00,5*72
$GQGSV,1,1,00,1*65
$GQGSV,1,1,00,8*6C
$GNGGA,113344.104,,,,,0,00,99.99,,M,,M,,*4D
$GNRMC,113344.104,V,,,,,,,200726,,,N,V*2D
$GNGLL,,,,,113344.104,V,N*61
$GNVTG,,T,,M,,N,,K,N*32
$GNGGA,113344.204,,,,,0,00,99.99,,M,,M,,*4E
$GNRMC,113344.204,V,,,,,,,200726,,,N,V*2E
$GNGLL,,,,,113344.204,V,N*62
$GNVTG,,T,,M,,N,,K,N*32
$GNGGA,113344.304,,,,,0,00,99.99,,M,,M,,*4F
$GNRMC,113344.304,V,,,,,,,200726,,,N,V*2F
$GNGLL,,,,,113344.304,V,N*63
$GNVTG,,T,,M,,N,,K,N*32
$GNGGA,113344.404,,,,,0,00,99.99,,M,,M,,*48
$GNRMC,113344.404,V,,,,,,,200726,,,N,V*28
$GNGLL,,,,,113344.404,V,N*64
$GNVTG,,T,,M,,N,,K,N*32
$GNGGA,113344.504,,,,,0,00,99.99,,M,,M,,*49
$GNRMC,113344.504,V,,,,,,,200726,,,N,V*29
$GNGLL,,,,,113344.504,V,N*65
$GNVTG,,T,,M,,N,,K,N*32
$GNGGA,113344.604,,,,,0,00,99.99,,M,,M,,*4A
$GNRMC,113344.604,V,,,,,,,200726,,,N,V*2A
$GNGLL,,,,,113344.604,V,N*66
$GNVTG,,T,,M,,N,,K,N*32
$GNGGA,113344.704,,,,,0,00,99.99,,M,,M,,*4B
$GNRMC,113344.704,V,,,,,,,200726,,,N,V*2B
$GNGLL,,,,,113344.704,V,N*67
$GNVTG,,T,,M,,N,,K,N*32
$GNGGA,113344.804,,,,,0,00,99.99,,M,,M,,*44
$GNRMC,113344.804,V,,,,,,,200726,,,N,V*24
$GNGLL,,,,,113344.804,V,N*68
$GNVTG,,T,,M,,N,,K,N*32
$GNGGA,113344.904,,,,,0,00,99.99,,M,,M,,*45
$GNRMC,113344.904,V,,,,,,,200726,,,N,V*25
$GNGLL,,,,,113344.904,V,N*69
$GNVTG,,T,,M,,N,,K,N*32
$GNGGA,113345.004,,,,,0,00,99.99,,M,,M,,*4D
$GNRMC,113345.004,V,,,,,,,200726,,,N,V*2D
$GNGLL,,,,,113345.004,V,N*61
$GNVTG,,T,,M,,N,,K,N*32
$GNGSA,A,1,,,,,,,,,,,,,99.99,99.99,99.99,1*33
$GNGSA,A,1,,,,,,,,,,,,,99.99,99.99,99.99,2*30
$GNGSA,A,1,,,,,,,,,,,,,99.99,99.99,99.99,3*31
$GNGSA,A,1,,,,,,,,,,,,,99.99,99.99,99.99,4*36
$GNGSA,A,1,,,,,,,,,,,,,99.99,99.99,99.99,5*37
$GPGSV,2,1,05,02,,,27,16,,,33,26,,,33,28,,,30,1*6F
$GPGSV,2,2,05,31,,,36,1*66
$GPGSV,1,1,00,8*6D
$GLGSV,1,1,03,68,,,38,78,,,39,79,,,36,1*70
$GAGSV,1,1,00,7*73
$GAGSV,1,1,00,1*75
$GBGSV,2,1,05,07,,,37,10,,,38,12,,,36,23,,,36,1*7B
$GBGSV,2,2,05,32,,,40,1*76
$GBGSV,1,1,00,5*72
$GQGSV,1,1,00,1*65
$GQGSV,1,1,00,8*6C
$GNGGA,113345.104,,,,,0,00,99.99,,M,,M,,*4C
$GNRMC,113345.104,V,,,,,,,200726,,,N,V*2C
$GNGLL,,,,,113345.104,V,N*60
$GNVTG,,T,,M,,N,,K,N*32
$GNGGA,113345.204,,,,,0,00,99.99,,M,,M,,*4F
$GNRMC,113345.204,V,,,,,,,200726,,,N,V*2F
$GNGLL,,,,,113345.204,V,N*63
$GNVTG,,T,,M,,N,,K,N*32
$GNGGA,113345.304,,,,,0,00,99.99,,M,,M,,*4E
$GNRMC,113345.304,V,,,,,,,200726,,,N,V*2E
$GNGLL,,,,,113345.304,V,N*62
$GNVTG,,T,,M,,N,,K,N*32
$GNGGA,113345.404,,,,,0,00,99.99,,M,,M,,*49
$GNRMC,113345.404,V,,,,,,,200726,,,N,V*29
$GNGLL,,,,,113345.404,V,N*65
$GNVTG,,T,,M,,N,,K,N*32
$GNGGA,113345.504,,,,,0,00,99.99,,M,,M,,*48
$GNRMC,113345.504,V,,,,,,,200726,,,N,V*28
$GNGLL,,,,,113345.504,V,N*64
$GNVTG,,T,,M,,N,,K,N*32
$GNGGA,113345.604,,,,,0,00,99.99,,M,,M,,*4B
$GNRMC,113345.604,V,,,,,,,200726,,,N,V*2B
$GNGLL,,,,,113345.604,V,N*67
$GNVTG,,T,,M,,N,,K,N*32
$GNGGA,113345.704,,,,,0,00,99.99,,M,,M,,*4A
$GNRMC,113345.704,V,,,,,,,200726,,,N,V*2A
$GNGLL,,,,,113345.704,V,N*66
$GNVTG,,T,,M,,N,,K,N*32
$GNGGA,113345.804,,,,,0,00,99.99,,M,,M,,*45
$GNRMC,113345.804,V,,,,,,,200726,,,N,V*25
$GNGLL,,,,,113345.804,V,N*69
$GNVTG,,T,,M,,N,,K,N*32
$GNGGA,113345.904,,,,,0,00,99.99,,M,,M,,*44
$GNRMC,113345.904,V,,,,,,,200726,,,N,V*24
$GNGLL,,,,,113345.904,V,N*68
$GNVTG,,T,,M,,N,,K,N*32
$GNGGA,113346.004,,,,,0,00,99.99,,M,,M,,*4E
$GNRMC,113346.004,V,,,,,,,200726,,,N,V*2E
$GNGLL,,,,,113346.004,V,N*62
$GNVTG,,T,,M,,N,,K,N*32
$GNGSA,A,1,,,,,,,,,,,,,99.99,99.99,99.99,1*33
$GNGSA,A,1,,,,,,,,,,,,,99.99,99.99,99.99,2*30
$GNGSA,A,1,,,,,,,,,,,,,99.99,99.99,99.99,3*31
$GNGSA,A,1,,,,,,,,,,,,,99.99,99.99,99.99,4*36
$GNGSA,A,1,,,,,,,,,,,,,99.99,99.99,99.99,5*37
$GPGSV,2,1,05,02,,,26,16,,,34,26,,,34,28,,,30,1*6E
$GPGSV,2,2,05,31,,,36,1*66
$GPGSV,1,1,00,8*6D
$GLGSV,1,1,03,68,,,39,78,,,39,79,,,37,1*70
$GAGSV,1,1,00,7*73
$GAGSV,1,1,00,1*75
$GBGSV,2,1,05,07,,,38,10,,,38,12,,,36,23,,,35,1*77
$GBGSV,2,2,05,32,,,39,1*78
$GBGSV,1,1,00,5*72
$GQGSV,1,1,00,1*65
$GQGSV,1,1,00,8*6C
$GNGGA,113346.104,,,,,0,00,99.99,,M,,M,,*4F
$GNRMC,113346.104,V,,,,,,,200726,,,N,V*2F
$GNGLL,,,,,113346.104,V,N*63
$GNVTG,,T,,M,,N,,K,N*32
$GNGGA,113346.204,,,,,0,00,99.99,,M,,M,,*4C
$GNRMC,113346.204,V,,,,,,,200726,,,N,V*2C
$GNGLL,,,,,113346.204,V,N*60
$GNVTG,,T,,M,,N,,K,N*32
$GNGGA,113346.304,,,,,0,00,99.99,,M,,M,,*4D
$GNRMC,113346.304,V,,,,,,,200726,,,N,V*2D
$GNGLL,,,,,113346.304,V,N*61
$GNVTG,,T,,M,,N,,K,N*32
$GNGGA,113346.404,,,,,0,00,99.99,,M,,M,,*4A
$GNRMC,113346.404,V,,,,,,,200726,,,N,V*2A
$GNGLL,,,,,113346.404,V,N*66
$GNVTG,,T,,M,,N,,K,N*32
$GNGGA,113346.504,,,,,0,00,99.99,,M,,M,,*4B
$GNRMC,113346.504,V,,,,,,,200726,,,N,V*2B
$GNGLL,,,,,113346.504,V,N*67
$GNVTG,,T,,M,,N,,K,N*32
$GNGGA,113346.604,,,,,0,00,99.99,,M,,M,,*48
$GNRMC,113346.604,V,,,,,,,200726,,,N,V*28
$GNGLL,,,,,113346.604,V,N*64
$GNVTG,,T,,M,,N,,K,N*32
$GNGGA,113346.704,,,,,0,00,99.99,,M,,M,,*49
$GNRMC,113346.704,V,,,,,,,200726,,,N,V*29
$GNGLL,,,,,113346.704,V,N*65
$GNVTG,,T,,M,,N,,K,N*32
$GNGGA,113346.804,,,,,0,00,99.99,,M,,M,,*46
$GNRMC,113346.804,V,,,,,,,200726,,,N,V*26
$GNGLL,,,,,113346.804,V,N*6A
$GNVTG,,T,,M,,N,,K,N*32
$GNGGA,113346.904,,,,,0,00,99.99,,M,,M,,*47
$GNRMC,113346.904,V,,,,,,,200726,,,N,V*27
$GNGLL,,,,,113346.904,V,N*6B
$GNVTG,,T,,M,,N,,K,N*32
$GNGGA,113347.004,,,,,0,00,99.99,,M,,M,,*4F
$GNRMC,113347.004,V,,,,,,,200726,,,N,V*2F
$GNGLL,,,,,113347.004,V,N*63
$GNVTG,,T,,M,,N,,K,N*32
$GNGSA,A,1,,,,,,,,,,,,,99.99,99.99,99.99,1*33
$GNGSA,A,1,,,,,,,,,,,,,99.99,99.99,99.99,2*30
$GNGSA,A,1,,,,,,,,,,,,,99.99,99.99,99.99,3*31
$GNGSA,A,1,,,,,,,,,,,,,99.99,99.99,99.99,4*36
$GNGSA,A,1,,,,,,,,,,,,,99.99,99.99,99.99,5*37
$GPGSV,2,1,05,02,,,27,16,,,34,26,,,34,28,,,30,1*6F
$GPGSV,2,2,05,31,,,36,1*66
$GPGSV,1,1,00,8*6D
$GLGSV,1,1,03,68,,,39,78,,,39,79,,,37,1*70
$GAGSV,1,1,00,7*73
$GAGSV,1,1,00,1*75
$GBGSV,2,1,05,07,,,38,10,,,38,12,,,36,23,,,35,1*77
$GBGSV,2,2,05,32,,,39,1*78
$GBGSV,1,1,00,5*72
$GQGSV,1,1,00,1*65
$GQGSV,1,1,00,8*6C
$GNGGA,113347.104,,,,,0,00,99.99,,M,,M,,*4E
$GNRMC,113347.104,V,,,,,,,200726,,,N,V*2E
$GNGLL,,,,,113347.104,V,N*62
$GNVTG,,T,,M,,N,,K,N*32
$GNGGA,113347.204,,,,,0,00,99.99,,M,,M,,*4D
$GNRMC,113347.204,V,,,,,,,200726,,,N,V*2D
$GNGLL,,,,,113347.204,V,N*61
$GNVTG,,T,,M,,N,,K,N*32
$GNGGA,113347.304,,,,,0,00,99.99,,M,,M,,*4C
$GNRMC,113347.304,V,,,,,,,200726,,,N,V*2C
$GNGLL,,,,,113347.304,V,N*60
$GNVTG,,T,,M,,N,,K,N*32
$GNGGA,113347.404,,,,,0,00,99.99,,M,,M,,*4B
$GNRMC,113347.404,V,,,,,,,200726,,,N,V*2B
$GNGLL,,,,,113347.404,V,N*67
$GNVTG,,T,,M,,N,,K,N*32
$GNGGA,113347.504,,,,,0,00,99.99,,M,,M,,*4A
$GNRMC,113347.504,V,,,,,,,200726,,,N,V*2A
$GNGLL,,,,,113347.504,V,N*66
$GNVTG,,T,,M,,N,,K,N*32
$GNGGA,113347.604,,,,,0,00,99.99,,M,,M,,*49
$GNRMC,113347.604,V,,,,,,,200726,,,N,V*29
$GNGLL,,,,,113347.604,V,N*65
$GNVTG,,T,,M,,N,,K,N*32
$GNGGA,113347.704,,,,,0,00,99.99,,M,,M,,*48
$GNRMC,113347.704,V,,,,,,,200726,,,N,V*28
$GNGLL,,,,,113347.704,V,N*64
$GNVTG,,T,,M,,N,,K,N*32
$GNGGA,113347.804,,,,,0,00,99.99,,M,,M,,*47
$GNRMC,113347.804,V,,,,,,,200726,,,N,V*27
$GNGLL,,,,,113347.804,V,N*6B
$GNVTG,,T,,M,,N,,K,N*32
$GNGGA,113347.904,,,,,0,00,99.99,,M,,M,,*46
$GNRMC,113347.904,V,,,,,,,200726,,,N,V*26
$GNGLL,,,,,113347.904,V,N*6A
$GNVTG,,T,,M,,N,,K,N*32
$GNGGA,113348.004,,,,,0,00,99.99,,M,,M,,*40
$GNRMC,113348.004,V,,,,,,,200726,,,N,V*20
$GNGLL,,,,,113348.004,V,N*6C
$GNVTG,,T,,M,,N,,K,N*32
$GNGSA,A,1,,,,,,,,,,,,,99.99,99.99,99.99,1*33
$GNGSA,A,1,,,,,,,,,,,,,99.99,99.99,99.99,2*30
$GNGSA,A,1,,,,,,,,,,,,,99.99,99.99,99.99,3*31
$GNGSA,A,1,,,,,,,,,,,,,99.99,99.99,99.99,4*36
$GNGSA,A,1,,,,,,,,,,,,,99.99,99.99,99.99,5*37
$GPGSV,2,1,05,02,,,28,16,,,34,26,,,35,28,,,30,1*61
$GPGSV,2,2,05,31,,,37,1*67
$GPGSV,1,1,00,8*6D
$GLGSV,1,1,03,68,,,39,78,,,39,79,,,38,1*7F
$GAGSV,1,1,00,7*73
$GAGSV,1,1,00,1*75
$GBGSV,2,1,05,07,,,39,10,,,38,12,,,36,23,,,35,1*76
$GBGSV,2,2,05,32,,,40,1*76
$GBGSV,1,1,00,5*72
$GQGSV,1,1,00,1*65
$GQGSV,1,1,00,8*6C
$GNGGA,113348.104,,,,,0,00,99.99,,M,,M,,*41
$GNRMC,113348.104,V,,,,,,,200726,,,N,V*21
$GNGLL,,,,,113348.104,V,N*6D
$GNVTG,,T,,M,,N,,K,N*32
$GNGGA,113348.204,,,,,0,00,99.99,,M,,M,,*42
$GNRMC,113348.204,V,,,,,,,200726,,,N,V*22
$GNGLL,,,,,113348.204,V,N*6E
$GNVTG,,T,,M,,N,,K,N*32
$GNGGA,113348.304,,,,,0,00,99.99,,M,,M,,*43
$GNRMC,113348.304,V,,,,,,,200726,,,N,V*23
$GNGLL,,,,,113348.304,V,N*6F
$GNVTG,,T,,M,,N,,K,N*32
$GNGGA,113348.404,,,,,0,00,99.99,,M,,M,,*44
$GNRMC,113348.404,V,,,,,,,200726,,,N,V*24
$GNGLL,,,,,113348.404,V,N*68
$GNVTG,,T,,M,,N,,K,N*32
$GNGGA,113348.504,,,,,0,00,99.99,,M,,M,,*45
$GNRMC,113348.504,V,,,,,,,200726,,,N,V*25
$GNGLL,,,,,113348.504,V,N*69
$GNVTG,,T,,M,,N,,K,N*32
$GNGGA,113348.604,,,,,0,00,99.99,,M,,M,,*46
$GNRMC,113348.604,V,,,,,,,200726,,,N,V*26
$GNGLL,,,,,113348.604,V,N*6A
$GNVTG,,T,,M,,N,,K,N*32
$GNGGA,113348.704,,,,,0,00,99.99,,M,,M,,*47
$GNRMC,113348.704,V,,,,,,,200726,,,N,V*27
$GNGLL,,,,,113348.704,V,N*6B
$GNVTG,,T,,M,,N,,K,N*32
$GNGGA,113348.804,,,,,0,00,99.99,,M,,M,,*48
$GNRMC,113348.804,V,,,,,,,200726,,,N,V*28
$GNGLL,,,,,113348.804,V,N*64
$GNVTG,,T,,M,,N,,K,N*32
$GNGGA,113348.904,,,,,0,00,99.99,,M,,M,,*49
$GNRMC,113348.904,V,,,,,,,200726,,,N,V*29
$GNGLL,,,,,113348.904,V,N*65
$GNVTG,,T,,M,,N,,K,N*32
$GNGGA,113349.004,,,,,0,00,99.99,,M,,M,,*41
$GNRMC,113349.004,V,,,,,,,200726,,,N,V*21
$GNGLL,,,,,113349.004,V,N*6D
$GNVTG,,T,,M,,N,,K,N*32
$GNGSA,A,1,,,,,,,,,,,,,99.99,99.99,99.99,1*33
$GNGSA,A,1,,,,,,,,,,,,,99.99,99.99,99.99,2*30
$GNGSA,A,1,,,,,,,,,,,,,99.99,99.99,99.99,3*31
$GNGSA,A,1,,,,,,,,,,,,,99.99,99.99,99.99,4*36
$GNGSA,A,1,,,,,,,,,,,,,99.99,99.99,99.99,5*37
$GPGSV,2,1,05,02,,,26,16,,,34,26,,,36,28,,,30,1*6C
$GPGSV,2,2,05,31,,,36,1*66
$GPGSV,1,1,00,8*6D
$GLGSV,1,1,03,68,,,40,78,,,39,79,,,37,1*7E
$GAGSV,1,1,00,7*73
$GAGSV,1,1,00,1*75
$GBGSV,2,1,05,07,,,38,10,,,38,12,,,35,23,,,33,1*72
$GBGSV,2,2,05,32,,,41,1*77
$GBGSV,1,1,00,5*72
$GQGSV,1,1,00,1*65
$GQGSV,1,1,00,8*6C
$GNGGA,113349.104,,,,,0,00,99.99,,M,,M,,*40
$GNRMC,113349.104,V,,,,,,,200726,,,N,V*20
$GNGLL,,,,,113349.104,V,N*6C
$GNVTG,,T,,M,,N,,K,N*32
$GNGGA,113349.204,,,,,0,00,99.99,,M,,M,,*43
$GNRMC,113349.204,V,,,,,,,200726,,,N,V*23
$GNGLL,,,,,113349.204,V,N*6F
$GNVTG,,T,,M,,N,,K,N*32
$GNGGA,113349.304,,,,,0,00,99.99,,M,,M,,*42
$GNRMC,113349.304,V,,,,,,,200726,,,N,V*22
$GNGLL,,,,,113349.304,V,N*6E
$GNVTG,,T,,M,,N,,K,N*32
$GNGGA,113349.404,,,,,0,00,99.99,,M,,M,,*45
$GNRMC,113349.404,V,,,,,,,200726,,,N,V*25
$GNGLL,,,,,113349.404,V,N*69
$GNVTG,,T,,M,,N,,K,N*32
$GNGGA,113349.504,,,,,0,00,99.99,,M,,M,,*44
$GNRMC,113349.504,V,,,,,,,200726,,,N,V*24
$GNGLL,,,,,113349.504,V,N*68
$GNVTG,,T,,M,,N,,K,N*32
$GNGGA,113349.604,,,,,0,00,99.99,,M,,M,,*47
$GNRMC,113349.604,V,,,,,,,200726,,,N,V*27
$GNGLL,,,,,113349.604,V,N*6B
$GNVTG,,T,,M,,N,,K,N*32
$GNGGA,113349.704,,,,,0,00,99.99,,M,,M,,*46
$GNRMC,113349.704,V,,,,,,,200726,,,N,V*26
$GNGLL,,,,,113349.704,V,N*6A
$GNVTG,,T,,M,,N,,K,N*32
$GNGGA,113349.804,,,,,0,00,99.99,,M,,M,,*49
$GNRMC,113349.804,V,,,,,,,200726,,,N,V*29
$GNGLL,,,,,113349.804,V,N*65
$GNVTG,,T,,M,,N,,K,N*32
$GNGGA,113349.904,,,,,0,00,99.99,,M,,M,,*48
$GNRMC,113349.904,V,,,,,,,200726,,,N,V*28
$GNGLL,,,,,113349.904,V,N*64
$GNVTG,,T,,M,,N,,K,N*32
$GNGGA,113350.004,,,,,0,00,99.99,,M,,M,,*49
$GNRMC,113350.004,V,,,,,,,200726,,,N,V*29
$GNGLL,,,,,113350.004,V,N*65
$GNVTG,,T,,M,,N,,K,N*32
$GNGSA,A,1,,,,,,,,,,,,,99.99,99.99,99.99,1*33
$GNGSA,A,1,,,,,,,,,,,,,99.99,99.99,99.99,2*30
$GNGSA,A,1,,,,,,,,,,,,,99.99,99.99,99.99,3*31
$GNGSA,A,1,,,,,,,,,,,,,99.99,99.99,99.99,4*36
$GNGSA,A,1,,,,,,,,,,,,,99.99,99.99,99.99,5*37
$GPGSV,2,1,05,02,,,26,16,,,35,26,,,37,28,,,27,1*6A
$GPGSV,2,2,05,31,,,34,1*64
$GPGSV,1,1,00,8*6D
$GLGSV,1,1,03,68,,,39,78,,,39,79,,,38,1*7F
$GAGSV,1,1,00,7*73
$GAGSV,1,1,00,1*75
$GBGSV,2,1,05,07,,,37,10,,,39,12,,,35,23,,,35,1*7A
$GBGSV,2,2,05,32,,,40,1*76
$GBGSV,1,1,00,5*72
$GQGSV,1,1,00,1*65
$GQGSV,1,1,00,8*6C
$GNGGA,113350.104,,,,,0,00,99.99,,M,,M,,*48
$GNRMC,113350.104,V,,,,,,,200726,,,N,V*28
$GNGLL,,,,,113350.104,V,N*64
$GNVTG,,T,,M,,N,,K,N*32
$GNGGA,113350.204,,,,,0,00,99.99,,M,,M,,*4B
$GNRMC,113350.204,V,,,,,,,200726,,,N,V*2B
$GNGLL,,,,,113350.204,V,N*67
$GNVTG,,T,,M,,N,,K,N*32
$GNGGA,113350.304,,,,,0,00,99.99,,M,,M,,*4A
$GNRMC,113350.304,V,,,,,,,200726,,,N,V*2A
$GNGLL,,,,,113350.304,V,N*66
$GNVTG,,T,,M,,N,,K,N*32
$GNGGA,113350.404,,,,,0,00,99.99,,M,,M,,*4D
$GNRMC,113350.404,V,,,,,,,200726,,,N,V*2D
$GNGLL,,,,,113350.404,V,N*61
$GNVTG,,T,,M,,N,,K,N*32
$GNGGA,113350.504,,,,,0,00,99.99,,M,,M,,*4C
$GNRMC,113350.504,V,,,,,,,200726,,,N,V*2C
$GNGLL,,,,,113350.504,V,N*60
$GNVTG,,T,,M,,N,,K,N*32
$GNGGA,113350.604,,,,,0,00,99.99,,M,,M,,*4F
$GNRMC,113350.604,V,,,,,,,200726,,,N,V*2F
$GNGLL,,,,,113350.604,V,N*63
$GNVTG,,T,,M,,N,,K,N*32
$GNGGA,113350.704,,,,,0,00,99.99,,M,,M,,*4E
$GNRMC,113350.704,V,,,,,,,200726,,,N,V*2E
$GNGLL,,,,,113350.704,V,N*62
$GNVTG,,T,,M,,N,,K,N*32
$GNGGA,113350.804,,,,,0,00,99.99,,M,,M,,*41
$GNRMC,113350.804,V,,,,,,,200726,,,N,V*21
$GNGLL,,,,,113350.804,V,N*6D
$GNVTG,,T,,M,,N,,K,N*32
$GNGGA,113350.904,,,,,0,00,99.99,,M,,M,,*40
$GNRMC,113350.904,V,,,,,,,200726,,,N,V*20
$GNGLL,,,,,113350.904,V,N*6C
$GNVTG,,T,,M,,N,,K,N*32
$GNGGA,113351.004,,,,,0,00,99.99,,M,,M,,*48
$GNRMC,113351.004,V,,,,,,,200726,,,N,V*28
$GNGLL,,,,,113351.004,V,N*64
$GNVTG,,T,,M,,N,,K,N*32
$GNGSA,A,1,,,,,,,,,,,,,99.99,99.99,99.99,1*33
$GNGSA,A,1,,,,,,,,,,,,,99.99,99.99,99.99,2*30
$GNGSA,A,1,,,,,,,,,,,,,99.99,99.99,99.99,3*31
$GNGSA,A,1,,,,,,,,,,,,,99.99,99.99,99.99,4*36
$GNGSA,A,1,,,,,,,,,,,,,99.99,99.99,99.99,5*37
$GPGSV,2,1,05,02,,,25,16,,,34,26,,,37,28,,,25,1*6A
$GPGSV,2,2,05,31,,,34,1*64
$GPGSV,1,1,00,8*6D
$GLGSV,1,1,03,68,,,39,78,,,39,79,,,37,1*70
$GAGSV,1,1,00,7*73
$GAGSV,1,1,00,1*75
$GBGSV,2,1,05,07,,,37,10,,,38,12,,,35,23,,,35,1*7B
$GBGSV,2,2,05,32,,,40,1*76
$GBGSV,1,1,00,5*72
$GQGSV,1,1,00,1*65
$GQGSV,1,1,00,8*6C
$GNGGA,113351.104,,,,,0,00,99.99,,M,,M,,*49
$GNRMC,113351.104,V,,,,,,,200726,,,N,V*29
$GNGLL,,,,,113351.104,V,N*65
$GNVTG,,T,,M,,N,,K,N*32
$GNGGA,113351.204,,,,,0,00,99.99,,M,,M,,*4A
$GNRMC,113351.204,V,,,,,,,200726,,,N,V*2A
$GNGLL,,,,,113351.204,V,N*66
$GNVTG,,T,,M,,N,,K,N*32
$GNGGA,113351.304,,,,,0,00,99.99,,M,,M,,*4B
$GNRMC,113351.304,V,,,,,,,200726,,,N,V*2B
$GNGLL,,,,,113351.304,V,N*67
$GNVTG,,T,,M,,N,,K,N*32
$GNGGA,113351.404,,,,,0,00,99.99,,M,,M,,*4C
$GNRMC,113351.404,V,,,,,,,200726,,,N,V*2C
$GNGLL,,,,,113351.404,V,N*60
$GNVTG,,T,,M,,N,,K,N*32
$GNGGA,113351.504,,,,,0,00,99.99,,M,,M,,*4D
$GNRMC,113351.504,V,,,,,,,200726,,,N,V*2D
$GNGLL,,,,,113351.504,V,N*61
$GNVTG,,T,,M,,N,,K,N*32
$GNGGA,113351.604,,,,,0,00,99.99,,M,,M,,*4E
$GNRMC,113351.604,V,,,,,,,200726,,,N,V*2E
$GNGLL,,,,,113351.604,V,N*62
$GNVTG,,T,,M,,N,,K,N*32
$GNGGA,113351.704,,,,,0,00,99.99,,M,,M,,*4F
$GNRMC,113351.704,V,,,,,,,200726,,,N,V*2F
$GNGLL,,,,,113351.704,V,N*63
$GNVTG,,T,,M,,N,,K,N*32
$GNGGA,113351.804,,,,,0,00,99.99,,M,,M,,*40
$GNRMC,113351.804,V,,,,,,,200726,,,N,V*20
$GNGLL,,,,,113351.804,V,N*6C
$GNVTG,,T,,M,,N,,K,N*32
$GNGGA,113351.904,,,,,0,00,99.99,,M,,M,,*41
$GNRMC,113351.904,V,,,,,,,200726,,,N,V*21
$GNGLL,,,,,113351.904,V,N*6D
$GNVTG,,T,,M,,N,,K,N*32
$GNGGA,113352.004,,,,,0,00,99.99,,M,,M,,*4B
$GNRMC,113352.004,V,,,,,,,200726,,,N,V*2B
$GNGLL,,,,,113352.004,V,N*67
$GNVTG,,T,,M,,N,,K,N*32
$GNGSA,A,1,,,,,,,,,,,,,99.99,99.99,99.99,1*33
$GNGSA,A,1,,,,,,,,,,,,,99.99,99.99,99.99,2*30
$GNGSA,A,1,,,,,,,,,,,,,99.99,99.99,99.99,3*31
$GNGSA,A,1,,,,,,,,,,,,,99.99,99.99,99.99,4*36
$GNGSA,A,1,,,,,,,,,,,,,99.99,99.99,99.99,5*37
$GPGSV,2,1,05,02,,,25,16,,,34,26,,,36,28,,,27,1*69
$GPGSV,2,2,05,31,,,34,1*64
$GPGSV,1,1,00,8*6D
$GLGSV,1,1,03,68,,,40,78,,,38,79,,,37,1*7F
$GAGSV,1,1,00,7*73
$GAGSV,1,1,00,1*75
$GBGSV,2,1,05,07,,,38,10,,,39,12,,,35,23,,,34,1*74
$GBGSV,2,2,05,32,,,41,1*77
$GBGSV,1,1,00,5*72
$GQGSV,1,1,00,1*65
$GQGSV,1,1,00,8*6C
$GNGGA,113352.104,,,,,0,00,99.99,,M,,M,,*4A
$GNRMC,113352.104,V,,,,,,,200726,,,N,V*2A
$GNGLL,,,,,113352.104,V,N*66
$GNVTG,,T,,M,,N,,K,N*32
$GNGGA,113352.204,,,,,0,00,99.99,,M,,M,,*49
$GNRMC,113352.204,V,,,,,,,200726,,,N,V*29
$GNGLL,,,,,113352.204,V,N*65
$GNVTG,,T,,M,,N,,K,N*32
$GNGGA,113352.304,,,,,0,00,99.99,,M,,M,,*48
$GNRMC,113352.304,V,,,,,,,200726,,,N,V*28
$GNGLL,,,,,113352.304,V,N*64
$GNVTG,,T,,M,,N,,K,N*32
$GNGGA,113352.404,,,,,0,00,99.99,,M,,M,,*4F
$GNRMC,113352.404,V,,,,,,,200726,,,N,V*2F
$GNGLL,,,,,113352.404,V,N*63
$GNVTG,,T,,M,,N,,K,N*32
$GNGGA,113352.504,,,,,0,00,99.99,,M,,M,,*4E
$GNRMC,113352.504,V,,,,,,,200726,,,N,V*2E
$GNGLL,,,,,113352.504,V,N*62
$GNVTG,,T,,M,,N,,K,N*32
$GNGGA,113352.604,,,,,0,00,99.99,,M,,M,,*4D
$GNRMC,113352.604,V,,,,,,,200726,,,N,V*2D
$GNGLL,,,,,113352.604,V,N*61
$GNVTG,,T,,M,,N,,K,N*32
$GNGGA,113352.704,,,,,0,00,99.99,,M,,M,,*4C
$GNRMC,113352.704,V,,,,,,,200726,,,N,V*2C
$GNGLL,,,,,113352.704,V,N*60
$GNVTG,,T,,M,,N,,K,N*32
$GNGGA,113352.804,,,,,0,00,99.99,,M,,M,,*43
$GNRMC,113352.804,V,,,,,,,200726,,,N,V*23
$GNGLL,,,,,113352.804,V,N*6F
$GNVTG,,T,,M,,N,,K,N*32
$GNGGA,113352.904,,,,,0,00,99.99,,M,,M,,*42
$GNRMC,113352.904,V,,,,,,,200726,,,N,V*22
$GNGLL,,,,,113352.904,V,N*6E
$GNVTG,,T,,M,,N,,K,N*32
$GNGGA,113353.004,,,,,0,00,99.99,,M,,M,,*4A
$GNRMC,113353.004,V,,,,,,,200726,,,N,V*2A
$GNGLL,,,,,113353.004,V,N*66
$GNVTG,,T,,M,,N,,K,N*32
$GNGSA,A,1,,,,,,,,,,,,,99.99,99.99,99.99,1*33
$GNGSA,A,1,,,,,,,,,,,,,99.99,99.99,99.99,2*30
$GNGSA,A,1,,,,,,,,,,,,,99.99,99.99,99.99,3*31
$GNGSA,A,1,,,,,,,,,,,,,99.99,99.99,99.99,4*36
$GNGSA,A,1,,,,,,,,,,,,,99.99,99.99,99.99,5*37
$GPGSV,2,1,05,02,,,25,16,,,34,26,,,36,28,,,25,1*6B
$GPGSV,2,2,05,31,,,32,1*62
$GPGSV,1,1,00,8*6D
$GLGSV,1,1,03,68,,,39,78,,,39,79,,,36,1*71
$GAGSV,1,1,00,7*73
$GAGSV,1,1,00,1*75
$GBGSV,2,1,05,07,,,38,10,,,39,12,,,35,23,,,34,1*74
$GBGSV,2,2,05,32,,,41,1*77
$GBGSV,1,1,00,5*72
$GQGSV,1,1,00,1*65
$GQGSV,1,1,00,8*6C
$GNGGA,113353.104,,,,,0,00,99.99,,M,,M,,*4B
$GNRMC,113353.104,V,,,,,,,200726,,,N,V*2B
$GNGLL,,,,,113353.104,V,N*67
$GNVTG,,T,,M,,N,,K,N*32
$GNGGA,113353.204,,,,,0,00,99.99,,M,,M,,*48
$GNRMC,113353.204,V,,,,,,,200726,,,N,V*28
$GNGLL,,,,,113353.204,V,N*64
$GNVTG,,T,,M,,N,,K,N*32
$GNGGA,113353.304,,,,,0,00,99.99,,M,,M,,*49
$GNRMC,113353.304,V,,,,,,,200726,,,N,V*29
$GNGLL,,,,,113353.304,V,N*65
$GNVTG,,T,,M,,N,,K,N*32
$GNGGA,113353.404,,,,,0,00,99.99,,M,,M,,*4E
$GNRMC,113353.404,V,,,,,,,200726,,,N,V*2E
$GNGLL,,,,,113353.404,V,N*62
$GNVTG,,T,,M,,N,,K,N*32
$GNGGA,113353.504,,,,,0,00,99.99,,M,,M,,*4F
$GNRMC,113353.504,V,,,,,,,200726,,,N,V*2F
$GNGLL,,,,,113353.504,V,N*63
$GNVTG,,T,,M,,N,,K,N*32
$GNGGA,113353.604,,,,,0,00,99.99,,M,,M,,*4C
$GNRMC,113353.604,V,,,,,,,200726,,,N,V*2C
$GNGLL,,,,,113353.604,V,N*60
$GNVTG,,T,,M,,N,,K,N*32
$GNGGA,113353.704,,,,,0,00,99.99,,M,,M,,*4D
$GNRMC,113353.704,V,,,,,,,200726,,,N,V*2D
$GNGLL,,,,,113353.704,V,N*61
$GNVTG,,T,,M,,N,,K,N*32
$GNGGA,113353.804,,,,,0,00,99.99,,M,,M,,*42
$GNRMC,113353.804,V,,,,,,,200726,,,N,V*22
$GNGLL,,,,,113353.804,V,N*6E
$GNVTG,,T,,M,,N,,K,N*32
$GNGGA,113353.904,,,,,0,00,99.99,,M,,M,,*43
$GNRMC,113353.904,V,,,,,,,200726,,,N,V*23
$GNGLL,,,,,113353.904,V,N*6F
$GNVTG,,T,,M,,N,,K,N*32
$GNGGA,113354.004,,,,,0,00,99.99,,M,,M,,*4D
$GNRMC,113354.004,V,,,,,,,200726,,,N,V*2D
$GNGLL,,,,,113354.004,V,N*61
$GNVTG,,T,,M,,N,,K,N*32
$GNGSA,A,1,,,,,,,,,,,,,99.99,99.99,99.99,1*33
$GNGSA,A,1,,,,,,,,,,,,,99.99,99.99,99.99,2*30
$GNGSA,A,1,,,,,,,,,,,,,99.99,99.99,99.99,3*31
$GNGSA,A,1,,,,,,,,,,,,,99.99,99.99,99.99,4*36
$GNGSA,A,1,,,,,,,,,,,,,99.99,99.99,99.99,5*37
$GPGSV,2,1,05,02,,,26,16,,,34,26,,,36,28,,,25,1*68
$GPGSV,2,2,05,31,,,34,1*64
$GPGSV,1,1,00,8*6D
$GLGSV,1,1,03,68,,,39,78,,,39,79,,,37,1*70
$GAGSV,1,1,00,7*73
$GAGSV,1,1,00,1*75
$GBGSV,2,1,05,07,,,37,10,,,38,12,,,35,23,,,34,1*7A
$GBGSV,2,2,05,32,,,40,1*76
$GBGSV,1,1,00,5*72
$GQGSV,1,1,00,1*65
$GQGSV,1,1,00,8*6C
$GNGGA,113354.104,,,,,0,00,99.99,,M,,M,,*4C
$GNRMC,113354.104,V,,,,,,,200726,,,N,V*2C
$GNGLL,,,,,113354.104,V,N*60
$GNVTG,,T,,M,,N,,K,N*32
$GNGGA,113354.204,,,,,0,00,99.99,,M,,M,,*4F
$GNRMC,113354.204,V,,,,,,,200726,,,N,V*2F
$GNGLL,,,,,113354.204,V,N*63
$GNVTG,,T,,M,,N,,K,N*32
$GNGGA,113354.304,,,,,0,00,99.99,,M,,M,,*4E
$GNRMC,113354.304,V,,,,,,,200726,,,N,V*2E
$GNGLL,,,,,113354.304,V,N*62
$GNVTG,,T,,M,,N,,K,N*32
$GNGGA,113354.404,,,,,0,00,99.99,,M,,M,,*49
$GNRMC,113354.404,V,,,,,,,200726,,,N,V*29
$GNGLL,,,,,113354.404,V,N*65
$GNVTG,,T,,M,,N,,K,N*32
$GNGGA,113354.504,,,,,0,00,99.99,,M,,M,,*48
$GNRMC,113354.504,V,,,,,,,200726,,,N,V*28
$GNGLL,,,,,113354.504,V,N*64
$GNVTG,,T,,M,,N,,K,N*32
$GNGGA,113354.604,,,,,0,00,99.99,,M,,M,,*4B
$GNRMC,113354.604,V,,,,,,,200726,,,N,V*2B
$GNGLL,,,,,113354.604,V,N*67
$GNVTG,,T,,M,,N,,K,N*32
$GNGGA,113354.704,,,,,0,00,99.99,,M,,M,,*4A
$GNRMC,113354.704,V,,,,,,,200726,,,N,V*2A
$GNGLL,,,,,113354.704,V,N*66
$GNVTG,,T,,M,,N,,K,N*32
$GNGGA,113354.804,,,,,0,00,99.99,,M,,M,,*45
$GNRMC,113354.804,V,,,,,,,200726,,,N,V*25
$GNGLL,,,,,113354.804,V,N*69
$GNVTG,,T,,M,,N,,K,N*32
$GNGGA,113354.904,,,,,0,00,99.99,,M,,M,,*44
$GNRMC,113354.904,V,,,,,,,200726,,,N,V*24
$GNGLL,,,,,113354.904,V,N*68
$GNVTG,,T,,M,,N,,K,N*32
$GNGGA,113355.004,,,,,0,00,99.99,,M,,M,,*4C
$GNRMC,113355.004,V,,,,,,,200726,,,N,V*2C
$GNGLL,,,,,113355.004,V,N*60
$GNVTG,,T,,M,,N,,K,N*32
$GNGSA,A,1,,,,,,,,,,,,,99.99,99.99,99.99,1*33
$GNGSA,A,1,,,,,,,,,,,,,99.99,99.99,99.99,2*30
$GNGSA,A,1,,,,,,,,,,,,,99.99,99.99,99.99,3*31
$GNGSA,A,1,,,,,,,,,,,,,99.99,99.99,99.99,4*36
$GNGSA,A,1,,,,,,,,,,,,,99.99,99.99,99.99,5*37
$GPGSV,2,1,05,02,,,26,16,,,33,26,,,34,28,,,24,1*6C
$GPGSV,2,2,05,31,,,36,1*66
$GPGSV,1,1,00,8*6D
$GLGSV,1,1,03,68,,,40,78,,,39,79,,,37,1*7E
$GAGSV,1,1,00,7*73
$GAGSV,1,1,00,1*75
$GBGSV,2,1,05,07,,,38,10,,,38,12,,,35,23,,,35,1*74
$GBGSV,2,2,05,32,,,39,1*78
$GBGSV,1,1,00,5*72
$GQGSV,1,1,00,1*65
$GQGSV,1,1,00,8*6C
$GNGGA,113355.104,,,,,0,00,99.99,,M,,M,,*4D
$GNRMC,113355.104,V,,,,,,,200726,,,N,V*2D
$GNGLL,,,,,113355.104,V,N*61
$GNVTG,,T,,M,,N,,K,N*32
$GNGGA,113355.204,,,,,0,00,99.99,,M,,M,,*4E
$GNRMC,113355.204,V,,,,,,,200726,,,N,V*2E
$GNGLL,,,,,113355.204,V,N*62
$GNVTG,,T,,M,,N,,K,N*32
$GNGGA,113355.304,,,,,0,00,99.99,,M,,M,,*4F
$GNRMC,113355.304,V,,,,,,,200726,,,N,V*2F
$GNGLL,,,,,113355.304,V,N*63
$GNVTG,,T,,M,,N,,K,N*32
$GNGGA,113355.404,,,,,0,00,99.99,,M,,M,,*48
$GNRMC,113355.404,V,,,,,,,200726,,,N,V*28
$GNGLL,,,,,113355.404,V,N*64
$GNVTG,,T,,M,,N,,K,N*32
$GNGGA,113355.504,,,,,0,00,99.99,,M,,M,,*49
$GNRMC,113355.504,V,,,,,,,200726,,,N,V*29
$GNGLL,,,,,113355.504,V,N*65
$GNVTG,,T,,M,,N,,K,N*32
$GNGGA,113355.604,,,,,0,00,99.99,,M,,M,,*4A
$GNRMC,113355.604,V,,,,,,,200726,,,N,V*2A
$GNGLL,,,,,113355.604,V,N*66
$GNVTG,,T,,M,,N,,K,N*32
$GNGGA,113355.704,,,,,0,00,99.99,,M,,M,,*4B
$GNRMC,113355.704,V,,,,,,,200726,,,N,V*2B
$GNGLL,,,,,113355.704,V,N*67
$GNVTG,,T,,M,,N,,K,N*32
$GNGGA,113355.804,,,,,0,00,99.99,,M,,M,,*44
$GNRMC,113355.804,V,,,,,,,200726,,,N,V*24
$GNGLL,,,,,113355.804,V,N*68
$GNVTG,,T,,M,,N,,K,N*32
$GNGGA,113355.904,,,,,0,00,99.99,,M,,M,,*45
$GNRMC,113355.904,V,,,,,,,200726,,,N,V*25
$GNGLL,,,,,113355.904,V,N*69
$GNVTG,,T,,M,,N,,K,N*32
$GNGGA,113356.004,,,,,0,00,99.99,,M,,M,,*4F
$GNRMC,113356.004,V,,,,,,,200726,,,N,V*2F
$GNGLL,,,,,113356.004,V,N*63
$GNVTG,,T,,M,,N,,K,N*32
$GNGSA,A,1,,,,,,,,,,,,,99.99,99.99,99.99,1*33
$GNGSA,A,1,,,,,,,,,,,,,99.99,99.99,99.99,2*30
$GNGSA,A,1,,,,,,,,,,,,,99.99,99.99,99.99,3*31
$GNGSA,A,1,,,,,,,,,,,,,99.99,99.99,99.99,4*36
$GNGSA,A,1,,,,,,,,,,,,,99.99,99.99,99.99,5*37
$GPGSV,2,1,08,02,,,25,03,,,29,04,,,32,09,,,36,1*6B
$GPGSV,2,2,08,16,,,33,26,,,35,28,,,25,31,,,36,1*63
$GPGSV,1,1,00,8*6D
$GLGSV,1,1,03,68,,,40,78,,,36,79,,,37,1*71
$GAGSV,1,1,00,7*73
$GAGSV,1,1,00,1*75
$GBGSV,2,1,05,07,,,39,10,,,38,12,,,35,23,,,33,1*73
$GBGSV,2,2,05,32,,,39,1*78
$GBGSV,1,1,00,5*72
$GQGSV,1,1,00,1*65
$GQGSV,1,1,00,8*6C
$GNGGA,113356.104,,,,,0,00,99.99,,M,,M,,*4E
$GNRMC,113356.104,V,,,,,,,200726,,,N,V*2E
$GNGLL,,,,,113356.104,V,N*62
$GNVTG,,T,,M,,N,,K,N*32
$GNGGA,113356.204,,,,,0,00,99.99,,M,,M,,*4D
$GNRMC,113356.204,V,,,,,,,200726,,,N,V*2D
$GNGLL,,,,,113356.204,V,N*61
$GNVTG,,T,,M,,N,,K,N*32
$GNGGA,113356.304,,,,,0,00,99.99,,M,,M,,*4C
$GNRMC,113356.304,V,,,,,,,200726,,,N,V*2C
$GNGLL,,,,,113356.304,V,N*60
$GNVTG,,T,,M,,N,,K,N*32
$GNGGA,113356.404,,,,,0,00,99.99,,M,,M,,*4B
$GNRMC,113356.404,V,,,,,,,200726,,,N,V*2B
$GNGLL,,,,,113356.404,V,N*67
$GNVTG,,T,,M,,N,,K,N*32
$GNGGA,113356.504,,,,,0,00,99.99,,M,,M,,*4A
$GNRMC,113356.504,V,,,,,,,200726,,,N,V*2A
$GNGLL,,,,,113356.504,V,N*66
$GNVTG,,T,,M,,N,,K,N*32
$GNGGA,113356.604,,,,,0,00,99.99,,M,,M,,*49
$GNRMC,113356.604,V,,,,,,,200726,,,N,V*29
$GNGLL,,,,,113356.604,V,N*65
$GNVTG,,T,,M,,N,,K,N*32
$GNGGA,113356.704,,,,,0,00,99.99,,M,,M,,*48
$GNRMC,113356.704,V,,,,,,,200726,,,N,V*28
$GNGLL,,,,,113356.704,V,N*64
$GNVTG,,T,,M,,N,,K,N*32
$GNGGA,113356.804,,,,,0,00,99.99,,M,,M,,*47
$GNRMC,113356.804,V,,,,,,,200726,,,N,V*27
$GNGLL,,,,,113356.804,V,N*6B
$GNVTG,,T,,M,,N,,K,N*32
$GNGGA,113356.904,,,,,0,00,99.99,,M,,M,,*46
$GNRMC,113356.904,V,,,,,,,200726,,,N,V*26
$GNGLL,,,,,113356.904,V,N*6A
$GNVTG,,T,,M,,N,,K,N*32
$GNGGA,113357.004,,,,,0,00,99.99,,M,,M,,*4E
$GNRMC,113357.004,V,,,,,,,200726,,,N,V*2E
$GNGLL,,,,,113357.004,V,N*62
$GNVTG,,T,,M,,N,,K,N*32
$GNGSA,A,1,,,,,,,,,,,,,99.99,99.99,99.99,1*33
$GNGSA,A,1,,,,,,,,,,,,,99.99,99.99,99.99,2*30
$GNGSA,A,1,,,,,,,,,,,,,99.99,99.99,99.99,3*31
$GNGSA,A,1,,,,,,,,,,,,,99.99,99.99,99.99,4*36
$GNGSA,A,1,,,,,,,,,,,,,99.99,99.99,99.99,5*37
$GPGSV,2,1,08,02,,,25,03,,,30,04,,,32,09,,,37,1*62
$GPGSV,2,2,08,16,,,34,26,,,36,28,,,21,31,,,33,1*66
$GPGSV,1,1,00,8*6D
$GLGSV,1,1,03,68,,,39,78,,,38,79,,,38,1*7E
$GAGSV,1,1,00,7*73
$GAGSV,1,1,00,1*75
$GBGSV,2,1,05,07,,,38,10,,,38,12,,,34,23,,,34,1*74
$GBGSV,2,2,05,32,,,40,1*76
$GBGSV,1,1,00,5*72
$GQGSV,1,1,00,1*65
$GQGSV,1,1,00,8*6C
$GNGGA,113357.104,,,,,0,00,99.99,,M,,M,,*4F
$GNRMC,113357.104,V,,,,,,,200726,,,N,V*2F
$GNGLL,,,,,113357.104,V,N*63
$GNVTG,,T,,M,,N,,K,N*32
$GNGGA,113357.204,,,,,0,00,99.99,,M,,M,,*4C
$GNRMC,113357.204,V,,,,,,,200726,,,N,V*2C
$GNGLL,,,,,113357.204,V,N*60
$GNVTG,,T,,M,,N,,K,N*32
$GNGGA,113357.304,,,,,0,00,99.99,,M,,M,,*4D
$GNRMC,113357.304,V,,,,,,,200726,,,N,V*2D
$GNGLL,,,,,113357.304,V,N*61
$GNVTG,,T,,M,,N,,K,N*32
$GNGGA,113357.404,,,,,0,00,99.99,,M,,M,,*4A
$GNRMC,113357.404,V,,,,,,,200726,,,N,V*2A
$GNGLL,,,,,113357.404,V,N*66
$GNVTG,,T,,M,,N,,K,N*32
$GNGGA,113357.504,,,,,0,00,99.99,,M,,M,,*4B
$GNRMC,113357.504,V,,,,,,,200726,,,N,V*2B
$GNGLL,,,,,113357.504,V,N*67
$GNVTG,,T,,M,,N,,K,N*32
$GNGGA,113357.604,,,,,0,00,99.99,,M,,M,,*48
$GNRMC,113357.604,V,,,,,,,200726,,,N,V*28
$GNGLL,,,,,113357.604,V,N*64
$GNVTG,,T,,M,,N,,K,N*32
$GNGGA,113357.704,,,,,0,00,99.99,,M,,M,,*49
$GNRMC,113357.704,V,,,,,,,200726,,,N,V*29
$GNGLL,,,,,113357.704,V,N*65
$GNVTG,,T,,M,,N,,K,N*32
$GNGGA,113357.804,,,,,0,00,99.99,,M,,M,,*46
$GNRMC,113357.804,V,,,,,,,200726,,,N,V*26
$GNGLL,,,,,113357.804,V,N*6A
$GNVTG,,T,,M,,N,,K,N*32
$GNGGA,113357.904,,,,,0,00,99.99,,M,,M,,*47
$GNRMC,113357.904,V,,,,,,,200726,,,N,V*27
$GNGLL,,,,,113357.904,V,N*6B
$GNVTG,,T,,M,,N,,K,N*32
$GNGGA,113358.004,,,,,0,00,99.99,,M,,M,,*41
$GNRMC,113358.004,V,,,,,,,200726,,,N,V*21
$GNGLL,,,,,113358.004,V,N*6D
$GNVTG,,T,,M,,N,,K,N*32
$GNGSA,A,1,,,,,,,,,,,,,99.99,99.99,99.99,1*33
$GNGSA,A,1,,,,,,,,,,,,,99.99,99.99,99.99,2*30
$GNGSA,A,1,,,,,,,,,,,,,99.99,99.99,99.99,3*31
$GNGSA,A,1,,,,,,,,,,,,,99.99,99.99,99.99,4*36
$GNGSA,A,1,,,,,,,,,,,,,99.99,99.99,99.99,5*37
$GPGSV,2,1,08,02,,,24,03,,,29,04,,,33,09,,,36,1*6B
$GPGSV,2,2,08,16,,,35,26,,,33,28,,,27,31,,,37,1*60
$GPGSV,1,1,00,8*6D
$GLGSV,1,1,03,68,,,41,78,,,38,79,,,37,1*7E
$GAGSV,1,1,00,7*73
$GAGSV,1,1,00,1*75
$GBGSV,2,1,05,07,,,38,10,,,38,12,,,34,23,,,34,1*74
$GBGSV,2,2,05,32,,,39,1*78
$GBGSV,1,1,00,5*72
$GQGSV,1,1,00,1*65
$GQGSV,1,1,00,8*6C
$GNGGA,113358.104,,,,,0,00,99.99,,M,,M,,*40
$GNRMC,113358.104,V,,,,,,,200726,,,N,V*20
$GNGLL,,,,,113358.104,V,N*6C
$GNVTG,,T,,M,,N,,K,N*32
$GNGGA,113358.204,,,,,0,00,99.99,,M,,M,,*43
$GNRMC,113358.204,V,,,,,,,200726,,,N,V*23
$GNGLL,,,,,113358.204,V,N*6F
$GNVTG,,T,,M,,N,,K,N*32
$GNGGA,113358.304,,,,,0,00,99.99,,M,,M,,*42
$GNRMC,113358.304,V,,,,,,,200726,,,N,V*22
$GNGLL,,,,,113358.304,V,N*6E
$GNVTG,,T,,M,,N,,K,N*32
$GNGGA,113358.404,,,,,0,00,99.99,,M,,M,,*45
$GNRMC,113358.404,V,,,,,,,200726,,,N,V*25
$GNGLL,,,,,113358.404,V,N*69
$GNVTG,,T,,M,,N,,K,N*32
$GNGGA,113358.504,,,,,0,00,99.99,,M,,M,,*44
$GNRMC,113358.504,V,,,,,,,200726,,,N,V*24
$GNGLL,,,,,113358.504,V,N*68
$GNVTG,,T,,M,,N,,K,N*32
$GNGGA,113358.604,,,,,0,00,99.99,,M,,M,,*47
$GNRMC,113358.604,V,,,,,,,200726,,,N,V*27
$GNGLL,,,,,113358.604,V,N*6B
$GNVTG,,T,,M,,N,,K,N*32
$GNGGA,113358.704,,,,,0,00,99.99,,M,,M,,*46
$GNRMC,113358.704,V,,,,,,,200726,,,N,V*26
$GNGLL,,,,,113358.704,V,N*6A
$GNVTG,,T,,M,,N,,K,N*32
$GNGGA,113358.804,,,,,0,00,99.99,,M,,M,,*49
$GNRMC,113358.804,V,,,,,,,200726,,,N,V*29
$GNGLL,,,,,113358.804,V,N*65
$GNVTG,,T,,M,,N,,K,N*32
$GNGGA,113358.904,,,,,0,00,99.99,,M,,M,,*48
$GNRMC,113358.904,V,,,,,,,200726,,,N,V*28
$GNGLL,,,,,113358.904,V,N*64
$GNVTG,,T,,M,,N,,K,N*32
$GNGGA,113359.004,,,,,0,00,99.99,,M,,M,,*40
$GNRMC,113359.004,V,,,,,,,200726,,,N,V*20
$GNGLL,,,,,113359.004,V,N*6C
$GNVTG,,T,,M,,N,,K,N*32
$GNGSA,A,1,,,,,,,,,,,,,99.99,99.99,99.99,1*33
$GNGSA,A,1,,,,,,,,,,,,,99.99,99.99,99.99,2*30
$GNGSA,A,1,,,,,,,,,,,,,99.99,99.99,99.99,3*31
$GNGSA,A,1,,,,,,,,,,,,,99.99,99.99,99.99,4*36
$GNGSA,A,1,,,,,,,,,,,,,99.99,99.99,99.99,5*37
$GPGSV,2,1,08,02,,,25,03,,,29,04,,,32,09,,,36,1*6B
$GPGSV,2,2,08,16,,,35,26,,,34,28,,,31,31,,,37,1*60
$GPGSV,1,1,00,8*6D
$GLGSV,1,1,03,68,,,40,78,,,39,79,,,38,1*71
$GAGSV,1,1,00,7*73
$GAGSV,1,1,00,1*75
$GBGSV,2,1,05,07,,,37,10,,,38,12,,,35,23,,,34,1*7A
$GBGSV,2,2,05,32,,,37,1*76
$GBGSV,1,1,00,5*72
$GQGSV,1,1,00,1*65
$GQGSV,1,1,00,8*6C
$GNGGA,113359.104,,,,,0,00,99.99,,M,,M,,*41
$GNRMC,113359.104,V,,,,,,,200726,,,N,V*21
$GNGLL,,,,,113359.104,V,N*6D
$GNVTG,,T,,M,,N,,K,N*32
$GNGGA,113359.204,,,,,0,00,99.99,,M,,M,,*42
$GNRMC,113359.204,V,,,,,,,200726,,,N,V*22
$GNGLL,,,,,113359.204,V,N*6E
$GNVTG,,T,,M,,N,,K,N*32
$GNGGA,113359.304,,,,,0,00,99.99,,M,,M,,*43
$GNRMC,113359.304,V,,,,,,,200726,,,N,V*23
$GNGLL,,,,,113359.304,V,N*6F
$GNVTG,,T,,M,,N,,K,N*32
$GNGGA,113359.404,,,,,0,00,99.99,,M,,M,,*44
$GNRMC,113359.404,V,,,,,,,200726,,,N,V*24
$GNGLL,,,,,113359.404,V,N*68
$GNVTG,,T,,M,,N,,K,N*32
$GNGGA,113359.504,,,,,0,00,99.99,,M,,M,,*45
$GNRMC,113359.504,V,,,,,,,200726,,,N,V*25
$GNGLL,,,,,113359.504,V,N*69
$GNVTG,,T,,M,,N,,K,N*32
$GNGGA,113359.604,,,,,0,00,99.99,,M,,M,,*46
$GNRMC,113359.604,V,,,,,,,200726,,,N,V*26
$GNGLL,,,,,113359.604,V,N*6A
$GNVTG,,T,,M,,N,,K,N*32
$GNGGA,113359.704,,,,,0,00,99.99,,M,,M,,*47
$GNRMC,113359.704,V,,,,,,,200726,,,N,V*27
$GNGLL,,,,,113359.704,V,N*6B
$GNVTG,,T,,M,,N,,K,N*32
$GNGGA,113359.804,,,,,0,00,99.99,,M,,M,,*48
$GNRMC,113359.804,V,,,,,,,200726,,,N,V*28
$GNGLL,,,,,113359.804,V,N*64
$GNVTG,,T,,M,,N,,K,N*32
$GNGGA,113359.904,,,,,0,00,99.99,,M,,M,,*49
$GNRMC,113359.904,V,,,,,,,200726,,,N,V*29
$GNGLL,,,,,113359.904,V,N*65
$GNVTG,,T,,M,,N,,K,N*32
$GNGGA,113400.004,,,,,0,00,99.99,,M,,M,,*4B
$GNRMC,113400.004,V,,,,,,,200726,,,N,V*2B
$GNGLL,,,,,113400.004,V,N*67
$GNVTG,,T,,M,,N,,K,N*32
$GNGSA,A,1,,,,,,,,,,,,,99.99,99.99,99.99,1*33
$GNGSA,A,1,,,,,,,,,,,,,99.99,99.99,99.99,2*30
$GNGSA,A,1,,,,,,,,,,,,,99.99,99.99,99.99,3*31
$GNGSA,A,1,,,,,,,,,,,,,99.99,99.99,99.99,4*36
$GNGSA,A,1,,,,,,,,,,,,,99.99,99.99,99.99,5*37
$GPGSV,2,1,08,02,,,25,03,,,30,04,,,33,09,,,36,1*62
$GPGSV,2,2,08,16,,,35,26,,,32,28,,,28,31,,,32,1*6B
$GPGSV,1,1,00,8*6D
$GLGSV,1,1,03,68,,,39,78,,,39,79,,,38,1*7F
$GAGSV,1,1,00,7*73
$GAGSV,1,1,00,1*75
$GBGSV,2,1,05,07,,,38,10,,,38,12,,,35,23,,,35,1*74
$GBGSV,2,2,05,32,,,39,1*78
$GBGSV,1,1,00,5*72
$GQGSV,1,1,00,1*65
$GQGSV,1,1,00,8*6C
$GNGGA,113400.104,,,,,0,00,99.99,,M,,M,,*4A
$GNRMC,113400.104,V,,,,,,,200726,,,N,V*2A
$GNGLL,,,,,113400.104,V,N*66
$GNVTG,,T,,M,,N,,K,N*32
$GNGGA,113400.204,,,,,0,00,99.99,,M,,M,,*49
$GNRMC,113400.204,V,,,,,,,200726,,,N,V*29
$GNGLL,,,,,113400.204,V,N*65
$GNVTG,,T,,M,,N,,K,N*32
$GNGGA,113400.304,,,,,0,00,99.99,,M,,M,,*48
$GNRMC,113400.304,V,,,,,,,200726,,,N,V*28
$GNGLL,,,,,113400.304,V,N*64
$GNVTG,,T,,M,,N,,K,N*32
$GNGGA,113400.404,,,,,0,00,99.99,,M,,M,,*4F
$GNRMC,113400.404,V,,,,,,,200726,,,N,V*2F
$GNGLL,,,,,113400.404,V,N*63
$GNVTG,,T,,M,,N,,K,N*32
$GNGGA,113400.504,,,,,0,00,99.99,,M,,M,,*4E
$GNRMC,113400.504,V,,,,,,,200726,,,N,V*2E
$GNGLL,,,,,113400.504,V,N*62
$GNVTG,,T,,M,,N,,K,N*32
$GNGGA,113400.604,,,,,0,00,99.99,,M,,M,,*4D
$GNRMC,113400.604,V,,,,,,,200726,,,N,V*2D
$GNGLL,,,,,113400.604,V,N*61
$GNVTG,,T,,M,,N,,K,N*32
$GNGGA,113400.704,,,,,0,00,99.99,,M,,M,,*4C
$GNRMC,113400.704,V,,,,,,,200726,,,N,V*2C
$GNGLL,,,,,113400.704,V,N*60
$GNVTG,,T,,M,,N,,K,N*32
$GNGGA,113400.804,,,,,0,00,99.99,,M,,M,,*43
$GNRMC,113400.804,V,,,,,,,200726,,,N,V*23
$GNGLL,,,,,113400.804,V,N*6F
$GNVTG,,T,,M,,N,,K,N*32
$GNGGA,113400.904,,,,,0,00,99.99,,M,,M,,*42
$GNRMC,113400.904,V,,,,,,,200726,,,N,V*22
$GNGLL,,,,,113400.904,V,N*6E
$GNVTG,,T,,M,,N,,K,N*32
$GNGGA,113401.004,,,,,0,00,99.99,,M,,M,,*4A
$GNRMC,113401.004,V,,,,,,,200726,,,N,V*2A
$GNGLL,,,,,113401.004,V,N*66
$GNVTG,,T,,M,,N,,K,N*32
$GNGSA,A,1,,,,,,,,,,,,,99.99,99.99,99.99,1*33
$GNGSA,A,1,,,,,,,,,,,,,99.99,99.99,99.99,2*30
$GNGSA,A,1,,,,,,,,,,,,,99.99,99.99,99.99,3*31
$GNGSA,A,1,,,,,,,,,,,,,99.99,99.99,99.99,4*36
$GNGSA,A,1,,,,,,,,,,,,,99.99,99.99,99.99,5*37
$GPGSV,2,1,08,02,,,24,03,,,29,04,,,32,09,,,36,1*6A
$GPGSV,2,2,08,16,,,35,26,,,31,28,,,28,31,,,37,1*6D
$GPGSV,1,1,00,8*6D
$GLGSV,1,1,03,68,,,40,78,,,38,79,,,37,1*7F
$GAGSV,1,1,00,7*73
$GAGSV,1,1,00,1*75
$GBGSV,2,1,05,07,,,38,10,,,39,12,,,34,23,,,31,1*70
$GBGSV,2,2,05,32,,,39,1*78
$GBGSV,1,1,00,5*72
$GQGSV,1,1,00,1*65
$GQGSV,1,1,00,8*6C
$GNGGA,113401.125,,,,,0,00,99.99,,M,,M,,*48
$GNRMC,113401.125,V,,,,,,,200726,,,N,V*28
$GNGLL,,,,,113401.125,V,N*64
$GNVTG,,T,,M,,N,,K,N*32
$GNGGA,113401.225,,,,,0,00,99.99,,M,,M,,*4B
$GNRMC,113401.225,V,,,,,,,200726,,,N,V*2B
$GNGLL,,,,,113401.225,V,N*67
$GNVTG,,T,,M,,N,,K,N*32
$GNGGA,113401.325,,,,,0,00,99.99,,M,,M,,*4A
$GNRMC,113401.325,V,,,,,,,200726,,,N,V*2A
$GNGLL,,,,,113401.325,V,N*66
$GNVTG,,T,,M,,N,,K,N*32
$GNGGA,113401.425,,,,,0,00,99.99,,M,,M,,*4D
$GNRMC,113401.425,V,,,,,,,200726,,,N,V*2D
$GNGLL,,,,,113401.425,V,N*61
$GNVTG,,T,,M,,N,,K,N*32
$GNGGA,113401.525,,,,,0,00,99.99,,M,,M,,*4C
$GNRMC,113401.525,V,,,,,,,200726,,,N,V*2C
$GNGLL,,,,,113401.525,V,N*60
$GNVTG,,T,,M,,N,,K,N*32
$GNGGA,113401.625,,,,,0,00,99.99,,M,,M,,*4F
$GNRMC,113401.625,V,,,,,,,200726,,,N,V*2F
$GNGLL,,,,,113401.625,V,N*63
$GNVTG,,T,,M,,N,,K,N*32
$GNGGA,113401.725,,,,,0,00,99.99,,M,,M,,*4E
$GNRMC,113401.725,V,,,,,,,200726,,,N,V*2E
$GNGLL,,,,,113401.725,V,N*62
$GNVTG,,T,,M,,N,,K,N*32
$GNGGA,113401.825,,,,,0,00,99.99,,M,,M,,*41
$GNRMC,113401.825,V,,,,,,,200726,,,N,V*21
$GNGLL,,,,,113401.825,V,N*6D
$GNVTG,,T,,M,,N,,K,N*32
$GNGGA,113401.925,,,,,0,00,99.99,,M,,M,,*40
$GNRMC,113401.925,V,,,,,,,200726,,,N,V*20
$GNGLL,,,,,113401.925,V,N*6C
$GNVTG,,T,,M,,N,,K,N*32
$GNGGA,113402.025,,,,,0,00,99.99,,M,,M,,*4A
$GNRMC,113402.025,V,,,,,,,200726,,,N,V*2A
$GNGLL,,,,,113402.025,V,N*66
$GNVTG,,T,,M,,N,,K,N*32
$GNGSA,A,1,,,,,,,,,,,,,99.99,99.99,99.99,1*33
$GNGSA,A,1,,,,,,,,,,,,,99.99,99.99,99.99,2*30
$GNGSA,A,1,,,,,,,,,,,,,99.99,99.99,99.99,3*31
$GNGSA,A,1,,,,,,,,,,,,,99.99,99.99,99.99,4*36
$GNGSA,A,1,,,,,,,,,,,,,99.99,99.99,99.99,5*37
$GPGSV,2,1,08,02,,,28,03,,,30,04,,,34,09,,,36,1*68
$GPGSV,2,2,08,16,,,34,26,,,35,28,,,29,31,,,35,1*6B
$GPGSV,1,1,00,8*6D
$GLGSV,1,1,03,68,,,39,78,,,38,79,,,38,1*7E
$GAGSV,1,1,00,7*73
$GAGSV,1,1,00,1*75
$GBGSV,2,1,05,07,,,36,10,,,38,12,,,34,23,,,33,1*7D
$GBGSV,2,2,05,32,,,39,1*78
$GBGSV,1,1,00,5*72
$GQGSV,1,1,00,1*65
$GQGSV,1,1,00,8*6C
$GNGGA,113402.131,,,,,0,00,99.99,,M,,M,,*4E
$GNRMC,113402.131,V,,,,,,,200726,,,N,V*2E
$GNGLL,,,,,113402.131,V,N*62
$GNVTG,,T,,M,,N,,K,N*32
$GNGGA,113402.231,,,,,0,00,99.99,,M,,M,,*4D
$GNRMC,113402.231,V,,,,,,,200726,,,N,V*2D
$GNGLL,,,,,113402.231,V,N*61
$GNVTG,,T,,M,,N,,K,N*32
$GNGGA,113402.331,,,,,0,00,99.99,,M,,M,,*4C
$GNRMC,113402.331,V,,,,,,,200726,,,N,V*2C
$GNGLL,,,,,113402.331,V,N*60
$GNVTG,,T,,M,,N,,K,N*32
$GNGGA,113402.431,,,,,0,00,99.99,,M,,M,,*4B
$GNRMC,113402.431,V,,,,,,,200726,,,N,V*2B
$GNGLL,,,,,113402.431,V,N*67
$GNVTG,,T,,M,,N,,K,N*32
$GNGGA,113402.531,,,,,0,00,99.99,,M,,M,,*4A
$GNRMC,113402.531,V,,,,,,,200726,,,N,V*2A
$GNGLL,,,,,113402.531,V,N*66
$GNVTG,,T,,M,,N,,K,N*32
$GNGGA,113402.631,,,,,0,00,99.99,,M,,M,,*49
$GNRMC,113402.631,V,,,,,,,200726,,,N,V*29
$GNGLL,,,,,113402.631,V,N*65
$GNVTG,,T,,M,,N,,K,N*32
$GNGGA,113402.700,2520.064746,N,05128.161413,E,1,11,2.11,15.639,M,-19.317,M,,*66
$GNRMC,113402.700,A,2520.064746,N,05128.161413,E,0.225,000.00,200726,,,A,V*30
$GNGLL,2520.064746,N,05128.161413,E,113402.700,A,A*49
$GNVTG,000.00,T,,M,0.225,N,0.417,K,A*24
$GNGGA,113402.800,2520.064860,N,05128.161412,E,1,11,2.11,15.611,M,-19.317,M,,*69
$GNRMC,113402.800,A,2520.064860,N,05128.161412,E,0.225,234.60,200726,,,A,V*36
$GNGLL,2520.064860,N,05128.161412,E,113402.800,A,A*4C
$GNVTG,234.60,T,,M,0.225,N,0.417,K,A*27
$GNGGA,113402.900,2520.064839,N,05128.161405,E,1,11,2.11,15.639,M,-19.317,M,,*68
$GNRMC,113402.900,A,2520.064839,N,05128.161405,E,0.081,234.60,200726,,,A,V*31
$GNGLL,2520.064839,N,05128.161405,E,113402.900,A,A*47
$GNVTG,234.60,T,,M,0.081,N,0.150,K,A*2D
$GNGGA,113403.000,2520.064821,N,05128.161393,E,1,11,2.11,15.618,M,-19.317,M,,*62
$GNRMC,113403.000,A,2520.064821,N,05128.161393,E,0.107,234.60,200726,,,A,V*37
$GNGLL,2520.064821,N,05128.161393,E,113403.000,A,A*4E
$GNVTG,234.60,T,,M,0.107,N,0.197,K,A*29
$GNGSA,A,3,16,26,31,,,,,,,,,,5.22,2.11,4.77,1*03
$GNGSA,A,3,68,78,79,,,,,,,,,,5.22,2.11,4.77,2*0E
$GNGSA,A,3,,,,,,,,,,,,,5.22,2.11,4.77,3*00
$GNGSA,A,3,07,10,12,23,32,,,,,,,,5.22,2.11,4.77,4*02
$GNGSA,A,3,,,,,,,,,,,,,5.22,2.11,4.77,5*06
$GPGSV,2,1,08,02,,,27,03,,,30,04,,,33,09,,,35,1*63
$GPGSV,2,2,08,16,20,135,34,26,31,103,37,28,,,29,31,46,043,36,1*5A
$GPGSV,1,1,00,8*6D
$GLGSV,1,1,03,68,36,020,38,78,41,075,39,79,35,146,38,1*4B
$GAGSV,1,1,00,7*73
$GAGSV,1,1,00,1*75
$GBGSV,2,1,05,07,34,043,37,10,43,049,39,12,30,312,35,23,27,054,36,1*74
$GBGSV,2,2,05,32,40,055,39,1*4C
$GBGSV,1,1,00,5*72
$GQGSV,1,1,00,1*65
$GQGSV,1,1,00,8*6C
$GNGGA,113403.100,2520.064817,N,05128.161396,E,1,11,2.11,14.227,M,-17.861,M,,*6E
$GNRMC,113403.100,A,2520.064817,N,05128.161396,E,0.103,234.60,200726,,,A,V*32
$GNGLL,2520.064817,N,05128.161396,E,113403.100,A,A*4F
$GNVTG,234.60,T,,M,0.103,N,0.190,K,A*2A
$GNGGA,113403.200,2520.064830,N,05128.161390,E,1,11,2.11,14.313,M,-17.861,M,,*68
$GNRMC,113403.200,A,2520.064830,N,05128.161390,E,0.102,234.60,200726,,,A,V*33
$GNGLL,2520.064830,N,05128.161390,E,113403.200,A,A*4F
$GNVTG,234.60,T,,M,0.102,N,0.188,K,A*22
$GNGGA,113403.300,2520.064895,N,05128.161396,E,1,11,2.11,14.343,M,-17.861,M,,*65
$GNRMC,113403.300,A,2520.064895,N,05128.161396,E,0.082,234.60,200726,,,A,V*32
$GNGLL,2520.064895,N,05128.161396,E,113403.300,A,A*47
$GNVTG,234.60,T,,M,0.082,N,0.152,K,A*2C
$GNGGA,113403.400,2520.064901,N,05128.161401,E,1,11,2.11,14.427,M,-17.861,M,,*62
$GNRMC,113403.400,A,2520.064901,N,05128.161401,E,0.075,234.60,200726,,,A,V*38
$GNGLL,2520.064901,N,05128.161401,E,113403.400,A,A*45
$GNVTG,234.60,T,,M,0.075,N,0.139,K,A*29
$GNGGA,113403.500,2520.064866,N,05128.161400,E,1,11,2.11,14.509,M,-17.861,M,,*6F
$GNRMC,113403.500,A,2520.064866,N,05128.161400,E,0.031,234.60,200726,,,A,V*38
$GNGLL,2520.064866,N,05128.161400,E,113403.500,A,A*45
$GNVTG,234.60,T,,M,0.031,N,0.057,K,A*20
$GNGGA,113403.600,2520.064843,N,05128.161398,E,1,11,2.11,14.589,M,-17.861,M,,*65
$GNRMC,113403.600,A,2520.064843,N,05128.161398,E,0.035,234.60,200726,,,A,V*3E
$GNGLL,2520.064843,N,05128.161398,E,113403.600,A,A*47
$GNVTG,234.60,T,,M,0.035,N,0.066,K,A*26
$GNGGA,113403.700,2520.064819,N,05128.161401,E,1,11,2.11,14.659,M,-17.861,M,,*62
$GNRMC,113403.700,A,2520.064819,N,05128.161401,E,0.026,234.60,200726,,,A,V*35
$GNGLL,2520.064819,N,05128.161401,E,113403.700,A,A*4E
$GNVTG,234.60,T,,M,0.026,N,0.049,K,A*29
$GNGGA,113403.800,2520.064800,N,05128.161401,E,1,11,2.11,14.745,M,-17.861,M,,*69
$GNRMC,113403.800,A,2520.064800,N,05128.161401,E,0.067,234.60,200726,,,A,V*37
$GNGLL,2520.064800,N,05128.161401,E,113403.800,A,A*49
$GNVTG,234.60,T,,M,0.067,N,0.123,K,A*21
$GNGGA,113403.900,2520.064793,N,05128.161399,E,1,11,2.11,14.800,M,-17.861,M,,*65
$GNRMC,113403.900,A,2520.064793,N,05128.161399,E,0.108,234.60,200726,,,A,V*3D
$GNGLL,2520.064793,N,05128.161399,E,113403.900,A,A*4B
$GNVTG,234.60,T,,M,0.108,N,0.200,K,A*2B
$GNGGA,113404.000,2520.064795,N,05128.161401,E,1,11,2.11,14.826,M,-17.861,M,,*6F
$GNRMC,113404.000,A,2520.064795,N,05128.161401,E,0.128,234.60,200726,,,A,V*31
$GNGLL,2520.064795,N,05128.161401,E,113404.000,A,A*45
$GNVTG,234.60,T,,M,0.128,N,0.237,K,A*2D
$GNGSA,A,3,16,26,31,,,,,,,,,,5.22,2.11,4.77,1*03
$GNGSA,A,3,68,78,79,,,,,,,,,,5.22,2.11,4.77,2*0E
$GNGSA,A,3,,,,,,,,,,,,,5.22,2.11,4.77,3*00
$GNGSA,A,3,07,10,12,23,32,,,,,,,,5.22,2.11,4.77,4*02
$GNGSA,A,3,,,,,,,,,,,,,5.22,2.11,4.77,5*06
$GPGSV,2,1,08,02,,,28,03,,,30,04,,,34,09,,,36,1*68
$GPGSV,2,2,08,16,20,135,34,26,31,103,37,28,,,29,31,46,043,36,1*5A
$GPGSV,1,1,00,8*6D
$GLGSV,1,1,03,68,36,020,40,78,41,075,39,79,35,146,38,1*44
$GAGSV,1,1,00,7*73
$GAGSV,1,1,00,1*75
$GBGSV,2,1,05,07,34,043,37,10,43,049,39,12,30,312,35,23,27,054,36,1*74
$GBGSV,2,2,05,32,40,055,39,1*4C
$GBGSV,1,1,00,5*72
$GQGSV,1,1,00,1*65
$GQGSV,1,1,00,8*6C
$GNGGA,113404.100,2520.064790,N,05128.161404,E,1,11,2.11,14.858,M,-17.831,M,,*62
$GNRMC,113404.100,A,2520.064790,N,05128.161404,E,0.138,234.60,200726,,,A,V*31
$GNGLL,2520.064790,N,05128.161404,E,113404.100,A,A*44
$GNVTG,234.60,T,,M,0.138,N,0.255,K,A*28
$GNGGA,113404.200,2520.064779,N,05128.161412,E,1,11,2.11,14.946,M,-17.831,M,,*6F
$GNRMC,113404.200,A,2520.064779,N,05128.161412,E,0.033,234.60,200726,,,A,V*38
$GNGLL,2520.064779,N,05128.161412,E,113404.200,A,A*47
$GNVTG,234.60,T,,M,0.033,N,0.062,K,A*24
$GNGGA,113404.300,2520.064775,N,05128.161422,E,1,11,2.11,15.012,M,-17.831,M,,*68
$GNRMC,113404.300,A,2520.064775,N,05128.161422,E,0.029,234.60,200726,,,A,V*3D
$GNGLL,2520.064775,N,05128.161422,E,113404.300,A,A*49
$GNVTG,234.60,T,,M,0.029,N,0.054,K,A*2A
$GNGGA,113404.400,2520.064763,N,05128.161435,E,1,11,2.11,15.073,M,-17.831,M,,*69
$GNRMC,113404.400,A,2520.064763,N,05128.161435,E,0.039,234.60,200726,,,A,V*3A
$GNGLL,2520.064763,N,05128.161435,E,113404.400,A,A*4F
$GNVTG,234.60,T,,M,0.039,N,0.073,K,A*2E
$GNGGA,113404.500,2520.064749,N,05128.161441,E,1,11,2.11,15.164,M,-17.831,M,,*64
$GNRMC,113404.500,A,2520.064749,N,05128.161441,E,0.018,234.60,200726,,,A,V*33
$GNGLL,2520.064749,N,05128.161441,E,113404.500,A,A*45
$GNVTG,234.60,T,,M,0.018,N,0.033,K,A*29
$GNGGA,113404.600,2520.064728,N,05128.161441,E,1,11,2.11,15.270,M,-17.831,M,,*66
$GNRMC,113404.600,A,2520.064728,N,05128.161441,E,0.011,234.60,200726,,,A,V*3E
$GNGLL,2520.064728,N,05128.161441,E,113404.600,A,A*41
$GNVTG,234.60,T,,M,0.011,N,0.021,K,A*23
$GNGGA,113404.700,2520.064721,N,05128.161438,E,1,11,2.11,15.314,M,-17.831,M,,*63
$GNRMC,113404.700,A,2520.064721,N,05128.161438,E,0.092,234.60,200726,,,A,V*33
$GNGLL,2520.064721,N,05128.161438,E,113404.700,A,A*47
$GNVTG,234.60,T,,M,0.092,N,0.170,K,A*2D
$GNGGA,113404.800,2520.064712,N,05128.161446,E,1,11,2.11,15.329,M,-17.831,M,,*6B
$GNRMC,113404.800,A,2520.064712,N,05128.161446,E,0.097,234.60,200726,,,A,V*30
$GNGLL,2520.064712,N,05128.161446,E,113404.800,A,A*41
$GNVTG,234.60,T,,M,0.097,N,0.179,K,A*21
$GNGGA,113404.900,2520.064717,N,05128.161452,E,1,11,2.11,15.338,M,-17.831,M,,*6A
$GNRMC,113404.900,A,2520.064717,N,05128.161452,E,0.112,234.60,200726,,,A,V*3D
$GNGLL,2520.064717,N,05128.161452,E,113404.900,A,A*40
$GNVTG,234.60,T,,M,0.112,N,0.208,K,A*28
$GNGGA,113405.000,2520.064722,N,05128.161457,E,1,11,2.11,15.348,M,-17.831,M,,*66
$GNRMC,113405.000,A,2520.064722,N,05128.161457,E,0.061,234.60,200726,,,A,V*33
$GNGLL,2520.064722,N,05128.161457,E,113405.000,A,A*4B
$GNVTG,234.60,T,,M,0.061,N,0.113,K,A*24
$GNGSA,A,3,16,26,31,,,,,,,,,,5.22,2.11,4.77,1*03
$GNGSA,A,3,68,78,79,,,,,,,,,,5.22,2.11,4.77,2*0E
$GNGSA,A,3,,,,,,,,,,,,,5.22,2.11,4.77,3*00
$GNGSA,A,3,07,10,12,23,32,,,,,,,,5.22,2.11,4.77,4*02
$GNGSA,A,3,,,,,,,,,,,,,5.22,2.11,4.77,5*06
$GPGSV,2,1,08,02,,,28,03,,,31,04,,,33,09,,,36,1*6E
$GPGSV,2,2,08,16,20,135,34,26,31,103,34,28,,,29,31,46,043,35,1*5A
$GPGSV,1,1,00,8*6D
$GLGSV,1,1,03,68,36,020,40,78,41,075,37,79,35,146,37,1*45
$GAGSV,1,1,00,7*73
$GAGSV,1,1,00,1*75
$GBGSV,2,1,05,07,34,043,37,10,43,049,39,12,30,312,35,23,27,054,33,1*71
$GBGSV,2,2,05,32,40,055,39,1*4C
$GBGSV,1,1,00,5*72
$GQGSV,1,1,00,1*65
$GQGSV,1,1,00,8*6C
$GNGGA,113405.100,2520.064730,N,05128.161457,E,1,11,2.11,15.325,M,-17.794,M,,*6F
$GNRMC,113405.100,A,2520.064730,N,05128.161457,E,0.057,234.60,200726,,,A,V*34
$GNGLL,2520.064730,N,05128.161457,E,113405.100,A,A*49
$GNVTG,234.60,T,,M,0.057,N,0.106,K,A*25
$GNGGA,113405.200,2520.064735,N,05128.161457,E,1,11,2.11,15.340,M,-17.794,M,,*6A
$GNRMC,113405.200,A,2520.064735,N,05128.161457,E,0.043,234.60,200726,,,A,V*37
$GNGLL,2520.064735,N,05128.161457,E,113405.200,A,A*4F
$GNVTG,234.60,T,,M,0.043,N,0.079,K,A*29
$GNGGA,113405.300,2520.064734,N,05128.161454,E,1,11,2.11,15.345,M,-17.794,M,,*6C
$GNRMC,113405.300,A,2520.064734,N,05128.161454,E,0.046,234.60,200726,,,A,V*31
$GNGLL,2520.064734,N,05128.161454,E,113405.300,A,A*4C
$GNVTG,234.60,T,,M,0.046,N,0.085,K,A*2F
$GNGGA,113405.400,2520.064738,N,05128.161452,E,1,11,2.11,15.361,M,-17.794,M,,*67
$GNRMC,113405.400,A,2520.064738,N,05128.161452,E,0.037,234.60,200726,,,A,V*3A
$GNGLL,2520.064738,N,05128.161452,E,113405.400,A,A*41
$GNVTG,234.60,T,,M,0.037,N,0.068,K,A*2A
$GNGGA,113405.500,2520.064738,N,05128.161447,E,1,11,2.11,15.372,M,-17.794,M,,*60
$GNRMC,113405.500,A,2520.064738,N,05128.161447,E,0.025,234.60,200726,,,A,V*3C
$GNGLL,2520.064738,N,05128.161447,E,113405.500,A,A*44
$GNVTG,234.60,T,,M,0.025,N,0.046,K,A*25
$GNGGA,113405.600,2520.064739,N,05128.161443,E,1,11,2.11,15.396,M,-17.794,M,,*6C
$GNRMC,113405.600,A,2520.064739,N,05128.161443,E,0.021,234.60,200726,,,A,V*3E
$GNGLL,2520.064739,N,05128.161443,E,113405.600,A,A*42
$GNVTG,234.60,T,,M,0.021,N,0.039,K,A*29
$GNGGA,113405.700,2520.064740,N,05128.161440,E,1,11,2.11,15.403,M,-17.794,M,,*6B
$GNRMC,113405.700,A,2520.064740,N,05128.161440,E,0.004,234.60,200726,,,A,V*35
$GNGLL,2520.064740,N,05128.161440,E,113405.700,A,A*4E
$GNVTG,234.60,T,,M,0.004,N,0.007,K,A*23
$GNGGA,113405.800,2520.064749,N,05128.161439,E,1,11,2.11,15.417,M,-17.794,M,,*66
$GNRMC,113405.800,A,2520.064749,N,05128.161439,E,0.064,234.60,200726,,,A,V*3B
$GNGLL,2520.064749,N,05128.161439,E,113405.800,A,A*46
$GNVTG,234.60,T,,M,0.064,N,0.118,K,A*2A
$GNGGA,113405.900,2520.064758,N,05128.161435,E,1,11,2.11,15.430,M,-17.794,M,,*6E
$GNRMC,113405.900,A,2520.064758,N,05128.161435,E,0.038,234.60,200726,,,A,V*3F
$GNGLL,2520.064758,N,05128.161435,E,113405.900,A,A*4B
$GNVTG,234.60,T,,M,0.038,N,0.070,K,A*2C
$GNGGA,113406.000,2520.064763,N,05128.161429,E,1,11,2.11,15.434,M,-17.794,M,,*65
$GNRMC,113406.000,A,2520.064763,N,05128.161429,E,0.042,234.60,200726,,,A,V*3D
$GNGLL,2520.064763,N,05128.161429,E,113406.000,A,A*44
$GNVTG,234.60,T,,M,0.042,N,0.078,K,A*29
$GNGSA,A,3,16,26,31,,,,,,,,,,5.22,2.11,4.77,1*03
$GNGSA,A,3,68,78,79,,,,,,,,,,5.22,2.11,4.77,2*0E
$GNGSA,A,3,,,,,,,,,,,,,5.22,2.11,4.77,3*00
$GNGSA,A,3,07,10,12,23,32,,,,,,,,5.22,2.11,4.77,4*02
$GNGSA,A,3,,,,,,,,,,,,,5.22,2.11,4.77,5*06
$GPGSV,2,1,08,02,,,25,03,,,29,04,,,33,09,,,35,1*69
$GPGSV,2,2,08,16,20,135,33,26,31,103,29,28,,,30,31,46,043,35,1*59
$GPGSV,1,1,00,8*6D
$GLGSV,1,1,03,68,36,020,40,78,41,075,37,79,35,146,36,1*44
$GAGSV,1,1,00,7*73
$GAGSV,1,1,00,1*75
$GBGSV,2,1,05,07,34,043,39,10,43,049,37,12,30,312,34,23,27,054,35,1*76
$GBGSV,2,2,05,32,40,055,38,1*4D
$GBGSV,1,1,00,5*72
$GQGSV,1,1,00,1*65
$GQGSV,1,1,00,8*6C
$GNGGA,113406.100,2520.064774,N,05128.161425,E,1,11,2.11,15.405,M,-17.758,M,,*6C
$GNRMC,113406.100,A,2520.064774,N,05128.161425,E,0.069,234.60,200726,,,A,V*3F
$GNGLL,2520.064774,N,05128.161425,E,113406.100,A,A*4F
$GNVTG,234.60,T,,M,0.069,N,0.129,K,A*25
$GNGGA,113406.200,2520.064779,N,05128.161425,E,1,11,2.11,15.414,M,-17.758,M,,*62
$GNRMC,113406.200,A,2520.064779,N,05128.161425,E,0.065,234.60,200726,,,A,V*3D
$GNGLL,2520.064779,N,05128.161425,E,113406.200,A,A*41
$GNVTG,234.60,T,,M,0.065,N,0.121,K,A*21
$GNGGA,113406.300,2520.064788,N,05128.161423,E,1,11,2.11,15.411,M,-17.758,M,,*6E
$GNRMC,113406.300,A,2520.064788,N,05128.161423,E,0.083,234.60,200726,,,A,V*3C
$GNGLL,2520.064788,N,05128.161423,E,113406.300,A,A*48
$GNVTG,234.60,T,,M,0.083,N,0.153,K,A*2C
$GNGGA,113406.400,2520.064796,N,05128.161425,E,1,11,2.11,15.420,M,-17.758,M,,*62
$GNRMC,113406.400,A,2520.064796,N,05128.161425,E,0.090,234.60,200726,,,A,V*30
$GNGLL,2520.064796,N,05128.161425,E,113406.400,A,A*46
$GNVTG,234.60,T,,M,0.090,N,0.167,K,A*29
$GNGGA,113406.500,2520.064806,N,05128.161426,E,1,11,2.11,15.427,M,-17.758,M,,*61
$GNRMC,113406.500,A,2520.064806,N,05128.161426,E,0.100,234.60,200726,,,A,V*3C
$GNGLL,2520.064806,N,05128.161426,E,113406.500,A,A*42
$GNVTG,234.60,T,,M,0.100,N,0.185,K,A*2D
$GNGGA,113406.600,2520.064814,N,05128.161428,E,1,11,2.11,15.430,M,-17.758,M,,*69
$GNRMC,113406.600,A,2520.064814,N,05128.161428,E,0.099,234.60,200726,,,A,V*33
$GNGLL,2520.064814,N,05128.161428,E,113406.600,A,A*4C
$GNVTG,234.60,T,,M,0.099,N,0.183,K,A*2A
$GNGGA,113406.700,2520.064817,N,05128.161427,E,1,11,2.11,15.448,M,-17.758,M,,*6B
$GNRMC,113406.700,A,2520.064817,N,05128.161427,E,0.076,234.60,200726,,,A,V*3F
$GNGLL,2520.064817,N,05128.161427,E,113406.700,A,A*41
$GNVTG,234.60,T,,M,0.076,N,0.141,K,A*25
$GNGGA,113406.800,2520.064825,N,05128.161427,E,1,11,2.11,15.450,M,-17.758,M,,*6C
$GNRMC,113406.800,A,2520.064825,N,05128.161427,E,0.081,234.60,200726,,,A,V*39
$GNGLL,2520.064825,N,05128.161427,E,113406.800,A,A*4F
$GNVTG,234.60,T,,M,0.081,N,0.151,K,A*2C
$GNGGA,113406.900,2520.064832,N,05128.161426,E,1,11,2.11,15.449,M,-17.758,M,,*62
$GNRMC,113406.900,A,2520.064832,N,05128.161426,E,0.055,234.60,200726,,,A,V*36
$GNGLL,2520.064832,N,05128.161426,E,113406.900,A,A*49
$GNVTG,234.60,T,,M,0.055,N,0.102,K,A*23
$GNGGA,113407.000,2520.064832,N,05128.161429,E,1,11,2.11,15.476,M,-17.758,M,,*69
$GNRMC,113407.000,A,2520.064832,N,05128.161429,E,0.021,234.60,200726,,,A,V*32
$GNGLL,2520.064832,N,05128.161429,E,113407.000,A,A*4E
$GNVTG,234.60,T,,M,0.021,N,0.039,K,A*29
$GNGSA,A,3,16,26,31,,,,,,,,,,5.22,2.11,4.77,1*03
$GNGSA,A,3,68,78,79,,,,,,,,,,5.22,2.11,4.77,2*0E
$GNGSA,A,3,,,,,,,,,,,,,5.22,2.11,4.77,3*00
$GNGSA,A,3,07,10,12,23,32,,,,,,,,5.22,2.11,4.77,4*02
$GNGSA,A,3,,,,,,,,,,,,,5.22,2.11,4.77,5*06
$GPGSV,2,1,08,02,,,27,03,,,29,04,,,33,09,,,35,1*6B
$GPGSV,2,2,08,16,20,135,33,26,31,103,30,28,,,29,31,46,043,34,1*58
$GPGSV,1,1,00,8*6D
$GLGSV,1,1,03,68,36,020,40,78,41,075,37,79,35,146,37,1*45
$GAGSV,1,1,00,7*73
$GAGSV,1,1,00,1*75
$GBGSV,2,1,05,07,34,043,39,10,43,049,37,12,30,312,35,23,27,054,33,1*71
$GBGSV,2,2,05,32,40,055,39,1*4C
$GBGSV,1,1,00,5*72
$GQGSV,1,1,00,1*65
$GQGSV,1,1,00,8*6C
$GNGGA,113407.100,2520.064841,N,05128.161426,E,1,11,2.11,15.448,M,-17.721,M,,*60
$GNRMC,113407.100,A,2520.064841,N,05128.161426,E,0.020,234.60,200726,,,A,V*39
$GNGLL,2520.064841,N,05128.161426,E,113407.100,A,A*44
$GNVTG,234.60,T,,M,0.020,N,0.038,K,A*29
$GNGGA,113407.200,2520.064845,N,05128.161429,E,1,11,2.11,15.475,M,-17.721,M,,*66
$GNRMC,113407.200,A,2520.064845,N,05128.161429,E,0.022,234.60,200726,,,A,V*33
$GNGLL,2520.064845,N,05128.161429,E,113407.200,A,A*4C
$GNVTG,234.60,T,,M,0.022,N,0.040,K,A*24
$GNGGA,113407.300,2520.064852,N,05128.161431,E,1,11,2.11,15.488,M,-17.721,M,,*6A
$GNRMC,113407.300,A,2520.064852,N,05128.161431,E,0.030,234.60,200726,,,A,V*3E
$GNGLL,2520.064852,N,05128.161431,E,113407.300,A,A*42
$GNVTG,234.60,T,,M,0.030,N,0.055,K,A*23
$GNGGA,113407.400,2520.064855,N,05128.161431,E,1,11,2.11,15.509,M,-17.721,M,,*62
$GNRMC,113407.400,A,2520.064855,N,05128.161431,E,0.027,234.60,200726,,,A,V*38
$GNGLL,2520.064855,N,05128.161431,E,113407.400,A,A*42
$GNVTG,234.60,T,,M,0.027,N,0.049,K,A*28
$GNGGA,113407.500,2520.064858,N,05128.161434,E,1,11,2.11,15.521,M,-17.721,M,,*61
$GNRMC,113407.500,A,2520.064858,N,05128.161434,E,0.024,234.60,200726,,,A,V*32
$GNGLL,2520.064858,N,05128.161434,E,113407.500,A,A*4B
$GNVTG,234.60,T,,M,0.024,N,0.045,K,A*27
$GNGGA,113407.600,2520.064865,N,05128.161438,E,1,11,2.11,15.537,M,-17.721,M,,*67
$GNRMC,113407.600,A,2520.064865,N,05128.161438,E,0.037,234.60,200726,,,A,V*31
$GNGLL,2520.064865,N,05128.161438,E,113407.600,A,A*4A
$GNVTG,234.60,T,,M,0.037,N,0.068,K,A*2A
$GNGGA,113407.700,2520.064865,N,05128.161438,E,1,11,2.11,15.533,M,-17.721,M,,*62
$GNRMC,113407.700,A,2520.064865,N,05128.161438,E,0.007,234.60,200726,,,A,V*33
$GNGLL,2520.064865,N,05128.161438,E,113407.700,A,A*4B
$GNVTG,234.60,T,,M,0.007,N,0.012,K,A*24
$GNGGA,113407.800,2520.064865,N,05128.161438,E,1,11,2.11,15.533,M,-17.721,M,,*6D
$GNRMC,113407.800,A,2520.064865,N,05128.161438,E,0.003,234.60,200726,,,A,V*38
$GNGLL,2520.064865,N,05128.161438,E,113407.800,A,A*44
$GNVTG,234.60,T,,M,0.003,N,0.006,K,A*25
$GNGGA,113407.900,2520.064865,N,05128.161438,E,1,11,2.11,15.534,M,-17.721,M,,*6B
$GNRMC,113407.900,A,2520.064865,N,05128.161438,E,0.001,234.60,200726,,,A,V*3B
$GNGLL,2520.064865,N,05128.161438,E,113407.900,A,A*45
$GNVTG,234.60,T,,M,0.001,N,0.003,K,A*22
$GNGGA,113408.000,2520.064865,N,05128.161438,E,1,11,2.11,15.534,M,-17.721,M,,*6D
$GNRMC,113408.000,A,2520.064865,N,05128.161438,E,0.003,234.60,200726,,,A,V*3F
$GNGLL,2520.064865,N,05128.161438,E,113408.000,A,A*43
$GNVTG,234.60,T,,M,0.003,N,0.006,K,A*25
$GNGSA,A,3,16,26,31,,,,,,,,,,5.22,2.11,4.77,1*03
$GNGSA,A,3,68,78,79,,,,,,,,,,5.22,2.11,4.77,2*0E
$GNGSA,A,3,,,,,,,,,,,,,5.22,2.11,4.77,3*00
$GNGSA,A,3,07,10,12,23,32,,,,,,,,5.22,2.11,4.77,4*02
$GNGSA,A,3,,,,,,,,,,,,,5.22,2.11,4.77,5*06
$GPGSV,2,1,08,02,,,27,03,,,30,04,,,33,09,,,35,1*63
$GPGSV,2,2,08,16,20,135,34,26,31,103,30,28,,,29,31,46,043,35,1*5E
$GPGSV,1,1,00,8*6D
$GLGSV,1,1,04,68,36,020,40,78,41,075,39,79,35,146,36,82,,,30,1*44
$GAGSV,1,1,00,7*73
$GAGSV,1,1,00,1*75
$GBGSV,2,1,05,07,34,043,39,10,43,049,37,12,30,312,35,23,27,054,34,1*76
$GBGSV,2,2,05,32,40,055,38,1*4D
$GBGSV,1,1,00,5*72
$GQGSV,1,1,00,1*65
$GQGSV,1,1,00,8*6C
$GNGGA,113408.100,2520.064866,N,05128.161438,E,1,11,2.11,15.498,M,-17.685,M,,*67
$GNRMC,113408.100,A,2520.064866,N,05128.161438,E,0.000,234.60,200726,,,A,V*3E
$GNGLL,2520.064866,N,05128.161438,E,113408.100,A,A*41
$GNVTG,234.60,T,,M,0.000,N,0.000,K,A*20
$GNGGA,113408.200,2520.064866,N,05128.161438,E,1,11,2.11,15.498,M,-17.685,M,,*64
$GNRMC,113408.200,A,2520.064866,N,05128.161438,E,0.001,234.60,200726,,,A,V*3C
$GNGLL,2520.064866,N,05128.161438,E,113408.200,A,A*42
$GNVTG,234.60,T,,M,0.001,N,0.002,K,A*23
$GNGGA,113408.300,2520.064866,N,05128.161438,E,1,11,2.11,15.498,M,-17.685,M,,*65
$GNRMC,113408.300,A,2520.064866,N,05128.161438,E,0.002,234.60,200726,,,A,V*3E
$GNGLL,2520.064866,N,05128.161438,E,113408.300,A,A*43
$GNVTG,234.60,T,,M,0.002,N,0.003,K,A*21
$GNGGA,113408.400,2520.064866,N,05128.161438,E,1,11,2.11,15.498,M,-17.685,M,,*62
$GNRMC,113408.400,A,2520.064866,N,05128.161438,E,0.004,234.60,200726,,,A,V*3F
$GNGLL,2520.064866,N,05128.161438,E,113408.400,A,A*44
$GNVTG,234.60,T,,M,0.004,N,0.007,K,A*23
$GNGGA,113408.500,2520.064866,N,05128.161438,E,1,11,2.11,15.498,M,-17.685,M,,*63
$GNRMC,113408.500,A,2520.064866,N,05128.161438,E,0.003,234.60,200726,,,A,V*39
$GNGLL,2520.064866,N,05128.161438,E,113408.500,A,A*45
$GNVTG,234.60,T,,M,0.003,N,0.005,K,A*26
$GNGGA,113408.600,2520.064866,N,05128.161438,E,1,11,2.11,15.498,M,-17.685,M,,*60
$GNRMC,113408.600,A,2520.064866,N,05128.161438,E,0.003,234.60,200726,,,A,V*3A
$GNGLL,2520.064866,N,05128.161438,E,113408.600,A,A*46
$GNVTG,234.60,T,,M,0.003,N,0.005,K,A*26
$GNGGA,113408.700,2520.064866,N,05128.161438,E,1,11,2.11,15.498,M,-17.685,M,,*61
$GNRMC,113408.700,A,2520.064866,N,05128.161438,E,0.002,234.60,200726,,,A,V*3A
$GNGLL,2520.064866,N,05128.161438,E,113408.700,A,A*47
$GNVTG,234.60,T,,M,0.002,N,0.004,K,A*26
$GNGGA,113408.800,2520.064866,N,05128.161438,E,1,11,2.11,15.498,M,-17.685,M,,*6E
$GNRMC,113408.800,A,2520.064866,N,05128.161438,E,0.002,234.60,200726,,,A,V*35
$GNGLL,2520.064866,N,05128.161438,E,113408.800,A,A*48
$GNVTG,234.60,T,,M,0.002,N,0.004,K,A*26
$GNGGA,113408.900,2520.064866,N,05128.161438,E,1,11,2.11,15.498,M,-17.685,M,,*6F
$GNRMC,113408.900,A,2520.064866,N,05128.161438,E,0.001,234.60,200726,,,A,V*37
$GNGLL,2520.064866,N,05128.161438,E,113408.900,A,A*49
$GNVTG,234.60,T,,M,0.001,N,0.003,K,A*22
$GNGGA,113409.000,2520.064866,N,05128.161438,E,1,11,2.11,15.498,M,-17.685,M,,*67
$GNRMC,113409.000,A,2520.064866,N,05128.161438,E,0.002,234.60,200726,,,A,V*3C
$GNGLL,2520.064866,N,05128.161438,E,113409.000,A,A*41
$GNVTG,234.60,T,,M,0.002,N,0.003,K,A*21
$GNGSA,A,3,16,26,31,,,,,,,,,,5.21,2.11,4.77,1*00
$GNGSA,A,3,68,78,79,,,,,,,,,,5.21,2.11,4.77,2*0D
$GNGSA,A,3,,,,,,,,,,,,,5.21,2.11,4.77,3*03
$GNGSA,A,3,07,10,12,23,32,,,,,,,,5.21,2.11,4.77,4*01
$GNGSA,A,3,,,,,,,,,,,,,5.21,2.11,4.77,5*05
$GPGSV,2,1,08,02,,,26,03,,,30,04,,,32,09,,,35,1*63
$GPGSV,2,2,08,16,20,135,33,26,31,103,30,28,,,29,31,46,043,34,1*58
$GPGSV,1,1,00,8*6D
$GLGSV,1,1,04,68,36,020,39,78,41,075,38,79,35,146,37,82,,,30,1*4A
$GAGSV,1,1,00,7*73
$GAGSV,1,1,00,1*75
$GBGSV,2,1,05,07,34,043,38,10,43,049,37,12,30,312,35,23,27,054,34,1*77
$GBGSV,2,2,05,32,40,055,38,1*4D
$GBGSV,1,1,00,5*72
$GQGSV,1,1,00,1*65
$GQGSV,1,1,00,8*6C
$GNGGA,113409.100,2520.064866,N,05128.161438,E,1,11,2.11,15.461,M,-17.648,M,,*61
$GNRMC,113409.100,A,2520.064866,N,05128.161438,E,0.002,234.60,200726,,,A,V*3D
$GNGLL,2520.064866,N,05128.161438,E,113409.100,A,A*40
$GNVTG,234.60,T,,M,0.002,N,0.003,K,A*21
$GNGGA,113409.200,2520.064866,N,05128.161438,E,1,11,2.11,15.461,M,-17.648,M,,*62
$GNRMC,113409.200,A,2520.064866,N,05128.161438,E,0.001,234.60,200726,,,A,V*3D
$GNGLL,2520.064866,N,05128.161438,E,113409.200,A,A*43
$GNVTG,234.60,T,,M,0.001,N,0.001,K,A*20
$GNGGA,113409.300,2520.064866,N,05128.161438,E,1,11,2.11,15.461,M,-17.648,M,,*63
$GNRMC,113409.300,A,2520.064866,N,05128.161438,E,0.002,234.60,200726,,,A,V*3F
$GNGLL,2520.064866,N,05128.161438,E,113409.300,A,A*42
$GNVTG,234.60,T,,M,0.002,N,0.004,K,A*26
$GNGGA,113409.400,2520.064866,N,05128.161438,E,1,11,2.11,15.461,M,-17.648,M,,*64
$GNRMC,113409.400,A,2520.064866,N,05128.161438,E,0.004,234.60,200726,,,A,V*3E
$GNGLL,2520.064866,N,05128.161438,E,113409.400,A,A*45
$GNVTG,234.60,T,,M,0.004,N,0.007,K,A*23
$GNGGA,113409.500,2520.064866,N,05128.161438,E,1,11,2.11,15.461,M,-17.648,M,,*65
$GNRMC,113409.500,A,2520.064866,N,05128.161438,E,0.001,234.60,200726,,,A,V*3A
$GNGLL,2520.064866,N,05128.161438,E,113409.500,A,A*44
$GNVTG,234.60,T,,M,0.001,N,0.002,K,A*23
$GNGGA,113409.600,2520.064866,N,05128.161438,E,1,11,2.11,15.461,M,-17.648,M,,*66
$GNRMC,113409.600,A,2520.064866,N,05128.161438,E,0.003,234.60,200726,,,A,V*3B
$GNGLL,2520.064866,N,05128.161438,E,113409.600,A,A*47
$GNVTG,234.60,T,,M,0.003,N,0.006,K,A*25
$GNGGA,113409.700,2520.064866,N,05128.161438,E,1,11,2.11,15.461,M,-17.648,M,,*67
$GNRMC,113409.700,A,2520.064866,N,05128.161438,E,0.007,234.60,200726,,,A,V*3E
$GNGLL,2520.064866,N,05128.161438,E,113409.700,A,A*46
$GNVTG,234.60,T,,M,0.007,N,0.013,K,A*25
$GNGGA,113409.800,2520.064866,N,05128.161438,E,1,11,2.11,15.461,M,-17.648,M,,*68
$GNRMC,113409.800,A,2520.064866,N,05128.161438,E,0.004,234.60,200726,,,A,V*32
$GNGLL,2520.064866,N,05128.161438,E,113409.800,A,A*49
$GNVTG,234.60,T,,M,0.004,N,0.008,K,A*2C
$GNGGA,113409.900,2520.064866,N,05128.161438,E,1,12,2.11,15.461,M,-17.648,M,,*6A
$GNRMC,113409.900,A,2520.064866,N,05128.161438,E,0.002,234.60,200726,,,A,V*35
$GNGLL,2520.064866,N,05128.161438,E,113409.900,A,A*48
$GNVTG,234.60,T,,M,0.002,N,0.004,K,A*26
$GNGGA,113410.000,2520.064866,N,05128.161438,E,1,12,2.11,15.461,M,-17.648,M,,*6B
$GNRMC,113410.000,A,2520.064866,N,05128.161438,E,0.000,234.60,200726,,,A,V*36
$GNGLL,2520.064866,N,05128.161438,E,113410.000,A,A*49
$GNVTG,234.60,T,,M,0.000,N,0.000,K,A*20
$GNGSA,A,3,16,26,31,,,,,,,,,,5.21,2.11,4.77,1*00
$GNGSA,A,3,68,78,79,82,,,,,,,,,5.21,2.11,4.77,2*07
$GNGSA,A,3,,,,,,,,,,,,,5.21,2.11,4.77,3*03
$GNGSA,A,3,07,10,12,23,32,,,,,,,,5.21,2.11,4.77,4*01
$GNGSA,A,3,,,,,,,,,,,,,5.21,2.11,4.77,5*05
$GPGSV,2,1,08,02,,,25,03,,,30,04,,,33,09,,,35,1*61
$GPGSV,2,2,08,16,20,135,33,26,31,103,30,28,,,29,31,46,043,35,1*59
$GPGSV,1,1,00,8*6D
$GLGSV,1,1,04,68,36,020,40,78,41,075,38,79,35,146,37,82,08,185,30,1*70
$GAGSV,1,1,00,7*73
$GAGSV,1,1,00,1*75
$GBGSV,2,1,05,07,34,043,38,10,43,049,38,12,30,312,35,23,27,054,34,1*78
$GBGSV,2,2,05,32,40,055,38,1*4D
$GBGSV,1,1,00,5*72
$GQGSV,1,1,00,1*65
$GQGSV,1,1,00,8*6C
$GNGGA,113410.100,2520.064866,N,05128.161438,E,1,12,2.11,15.425,M,-17.612,M,,*65
$GNRMC,113410.100,A,2520.064866,N,05128.161438,E,0.001,234.60,200726,,,A,V*36
$GNGLL,2520.064866,N,05128.161438,E,113410.100,A,A*48
$GNVTG,234.60,T,,M,0.001,N,0.001,K,A*20
$GNGGA,113410.200,2520.064866,N,05128.161438,E,1,12,2.11,15.425,M,-17.612,M,,*66
$GNRMC,113410.200,A,2520.064866,N,05128.161438,E,0.002,234.60,200726,,,A,V*36
$GNGLL,2520.064866,N,05128.161438,E,113410.200,A,A*4B
$GNVTG,234.60,T,,M,0.002,N,0.004,K,A*26
$GNGGA,113410.300,2520.064866,N,05128.161438,E,1,12,2.11,15.425,M,-17.612,M,,*67
$GNRMC,113410.300,A,2520.064866,N,05128.161438,E,0.001,234.60,200726,,,A,V*34
$GNGLL,2520.064866,N,05128.161438,E,113410.300,A,A*4A
$GNVTG,234.60,T,,M,0.001,N,0.002,K,A*23
$GNGGA,113410.400,2520.064866,N,05128.161438,E,1,12,2.11,15.425,M,-17.612,M,,*60
$GNRMC,113410.400,A,2520.064866,N,05128.161438,E,0.001,234.60,200726,,,A,V*33
$GNGLL,2520.064866,N,05128.161438,E,113410.400,A,A*4D
$GNVTG,234.60,T,,M,0.001,N,0.001,K,A*20
$GNGGA,113410.500,2520.064866,N,05128.161438,E,1,12,2.11,15.425,M,-17.612,M,,*61
$GNRMC,113410.500,A,2520.064866,N,05128.161438,E,0.002,234.60,200726,,,A,V*31
$GNGLL,2520.064866,N,05128.161438,E,113410.500,A,A*4C
$GNVTG,234.60,T,,M,0.002,N,0.004,K,A*26
$GNGGA,113410.600,2520.064866,N,05128.161438,E,1,12,2.11,15.425,M,-17.612,M,,*62
$GNRMC,113410.600,A,2520.064866,N,05128.161438,E,0.001,234.60,200726,,,A,V*31
$GNGLL,2520.064866,N,05128.161438,E,113410.600,A,A*4F
$GNVTG,234.60,T,,M,0.001,N,0.003,K,A*22
$GNGGA,113410.700,2520.064866,N,05128.161438,E,1,12,2.11,15.425,M,-17.612,M,,*63
$GNRMC,113410.700,A,2520.064866,N,05128.161438,E,0.004,234.60,200726,,,A,V*35
$GNGLL,2520.064866,N,05128.161438,E,113410.700,A,A*4E
$GNVTG,234.60,T,,M,0.004,N,0.007,K,A*23
$GNGGA,113410.800,2520.064866,N,05128.161438,E,1,12,2.11,15.426,M,-17.612,M,,*6F
$GNRMC,113410.800,A,2520.064866,N,05128.161438,E,0.001,234.60,200726,,,A,V*3F
$GNGLL,2520.064866,N,05128.161438,E,113410.800,A,A*41
$GNVTG,234.60,T,,M,0.001,N,0.002,K,A*23
$GNGGA,113410.900,2520.064866,N,05128.161438,E,1,12,2.11,15.426,M,-17.612,M,,*6E
$GNRMC,113410.900,A,2520.064866,N,05128.161438,E,0.001,234.60,200726,,,A,V*3E
$GNGLL,2520.064866,N,05128.161438,E,113410.900,A,A*40
$GNVTG,234.60,T,,M,0.001,N,0.002,K,A*23
$GNGGA,113411.000,2520.064866,N,05128.161438,E,1,12,2.11,15.426,M,-17.612,M,,*66
$GNRMC,113411.000,A,2520.064866,N,05128.161438,E,0.001,234.60,200726,,,A,V*36
$GNGLL,2520.064866,N,05128.161438,E,113411.000,A,A*48
$GNVTG,234.60,T,,M,0.001,N,0.002,K,A*23
$GNGSA,A,3,16,26,31,,,,,,,,,,5.21,2.11,4.77,1*00
$GNGSA,A,3,68,78,79,82,,,,,,,,,5.21,2.11,4.77,2*07
$GNGSA,A,3,,,,,,,,,,,,,5.21,2.11,4.77,3*03
$GNGSA,A,3,07,10,12,23,32,,,,,,,,5.21,2.11,4.77,4*01
$GNGSA,A,3,,,,,,,,,,,,,5.21,2.11,4.77,5*05
$GPGSV,2,1,08,02,,,26,03,,,30,04,,,32,09,,,35,1*63
$GPGSV,2,2,08,16,20,135,33,26,31,103,28,28,,,29,31,46,043,34,1*51
$GPGSV,1,1,00,8*6D
$GLGSV,1,1,04,68,36,020,40,78,41,075,38,79,35,146,37,82,08,185,30,1*70
$GAGSV,1,1,00,7*73
$GAGSV,1,1,00,1*75
$GBGSV,2,1,05,07,34,043,38,10,43,049,37,12,30,312,34,23,27,054,34,1*76
$GBGSV,2,2,05,32,40,055,38,1*4D
$GBGSV,1,1,00,5*72
$GQGSV,1,1,00,1*65
$GQGSV,1,1,00,8*6C
$GNGGA,113411.100,2520.064866,N,05128.161438,E,1,12,2.11,15.391,M,-17.577,M,,*6C
$GNRMC,113411.100,A,2520.064866,N,05128.161438,E,0.001,234.60,200726,,,A,V*37
$GNGLL,2520.064866,N,05128.161438,E,113411.100,A,A*49
$GNVTG,234.60,T,,M,0.001,N,0.002,K,A*23
$GNGGA,113411.200,2520.064866,N,05128.161438,E,1,12,2.11,15.391,M,-17.577,M,,*6F
$GNRMC,113411.200,A,2520.064866,N,05128.161438,E,0.002,234.60,200726,,,A,V*37
$GNGLL,2520.064866,N,05128.161438,E,113411.200,A,A*4A
$GNVTG,234.60,T,,M,0.002,N,0.003,K,A*21
$GNGGA,113411.300,2520.064866,N,05128.161438,E,1,12,2.11,15.391,M,-17.577,M,,*6E
$GNRMC,113411.300,A,2520.064866,N,05128.161438,E,0.003,234.60,200726,,,A,V*37
$GNGLL,2520.064866,N,05128.161438,E,113411.300,A,A*4B
$GNVTG,234.60,T,,M,0.003,N,0.005,K,A*26
$GNGGA,113411.400,2520.064866,N,05128.161438,E,1,12,2.11,15.391,M,-17.577,M,,*69
$GNRMC,113411.400,A,2520.064866,N,05128.161438,E,0.002,234.60,200726,,,A,V*31
$GNGLL,2520.064866,N,05128.161438,E,113411.400,A,A*4C
$GNVTG,234.60,T,,M,0.002,N,0.004,K,A*26
$GNGGA,113411.500,2520.064866,N,05128.161438,E,1,12,2.11,15.391,M,-17.577,M,,*68
$GNRMC,113411.500,A,2520.064866,N,05128.161438,E,0.001,234.60,200726,,,A,V*33
$GNGLL,2520.064866,N,05128.161438,E,113411.500,A,A*4D
$GNVTG,234.60,T,,M,0.001,N,0.001,K,A*20
$GNGGA,113411.600,2520.064866,N,05128.161438,E,1,12,2.11,15.391,M,-17.577,M,,*6B
$GNRMC,113411.600,A,2520.064866,N,05128.161438,E,0.001,234.60,200726,,,A,V*30
$GNGLL,2520.064866,N,05128.161438,E,113411.600,A,A*4E
$GNVTG,234.60,T,,M,0.001,N,0.003,K,A*22
$GNGGA,113411.700,2520.064867,N,05128.161438,E,1,12,2.11,15.391,M,-17.577,M,,*6B
$GNRMC,113411.700,A,2520.064867,N,05128.161438,E,0.002,234.60,200726,,,A,V*33
$GNGLL,2520.064867,N,05128.161438,E,113411.700,A,A*4E
$GNVTG,234.60,T,,M,0.002,N,0.003,K,A*21
$GNGGA,113411.800,2520.064867,N,05128.161438,E,1,12,2.11,15.391,M,-17.577,M,,*64
$GNRMC,113411.800,A,2520.064867,N,05128.161438,E,0.002,234.60,200726,,,A,V*3C
$GNGLL,2520.064867,N,05128.161438,E,113411.800,A,A*41
$GNVTG,234.60,T,,M,0.002,N,0.004,K,A*26
$GNGGA,113411.900,2520.064867,N,05128.161438,E,1,12,2.11,15.391,M,-17.577,M,,*65
$GNRMC,113411.900,A,2520.064867,N,05128.161438,E,0.002,234.60,200726,,,A,V*3D
$GNGLL,2520.064867,N,05128.161438,E,113411.900,A,A*40
$GNVTG,234.60,T,,M,0.002,N,0.004,K,A*26
$GNGGA,113412.000,2520.064867,N,05128.161438,E,1,12,2.11,15.391,M,-17.577,M,,*6F
$GNRMC,113412.000,A,2520.064867,N,05128.161438,E,0.001,234.60,200726,,,A,V*34
$GNGLL,2520.064867,N,05128.161438,E,113412.000,A,A*4A
$GNVTG,234.60,T,,M,0.001,N,0.001,K,A*20
$GNGSA,A,3,16,26,31,,,,,,,,,,5.21,2.11,4.77,1*00
$GNGSA,A,3,68,78,79,82,,,,,,,,,5.21,2.11,4.77,2*07
$GNGSA,A,3,,,,,,,,,,,,,5.21,2.11,4.77,3*03
$GNGSA,A,3,07,10,12,23,32,,,,,,,,5.21,2.11,4.77,4*01
$GNGSA,A,3,,,,,,,,,,,,,5.21,2.11,4.77,5*05
$GPGSV,2,1,08,02,,,25,03,,,30,04,,,32,09,,,36,1*63
$GPGSV,2,2,08,16,20,135,33,26,31,103,29,28,,,29,31,46,043,35,1*51
$GPGSV,1,1,00,8*6D
$GLGSV,1,1,04,68,36,020,40,78,41,075,39,79,35,146,37,82,08,185,30,1*71
$GAGSV,1,1,00,7*73
$GAGSV,1,1,00,1*75
$GBGSV,2,1,05,07,34,043,39,10,43,049,38,12,30,312,34,23,27,054,34,1*78
$GBGSV,2,2,05,32,40,055,38,1*4D
$GBGSV,1,1,00,5*72
$GQGSV,1,1,00,1*65
$GQGSV,1,1,00,8*6C
$GNGGA,113412.100,2520.064867,N,05128.161438,E,1,12,2.11,15.354,M,-17.540,M,,*63
$GNRMC,113412.100,A,2520.064867,N,05128.161438,E,0.003,234.60,200726,,,A,V*37
$GNGLL,2520.064867,N,05128.161438,E,113412.100,A,A*4B
$GNVTG,234.60,T,,M,0.003,N,0.006,K,A*25
$GNGGA,113412.200,2520.064867,N,05128.161438,E,1,12,2.11,15.354,M,-17.540,M,,*60
$GNRMC,113412.200,A,2520.064867,N,05128.161438,E,0.003,234.60,200726,,,A,V*34
$GNGLL,2520.064867,N,05128.161438,E,113412.200,A,A*48
$GNVTG,234.60,T,,M,0.003,N,0.005,K,A*26
$GNGGA,113412.300,2520.064867,N,05128.161439,E,1,12,2.11,15.354,M,-17.540,M,,*60
$GNRMC,113412.300,A,2520.064867,N,05128.161439,E,0.004,234.60,200726,,,A,V*33
$GNGLL,2520.064867,N,05128.161439,E,113412.300,A,A*48
$GNVTG,234.60,T,,M,0.004,N,0.008,K,A*2C
$GNGGA,113412.400,2520.064867,N,05128.161439,E,1,12,2.11,15.354,M,-17.540,M,,*67
$GNRMC,113412.400,A,2520.064867,N,05128.161439,E,0.003,234.60,200726,,,A,V*33
$GNGLL,2520.064867,N,05128.161439,E,113412.400,A,A*4F
$GNVTG,234.60,T,,M,0.003,N,0.005,K,A*26
$GNGGA,113412.500,2520.064867,N,05128.161438,E,1,12,2.11,15.354,M,-17.540,M,,*67
$GNRMC,113412.500,A,2520.064867,N,05128.161438,E,0.003,234.60,200726,,,A,V*33
$GNGLL,2520.064867,N,05128.161438,E,113412.500,A,A*4F
$GNVTG,234.60,T,,M,0.003,N,0.006,K,A*25
$GNGGA,113412.600,2520.064867,N,05128.161438,E,1,12,2.11,15.354,M,-17.540,M,,*64
$GNRMC,113412.600,A,2520.064867,N,05128.161438,E,0.003,234.60,200726,,,A,V*30
$GNGLL,2520.064867,N,05128.161438,E,113412.600,A,A*4C
$GNVTG,234.60,T,,M,0.003,N,0.006,K,A*25
$GNGGA,113412.700,2520.064867,N,05128.161438,E,1,12,2.11,15.354,M,-17.540,M,,*65
$GNRMC,113412.700,A,2520.064867,N,05128.161438,E,0.003,234.60,200726,,,A,V*31
$GNGLL,2520.064867,N,05128.161438,E,113412.700,A,A*4D
$GNVTG,234.60,T,,M,0.003,N,0.005,K,A*26
$GNGGA,113412.800,2520.064867,N,05128.161438,E,1,12,2.11,15.354,M,-17.540,M,,*6A
$GNRMC,113412.800,A,2520.064867,N,05128.161438,E,0.003,234.60,200726,,,A,V*3E
$GNGLL,2520.064867,N,05128.161438,E,113412.800,A,A*42
$GNVTG,234.60,T,,M,0.003,N,0.005,K,A*26
$GNGGA,113412.900,2520.064867,N,05128.161438,E,1,12,2.11,15.354,M,-17.540,M,,*6B
$GNRMC,113412.900,A,2520.064867,N,05128.161438,E,0.001,234.60,200726,,,A,V*3D
$GNGLL,2520.064867,N,05128.161438,E,113412.900,A,A*43
$GNVTG,234.60,T,,M,0.001,N,0.003,K,A*22
$GNGGA,113413.000,2520.064867,N,05128.161438,E,1,12,2.11,15.354,M,-17.540,M,,*63
$GNRMC,113413.000,A,2520.064867,N,05128.161438,E,0.001,234.60,200726,,,A,V*35
$GNGLL,2520.064867,N,05128.161438,E,113413.000,A,A*4B
$GNVTG,234.60,T,,M,0.001,N,0.003,K,A*22
$GNGSA,A,3,16,26,31,,,,,,,,,,5.21,2.11,4.77,1*00
$GNGSA,A,3,68,78,79,82,,,,,,,,,5.21,2.11,4.77,2*07
$GNGSA,A,3,,,,,,,,,,,,,5.21,2.11,4.77,3*03
$GNGSA,A,3,07,10,12,23,32,,,,,,,,5.21,2.11,4.77,4*01
$GNGSA,A,3,,,,,,,,,,,,,5.21,2.11,4.77,5*05
$GPGSV,2,1,08,02,,,27,03,,,30,04,,,34,09,,,36,1*67
$GPGSV,2,2,08,16,20,135,32,26,31,103,34,28,,,29,31,46,043,35,1*5C
$GPGSV,1,1,00,8*6D
$GLGSV,1,1,04,68,36,020,40,78,41,075,39,79,35,146,38,82,08,185,30,1*7E
$GAGSV,1,1,00,7*73
$GAGSV,1,1,00,1*75
$GBGSV,2,1,05,07,34,043,36,10,43,049,38,12,30,312,33,23,27,054,34,1*70
$GBGSV,2,2,05,32,40,055,39,1*4C
$GBGSV,1,1,00,5*72
$GQGSV,1,1,00,1*65
$GQGSV,1,1,00,8*6C
$GNGGA,113413.100,2520.064867,N,05128.161438,E,1,12,2.11,15.318,M,-17.504,M,,*6A
$GNRMC,113413.100,A,2520.064867,N,05128.161438,E,0.001,234.60,200726,,,A,V*34
$GNGLL,2520.064867,N,05128.161438,E,113413.100,A,A*4A
$GNVTG,234.60,T,,M,0.001,N,0.002,K,A*23
$GNGGA,113413.200,2520.064867,N,05128.161438,E,1,12,2.11,15.318,M,-17.504,M,,*69
$GNRMC,113413.200,A,2520.064867,N,05128.161438,E,0.000,234.60,200726,,,A,V*36
$GNGLL,2520.064867,N,05128.161438,E,113413.200,A,A*49
$GNVTG,234.60,T,,M,0.000,N,0.001,K,A*21
$GNGGA,113413.300,2520.064867,N,05128.161438,E,1,12,2.11,15.318,M,-17.504,M,,*68
$GNRMC,113413.300,A,2520.064867,N,05128.161438,E,0.002,234.60,200726,,,A,V*35
$GNGLL,2520.064867,N,05128.161438,E,113413.300,A,A*48
$GNVTG,234.60,T,,M,0.002,N,0.003,K,A*21
$GNGGA,113413.400,2520.064867,N,05128.161438,E,1,12,2.11,15.318,M,-17.504,M,,*6F
$GNRMC,113413.400,A,2520.064867,N,05128.161438,E,0.003,234.60,200726,,,A,V*33
$GNGLL,2520.064867,N,05128.161438,E,113413.400,A,A*4F
$GNVTG,234.60,T,,M,0.003,N,0.005,K,A*26
$GNGGA,113413.500,2520.064867,N,05128.161438,E,1,12,2.11,15.318,M,-17.504,M,,*6E
$GNRMC,113413.500,A,2520.064867,N,05128.161438,E,0.001,234.60,200726,,,A,V*30
$GNGLL,2520.064867,N,05128.161438,E,113413.500,A,A*4E
$GNVTG,234.60,T,,M,0.001,N,0.002,K,A*23
$GNGGA,113413.600,2520.064867,N,05128.161438,E,1,12,2.11,15.318,M,-17.504,M,,*6D
$GNRMC,113413.600,A,2520.064867,N,05128.161438,E,0.002,234.60,200726,,,A,V*30
$GNGLL,2520.064867,N,05128.161438,E,113413.600,A,A*4D
$GNVTG,234.60,T,,M,0.002,N,0.004,K,A*26
$GNGGA,113413.700,2520.064867,N,05128.161438,E,1,12,2.11,15.318,M,-17.504,M,,*6C
$GNRMC,113413.700,A,2520.064867,N,05128.161438,E,0.002,234.60,200726,,,A,V*31
$GNGLL,2520.064867,N,05128.161438,E,113413.700,A,A*4C
$GNVTG,234.60,T,,M,0.002,N,0.004,K,A*26
$GNGGA,113413.800,2520.064867,N,05128.161438,E,1,12,2.11,15.318,M,-17.504,M,,*63
$GNRMC,113413.800,A,2520.064867,N,05128.161438,E,0.001,234.60,200726,,,A,V*3D
$GNGLL,2520.064867,N,05128.161438,E,113413.800,A,A*43
$GNVTG,234.60,T,,M,0.001,N,0.002,K,A*23
$GNGGA,113413.900,2520.064867,N,05128.161438,E,1,12,2.11,15.318,M,-17.504,M,,*62
$GNRMC,113413.900,A,2520.064867,N,05128.161438,E,0.001,234.60,200726,,,A,V*3C
$GNGLL,2520.064867,N,05128.161438,E,113413.900,A,A*42
$GNVTG,234.60,T,,M,0.001,N,0.002,K,A*23
$GNGGA,113414.000,2520.064867,N,05128.161438,E,1,12,2.11,15.318,M,-17.504,M,,*6C
$GNRMC,113414.000,A,2520.064867,N,05128.161438,E,0.002,234.60,200726,,,A,V*31
$GNGLL,2520.064867,N,05128.161438,E,113414.000,A,A*4C
$GNVTG,234.60,T,,M,0.002,N,0.003,K,A*21
$GNGSA,A,3,16,26,31,,,,,,,,,,5.21,2.11,4.77,1*00
$GNGSA,A,3,68,78,79,82,,,,,,,,,5.21,2.11,4.77,2*07
$GNGSA,A,3,,,,,,,,,,,,,5.21,2.11,4.77,3*03
$GNGSA,A,3,07,10,12,23,32,,,,,,,,5.21,2.11,4.77,4*01
$GNGSA,A,3,,,,,,,,,,,,,5.21,2.11,4.77,5*05
$GPGSV,2,1,08,02,,,28,03,,,29,04,,,33,09,,,36,1*67
$GPGSV,2,2,08,16,20,135,32,26,31,103,34,28,,,28,31,46,043,35,1*5D
$GPGSV,1,1,00,8*6D
$GLGSV,1,1,04,68,36,020,41,78,41,075,39,79,35,146,38,82,08,185,30,1*7F
$GAGSV,1,1,00,7*73
$GAGSV,1,1,00,1*75
$GBGSV,2,1,05,07,34,043,36,10,43,049,39,12,30,312,34,23,27,054,32,1*70
$GBGSV,2,2,05,32,40,055,39,1*4C
$GBGSV,1,1,00,5*72
$GQGSV,1,1,00,1*65
$GQGSV,1,1,00,8*6C
$GNGGA,113414.100,2520.064867,N,05128.161438,E,1,12,2.11,15.282,M,-17.468,M,,*64
$GNRMC,113414.100,A,2520.064867,N,05128.161438,E,0.002,234.60,200726,,,A,V*30
$GNGLL,2520.064867,N,05128.161438,E,113414.100,A,A*4D
$GNVTG,234.60,T,,M,0.002,N,0.003,K,A*21
$GNGGA,113414.200,2520.064867,N,05128.161438,E,1,12,2.11,15.282,M,-17.468,M,,*67
$GNRMC,113414.200,A,2520.064867,N,05128.161438,E,0.002,234.60,200726,,,A,V*33
$GNGLL,2520.064867,N,05128.161438,E,113414.200,A,A*4E
$GNVTG,234.60,T,,M,0.002,N,0.004,K,A*26
$GNGGA,113414.300,2520.064867,N,05128.161438,E,1,12,2.11,15.282,M,-17.468,M,,*66
$GNRMC,113414.300,A,2520.064867,N,05128.161438,E,0.002,234.60,200726,,,A,V*32
$GNGLL,2520.064867,N,05128.161438,E,113414.300,A,A*4F
$GNVTG,234.60,T,,M,0.002,N,0.004,K,A*26
$GNGGA,113414.400,2520.064867,N,05128.161438,E,1,12,2.11,15.282,M,-17.468,M,,*61
$GNRMC,113414.400,A,2520.064867,N,05128.161438,E,0.001,234.60,200726,,,A,V*36
$GNGLL,2520.064867,N,05128.161438,E,113414.400,A,A*48
$GNVTG,234.60,T,,M,0.001,N,0.003,K,A*22
$GNGGA,113414.500,2520.064867,N,05128.161438,E,1,12,2.11,15.282,M,-17.468,M,,*60
$GNRMC,113414.500,A,2520.064867,N,05128.161438,E,0.004,234.60,200726,,,A,V*32
$GNGLL,2520.064867,N,05128.161438,E,113414.500,A,A*49
$GNVTG,234.60,T,,M,0.004,N,0.007,K,A*23
$GNGGA,113414.600,2520.064867,N,05128.161438,E,1,12,2.11,15.282,M,-17.468,M,,*63
$GNRMC,113414.600,A,2520.064867,N,05128.161438,E,0.003,234.60,200726,,,A,V*36
$GNGLL,2520.064867,N,05128.161438,E,113414.600,A,A*4A
$GNVTG,234.60,T,,M,0.003,N,0.006,K,A*25
$GNGGA,113414.700,2520.064867,N,05128.161438,E,1,12,2.11,15.283,M,-17.468,M,,*63
$GNRMC,113414.700,A,2520.064867,N,05128.161438,E,0.001,234.60,200726,,,A,V*35
$GNGLL,2520.064867,N,05128.161438,E,113414.700,A,A*4B
$GNVTG,234.60,T,,M,0.001,N,0.002,K,A*23
$GNGGA,113414.800,2520.064867,N,05128.161438,E,1,12,2.11,15.283,M,-17.468,M,,*6C
$GNRMC,113414.800,A,2520.064867,N,05128.161438,E,0.001,234.60,200726,,,A,V*3A
$GNGLL,2520.064867,N,05128.161438,E,113414.800,A,A*44
$GNVTG,234.60,T,,M,0.001,N,0.003,K,A*22
$GNGGA,113414.900,2520.064867,N,05128.161438,E,1,12,2.10,15.283,M,-17.468,M,,*6C
$GNRMC,113414.900,A,2520.064867,N,05128.161438,E,0.003,234.60,200726,,,A,V*39
$GNGLL,2520.064867,N,05128.161438,E,113414.900,A,A*45
$GNVTG,234.60,T,,M,0.003,N,0.006,K,A*25
$GNGGA,113415.000,2520.064867,N,05128.161438,E,1,12,2.10,15.283,M,-17.468,M,,*64
$GNRMC,113415.000,A,2520.064867,N,05128.161438,E,0.001,234.60,200726,,,A,V*33
$GNGLL,2520.064867,N,05128.161438,E,113415.000,A,A*4D
$GNVTG,234.60,T,,M,0.001,N,0.002,K,A*23
$GNGSA,A,3,16,26,31,,,,,,,,,,5.21,2.10,4.76,1*00
$GNGSA,A,3,68,78,79,82,,,,,,,,,5.21,2.10,4.76,2*07
$GNGSA,A,3,,,,,,,,,,,,,5.21,2.10,4.76,3*03
$GNGSA,A,3,07,10,12,23,32,,,,,,,,5.21,2.10,4.76,4*01
$GNGSA,A,3,,,,,,,,,,,,,5.21,2.10,4.76,5*05
$GPGSV,2,1,08,02,,,27,03,,,30,04,,,33,09,,,37,1*61
$GPGSV,2,2,08,16,20,135,32,26,31,103,32,28,,,29,31,46,043,37,1*58
$GPGSV,1,1,00,8*6D
$GLGSV,1,1,04,68,36,020,39,78,41,075,38,79,35,146,36,82,08,185,29,1*77
$GAGSV,1,1,00,7*73
$GAGSV,1,1,00,1*75
$GBGSV,2,1,05,07,34,043,38,10,43,049,39,12,30,312,33,23,27,054,34,1*7F
$GBGSV,2,2,05,32,40,055,39,1*4C
$GBGSV,1,1,00,5*72
$GQGSV,1,1,00,1*65
$GQGSV,1,1,00,8*6C
$GNGGA,113415.100,2520.064868,N,05128.161438,E,1,12,2.10,15.248,M,-17.433,M,,*63
$GNRMC,113415.100,A,2520.064868,N,05128.161438,E,0.003,234.60,200726,,,A,V*3F
$GNGLL,2520.064868,N,05128.161438,E,113415.100,A,A*43
$GNVTG,234.60,T,,M,0.003,N,0.006,K,A*25
$GNGGA,113415.200,2520.064868,N,05128.161438,E,1,12,2.10,15.248,M,-17.433,M,,*60
$GNRMC,113415.200,A,2520.064868,N,05128.161438,E,0.002,234.60,200726,,,A,V*3D
$GNGLL,2520.064868,N,05128.161438,E,113415.200,A,A*40
$GNVTG,234.60,T,,M,0.002,N,0.003,K,A*21
$GNGGA,113415.300,2520.064868,N,05128.161438,E,1,12,2.10,15.248,M,-17.433,M,,*61
$GNRMC,113415.300,A,2520.064868,N,05128.161438,E,0.001,234.60,200726,,,A,V*3F
$GNGLL,2520.064868,N,05128.161438,E,113415.300,A,A*41
$GNVTG,234.60,T,,M,0.001,N,0.003,K,A*22
$GNGGA,113415.400,2520.064868,N,05128.161438,E,1,12,2.10,15.248,M,-17.433,M,,*66
$GNRMC,113415.400,A,2520.064868,N,05128.161438,E,0.002,234.60,200726,,,A,V*3B
$GNGLL,2520.064868,N,05128.161438,E,113415.400,A,A*46
$GNVTG,234.60,T,,M,0.002,N,0.004,K,A*26
$GNGGA,113415.500,2520.064868,N,05128.161438,E,1,12,2.10,15.248,M,-17.433,M,,*67
$GNRMC,113415.500,A,2520.064868,N,05128.161438,E,0.002,234.60,200726,,,A,V*3A
$GNGLL,2520.064868,N,05128.161438,E,113415.500,A,A*47
$GNVTG,234.60,T,,M,0.002,N,0.004,K,A*26
$GNGGA,113415.600,2520.064868,N,05128.161438,E,1,12,2.10,15.248,M,-17.433,M,,*64
$GNRMC,113415.600,A,2520.064868,N,05128.161438,E,0.002,234.60,200726,,,A,V*39
$GNGLL,2520.064868,N,05128.161438,E,113415.600,A,A*44
$GNVTG,234.60,T,,M,0.002,N,0.004,K,A*26
$GNGGA,113415.700,2520.064868,N,05128.161438,E,1,12,2.10,15.248,M,-17.433,M,,*65
$GNRMC,113415.700,A,2520.064868,N,05128.161438,E,0.001,234.60,200726,,,A,V*3B
$GNGLL,2520.064868,N,05128.161438,E,113415.700,A,A*45
$GNVTG,234.60,T,,M,0.001,N,0.001,K,A*20
$GNGGA,113415.800,2520.064868,N,05128.161438,E,1,12,2.10,15.248,M,-17.433,M,,*6A
$GNRMC,113415.800,A,2520.064868,N,05128.161438,E,0.001,234.60,200726,,,A,V*34
$GNGLL,2520.064868,N,05128.161438,E,113415.800,A,A*4A
$GNVTG,234.60,T,,M,0.001,N,0.002,K,A*23
$GNGGA,113415.900,2520.064868,N,05128.161438,E,1,12,2.10,15.248,M,-17.433,M,,*6B
$GNRMC,113415.900,A,2520.064868,N,05128.161438,E,0.002,234.60,200726,,,A,V*36
$GNGLL,2520.064868,N,05128.161438,E,113415.900,A,A*4B
$GNVTG,234.60,T,,M,0.002,N,0.004,K,A*26
$GNGGA,113416.000,2520.064868,N,05128.161437,E,1,12,2.10,15.248,M,-17.433,M,,*6E
$GNRMC,113416.000,A,2520.064868,N,05128.161437,E,0.004,234.60,200726,,,A,V*35
$GNGLL,2520.064868,N,05128.161437,E,113416.000,A,A*4E
$GNVTG,234.60,T,,M,0.004,N,0.007,K,A*23
$GNGSA,A,3,16,26,31,,,,,,,,,,5.21,2.10,4.76,1*00
$GNGSA,A,3,68,78,79,82,,,,,,,,,5.21,2.10,4.76,2*07
$GNGSA,A,3,,,,,,,,,,,,,5.21,2.10,4.76,3*03
$GNGSA,A,3,07,10,12,23,32,,,,,,,,5.21,2.10,4.76,4*01
$GNGSA,A,3,,,,,,,,,,,,,5.21,2.10,4.76,5*05
$GPGSV,2,1,08,02,,,25,03,,,30,04,,,33,09,,,35,1*61
$GPGSV,2,2,08,16,20,135,35,26,31,103,32,28,,,28,31,46,043,35,1*5C
$GPGSV,1,1,00,8*6D
$GLGSV,1,1,04,68,36,020,41,78,41,075,38,79,35,146,38,82,08,185,28,1*77
$GAGSV,1,1,00,7*73
$GAGSV,1,1,00,1*75
$GBGSV,2,1,05,07,34,043,39,10,43,049,38,12,30,312,34,23,27,054,35,1*79
$GBGSV,2,2,05,32,40,055,38,1*4D
$GBGSV,1,1,00,5*72
$GQGSV,1,1,00,1*65
$GQGSV,1,1,00,8*6C
$GNGGA,113416.100,2520.064868,N,05128.161437,E,1,12,2.10,15.212,M,-17.397,M,,*69
$GNRMC,113416.100,A,2520.064868,N,05128.161437,E,0.002,234.60,200726,,,A,V*32
$GNGLL,2520.064868,N,05128.161437,E,113416.100,A,A*4F
$GNVTG,234.60,T,,M,0.002,N,0.003,K,A*21
$GNGGA,113416.200,2520.064868,N,05128.161437,E,1,12,2.10,15.212,M,-17.397,M,,*6A
$GNRMC,113416.200,A,2520.064868,N,05128.161437,E,0.004,234.60,200726,,,A,V*37
$GNGLL,2520.064868,N,05128.161437,E,113416.200,A,A*4C
$GNVTG,234.60,T,,M,0.004,N,0.007,K,A*23
$GNGGA,113416.300,2520.064868,N,05128.161437,E,1,12,2.10,15.212,M,-17.397,M,,*6B
$GNRMC,113416.300,A,2520.064868,N,05128.161437,E,0.005,234.60,200726,,,A,V*37
$GNGLL,2520.064868,N,05128.161437,E,113416.300,A,A*4D
$GNVTG,234.60,T,,M,0.005,N,0.010,K,A*24
$GNGGA,113416.400,2520.064868,N,05128.161437,E,1,12,2.10,15.212,M,-17.397,M,,*6C
$GNRMC,113416.400,A,2520.064868,N,05128.161437,E,0.002,234.60,200726,,,A,V*37
$GNGLL,2520.064868,N,05128.161437,E,113416.400,A,A*4A
$GNVTG,234.60,T,,M,0.002,N,0.004,K,A*26
$GNGGA,113416.500,2520.064868,N,05128.161437,E,1,12,2.10,15.212,M,-17.397,M,,*6D
$GNRMC,113416.500,A,2520.064868,N,05128.161437,E,0.003,234.60,200726,,,A,V*37
$GNGLL,2520.064868,N,05128.161437,E,113416.500,A,A*4B
$GNVTG,234.60,T,,M,0.003,N,0.005,K,A*26
$GNGGA,113416.600,2520.064868,N,05128.161437,E,1,12,2.10,15.212,M,-17.397,M,,*6E
$GNRMC,113416.600,A,2520.064868,N,05128.161437,E,0.001,234.60,200726,,,A,V*36
$GNGLL,2520.064868,N,05128.161437,E,113416.600,A,A*48
$GNVTG,234.60,T,,M,0.001,N,0.002,K,A*23
$GNGGA,113416.700,2520.064868,N,05128.161437,E,1,12,2.10,15.212,M,-17.397,M,,*6F
$GNRMC,113416.700,A,2520.064868,N,05128.161437,E,0.001,234.60,200726,,,A,V*37
$GNGLL,2520.064868,N,05128.161437,E,113416.700,A,A*49
$GNVTG,234.60,T,,M,0.001,N,0.003,K,A*22
$GNGGA,113416.800,2520.064868,N,05128.161437,E,1,12,2.10,15.212,M,-17.397,M,,*60
$GNRMC,113416.800,A,2520.064868,N,05128.161437,E,0.005,234.60,200726,,,A,V*3C
$GNGLL,2520.064868,N,05128.161437,E,113416.800,A,A*46
$GNVTG,234.60,T,,M,0.005,N,0.008,K,A*2D
$GNGGA,113416.900,2520.064868,N,05128.161437,E,1,12,2.10,15.212,M,-17.397,M,,*61
$GNRMC,113416.900,A,2520.064868,N,05128.161437,E,0.003,234.60,200726,,,A,V*3B
$GNGLL,2520.064868,N,05128.161437,E,113416.900,A,A*47
$GNVTG,234.60,T,,M,0.003,N,0.006,K,A*25
$GNGGA,113417.000,2520.064868,N,05128.161437,E,1,12,2.10,15.212,M,-17.397,M,,*69
$GNRMC,113417.000,A,2520.064868,N,05128.161437,E,0.002,234.60,200726,,,A,V*32
$GNGLL,2520.064868,N,05128.161437,E,113417.000,A,A*4F
$GNVTG,234.60,T,,M,0.002,N,0.003,K,A*21
$GNGSA,A,3,16,26,31,,,,,,,,,,5.21,2.10,4.76,1*00
$GNGSA,A,3,68,78,79,82,,,,,,,,,5.21,2.10,4.76,2*07
$GNGSA,A,3,,,,,,,,,,,,,5.21,2.10,4.76,3*03
$GNGSA,A,3,07,10,12,23,32,,,,,,,,5.21,2.10,4.76,4*01
$GNGSA,A,3,,,,,,,,,,,,,5.21,2.10,4.76,5*05
$GPGSV,2,1,08,02,,,23,03,,,29,04,,,33,09,,,35,1*6F
$GPGSV,2,2,08,16,20,135,36,26,31,103,30,28,,,29,31,46,043,37,1*5E
$GPGSV,1,1,00,8*6D
$GLGSV,1,1,04,68,36,020,39,78,41,075,38,79,35,146,37,82,08,185,29,1*76
$GAGSV,1,1,00,7*73
$GAGSV,1,1,00,1*75
$GBGSV,2,1,05,07,34,043,37,10,43,049,39,12,30,312,34,23,27,054,34,1*77
$GBGSV,2,2,05,32,40,055,38,1*4D
$GBGSV,1,1,00,5*72
$GQGSV,1,1,00,1*65
$GQGSV,1,1,00,8*6C
$GNGGA,113417.100,2520.064869,N,05128.161437,E,1,12,2.10,15.176,M,-17.361,M,,*61
$GNRMC,113417.100,A,2520.064869,N,05128.161437,E,0.004,234.60,200726,,,A,V*34
$GNGLL,2520.064869,N,05128.161437,E,113417.100,A,A*4F
$GNVTG,234.60,T,,M,0.004,N,0.007,K,A*23
$GNGGA,113417.200,2520.064869,N,05128.161437,E,1,12,2.10,15.176,M,-17.361,M,,*62
$GNRMC,113417.200,A,2520.064869,N,05128.161437,E,0.004,234.60,200726,,,A,V*37
$GNGLL,2520.064869,N,05128.161437,E,113417.200,A,A*4C
$GNVTG,234.60,T,,M,0.004,N,0.007,K,A*23
$GNGGA,113417.300,2520.064869,N,05128.161437,E,1,12,2.10,15.176,M,-17.361,M,,*63
$GNRMC,113417.300,A,2520.064869,N,05128.161437,E,0.005,234.60,200726,,,A,V*37
$GNGLL,2520.064869,N,05128.161437,E,113417.300,A,A*4D
$GNVTG,234.60,T,,M,0.005,N,0.010,K,A*24
$GNGGA,113417.400,2520.064869,N,05128.161437,E,1,12,2.10,15.176,M,-17.361,M,,*64
$GNRMC,113417.400,A,2520.064869,N,05128.161437,E,0.004,234.60,200726,,,A,V*31
$GNGLL,2520.064869,N,05128.161437,E,113417.400,A,A*4A
$GNVTG,234.60,T,,M,0.004,N,0.007,K,A*23
$GNGGA,113417.500,2520.064869,N,05128.161436,E,1,12,2.10,15.176,M,-17.361,M,,*64
$GNRMC,113417.500,A,2520.064869,N,05128.161436,E,0.004,234.60,200726,,,A,V*31
$GNGLL,2520.064869,N,05128.161436,E,113417.500,A,A*4A
$GNVTG,234.60,T,,M,0.004,N,0.007,K,A*23
$GNGGA,113417.600,2520.064869,N,05128.161436,E,1,12,2.10,15.177,M,-17.361,M,,*66
$GNRMC,113417.600,A,2520.064869,N,05128.161436,E,0.003,234.60,200726,,,A,V*35
$GNGLL,2520.064869,N,05128.161436,E,113417.600,A,A*49
$GNVTG,234.60,T,,M,0.003,N,0.006,K,A*25
$GNGGA,113417.700,2520.064869,N,05128.161436,E,1,12,2.10,15.177,M,-17.361,M,,*67
$GNRMC,113417.700,A,2520.064869,N,05128.161436,E,0.003,234.60,200726,,,A,V*34
$GNGLL,2520.064869,N,05128.161436,E,113417.700,A,A*48
$GNVTG,234.60,T,,M,0.003,N,0.005,K,A*26
$GNGGA,113417.800,2520.064869,N,05128.161436,E,1,12,2.10,15.177,M,-17.361,M,,*68
$GNRMC,113417.800,A,2520.064869,N,05128.161436,E,0.002,234.60,200726,,,A,V*3A
$GNGLL,2520.064869,N,05128.161436,E,113417.800,A,A*47
$GNVTG,234.60,T,,M,0.002,N,0.004,K,A*26
$GNGGA,113417.900,2520.064869,N,05128.161436,E,1,12,2.10,15.177,M,-17.361,M,,*69
$GNRMC,113417.900,A,2520.064869,N,05128.161436,E,0.001,234.60,200726,,,A,V*38
$GNGLL,2520.064869,N,05128.161436,E,113417.900,A,A*46
$GNVTG,234.60,T,,M,0.001,N,0.002,K,A*23
$GNGGA,113418.000,2520.064869,N,05128.161436,E,1,12,2.10,15.177,M,-17.361,M,,*6F
$GNRMC,113418.000,A,2520.064869,N,05128.161436,E,0.001,234.60,200726,,,A,V*3E
$GNGLL,2520.064869,N,05128.161436,E,113418.000,A,A*40
$GNVTG,234.60,T,,M,0.001,N,0.001,K,A*20
$GNGSA,A,3,16,26,31,,,,,,,,,,5.21,2.10,4.76,1*00
$GNGSA,A,3,68,78,79,82,,,,,,,,,5.21,2.10,4.76,2*07
$GNGSA,A,3,,,,,,,,,,,,,5.21,2.10,4.76,3*03
$GNGSA,A,3,07,10,12,23,32,,,,,,,,5.21,2.10,4.76,4*01
$GNGSA,A,3,,,,,,,,,,,,,5.21,2.10,4.76,5*05
$GPGSV,2,1,08,02,,,25,03,,,32,04,,,32,09,,,35,1*62
$GPGSV,2,2,08,16,20,135,36,26,31,103,31,28,,,29,31,46,043,35,1*5D
$GPGSV,1,1,00,8*6D
$GLGSV,1,1,04,68,36,020,39,78,41,075,40,79,35,146,39,82,08,185,28,1*76
$GAGSV,1,1,00,7*73
$GAGSV,1,1,00,1*75
$GBGSV,2,1,05,07,34,043,39,10,43,049,37,12,30,312,34,23,27,054,33,1*70
$GBGSV,2,2,05,32,40,055,38,1*4D
$GBGSV,1,1,00,5*72
$GQGSV,1,1,00,1*65
$GQGSV,1,1,00,8*6C
$GNGGA,113418.100,2520.064869,N,05128.161436,E,1,12,2.10,15.141,M,-17.325,M,,*6B
$GNRMC,113418.100,A,2520.064869,N,05128.161436,E,0.004,234.60,200726,,,A,V*3A
$GNGLL,2520.064869,N,05128.161436,E,113418.100,A,A*41
$GNVTG,234.60,T,,M,0.004,N,0.007,K,A*23
$GNGGA,113418.200,2520.064869,N,05128.161436,E,1,15,2.01,15.141,M,-17.325,M,,*6F
$GNRMC,113418.200,A,2520.064869,N,05128.161436,E,0.004,234.60,200726,,,A,V*39
$GNGLL,2520.064869,N,05128.161436,E,113418.200,A,A*42
$GNVTG,234.60,T,,M,0.004,N,0.007,K,A*23
$GNGGA,113418.300,2520.064869,N,05128.161436,E,1,15,1.81,15.141,M,-17.325,M,,*65
$GNRMC,113418.300,A,2520.064869,N,05128.161436,E,0.003,234.60,200726,,,A,V*3F
$GNGLL,2520.064869,N,05128.161436,E,113418.300,A,A*43
$GNVTG,234.60,T,,M,0.003,N,0.006,K,A*25
$GNGGA,113418.400,2520.064869,N,05128.161436,E,1,15,1.81,15.141,M,-17.325,M,,*62
$GNRMC,113418.400,A,2520.064869,N,05128.161436,E,0.003,234.60,200726,,,A,V*38
$GNGLL,2520.064869,N,05128.161436,E,113418.400,A,A*44
$GNVTG,234.60,T,,M,0.003,N,0.006,K,A*25
$GNGGA,113418.500,2520.064869,N,05128.161436,E,1,15,1.81,15.141,M,-17.325,M,,*63
$GNRMC,113418.500,A,2520.064869,N,05128.161436,E,0.005,234.60,200726,,,A,V*3F
$GNGLL,2520.064869,N,05128.161436,E,113418.500,A,A*45
$GNVTG,234.60,T,,M,0.005,N,0.010,K,A*24
$GNGGA,113418.600,2520.064869,N,05128.161436,E,1,15,1.81,15.141,M,-17.325,M,,*60
$GNRMC,113418.600,A,2520.064869,N,05128.161436,E,0.009,234.60,200726,,,A,V*30
$GNGLL,2520.064869,N,05128.161436,E,113418.600,A,A*46
$GNVTG,234.60,T,,M,0.009,N,0.016,K,A*2E
$GNGGA,113418.700,2520.064869,N,05128.161436,E,1,15,1.81,15.141,M,-17.325,M,,*61
$GNRMC,113418.700,A,2520.064869,N,05128.161436,E,0.004,234.60,200726,,,A,V*3C
$GNGLL,2520.064869,N,05128.161436,E,113418.700,A,A*47
$GNVTG,234.60,T,,M,0.004,N,0.007,K,A*23
$GNGGA,113418.800,2520.064869,N,05128.161436,E,1,15,1.81,15.141,M,-17.325,M,,*6E
$GNRMC,113418.800,A,2520.064869,N,05128.161436,E,0.001,234.60,200726,,,A,V*36
$GNGLL,2520.064869,N,05128.161436,E,113418.800,A,A*48
$GNVTG,234.60,T,,M,0.001,N,0.001,K,A*20
$GNGGA,113418.900,2520.064869,N,05128.161436,E,1,15,1.81,15.141,M,-17.325,M,,*6F
$GNRMC,113418.900,A,2520.064869,N,05128.161436,E,0.001,234.60,200726,,,A,V*37
$GNGLL,2520.064869,N,05128.161436,E,113418.900,A,A*49
$GNVTG,234.60,T,,M,0.001,N,0.002,K,A*23
$GNGGA,113419.000,2520.064869,N,05128.161436,E,1,15,1.81,15.141,M,-17.325,M,,*67
$GNRMC,113419.000,A,2520.064869,N,05128.161436,E,0.003,234.60,200726,,,A,V*3D
$GNGLL,2520.064869,N,05128.161436,E,113419.000,A,A*41
$GNVTG,234.60,T,,M,0.003,N,0.005,K,A*26
$GNGSA,A,3,03,04,09,16,26,31,,,,,,,3.53,1.81,3.03,1*03
$GNGSA,A,3,68,78,79,82,,,,,,,,,3.53,1.81,3.03,2*0A
$GNGSA,A,3,,,,,,,,,,,,,3.53,1.81,3.03,3*0E
$GNGSA,A,3,07,10,12,23,32,,,,,,,,3.53,1.81,3.03,4*0C
$GNGSA,A,3,,,,,,,,,,,,,3.53,1.81,3.03,5*08
$GPGSV,2,1,08,02,,,27,03,56,351,30,04,40,295,33,09,13,273,35,1*59
$GPGSV,2,2,08,16,20,135,32,26,31,103,30,28,,,28,31,46,043,37,1*5B
$GPGSV,1,1,00,8*6D
$GLGSV,1,1,04,68,36,020,40,78,41,075,38,79,35,146,37,82,08,185,29,1*78
$GAGSV,1,1,00,7*73
$GAGSV,1,1,00,1*75
$GBGSV,2,1,05,07,34,043,38,10,43,049,38,12,30,312,32,23,27,054,35,1*7E
$GBGSV,2,2,05,32,40,055,38,1*4D
$GBGSV,1,1,00,5*72
$GQGSV,1,1,00,1*65
$GQGSV,1,1,00,8*6C
$GNGGA,113419.100,2520.064869,N,05128.161436,E,1,15,1.81,22.099,M,-24.283,M,,*6B
$GNRMC,113419.100,A,2520.064869,N,05128.161436,E,0.007,234.60,200726,,,A,V*38
$GNGLL,2520.064869,N,05128.161436,E,113419.100,A,A*40
$GNVTG,234.60,T,,M,0.007,N,0.014,K,A*22
$GNGGA,113419.200,2520.064869,N,05128.161436,E,1,15,1.81,22.099,M,-24.283,M,,*68
$GNRMC,113419.200,A,2520.064869,N,05128.161436,E,0.008,234.60,200726,,,A,V*34
$GNGLL,2520.064869,N,05128.161436,E,113419.200,A,A*43
$GNVTG,234.60,T,,M,0.008,N,0.015,K,A*2C
$GNGGA,113419.300,2520.064869,N,05128.161436,E,1,15,1.81,22.099,M,-24.283,M,,*69
$GNRMC,113419.300,A,2520.064869,N,05128.161436,E,0.007,234.60,200726,,,A,V*3A
$GNGLL,2520.064869,N,05128.161436,E,113419.300,A,A*42
$GNVTG,234.60,T,,M,0.007,N,0.013,K,A*25
$GNGGA,113419.400,2520.064869,N,05128.161436,E,1,15,1.81,22.099,M,-24.283,M,,*6E
$GNRMC,113419.400,A,2520.064869,N,05128.161436,E,0.010,234.60,200726,,,A,V*3B
$GNGLL,2520.064869,N,05128.161436,E,113419.400,A,A*45
$GNVTG,234.60,T,,M,0.010,N,0.019,K,A*29
$GNGGA,113419.500,2520.064869,N,05128.161435,E,1,15,1.81,22.099,M,-24.283,M,,*6C
$GNRMC,113419.500,A,2520.064869,N,05128.161435,E,0.008,234.60,200726,,,A,V*30
$GNGLL,2520.064869,N,05128.161435,E,113419.500,A,A*47
$GNVTG,234.60,T,,M,0.008,N,0.016,K,A*2F
$GNGGA,113419.600,2520.064869,N,05128.161435,E,1,15,1.81,22.099,M,-24.283,M,,*6F
$GNRMC,113419.600,A,2520.064869,N,05128.161435,E,0.011,234.60,200726,,,A,V*3B
$GNGLL,2520.064869,N,05128.161435,E,113419.600,A,A*44
$GNVTG,234.60,T,,M,0.011,N,0.020,K,A*22
$GNGGA,113419.700,2520.064869,N,05128.161435,E,1,15,1.81,22.099,M,-24.283,M,,*6E
$GNRMC,113419.700,A,2520.064869,N,05128.161435,E,0.003,234.60,200726,,,A,V*39
$GNGLL,2520.064869,N,05128.161435,E,113419.700,A,A*45
$GNVTG,234.60,T,,M,0.003,N,0.005,K,A*26
$GNGGA,113419.800,2520.064869,N,05128.161435,E,1,15,1.81,22.099,M,-24.283,M,,*61
$GNRMC,113419.800,A,2520.064869,N,05128.161435,E,0.002,234.60,200726,,,A,V*37
$GNGLL,2520.064869,N,05128.161435,E,113419.800,A,A*4A
$GNVTG,234.60,T,,M,0.002,N,0.004,K,A*26
$GNGGA,113419.900,2520.064869,N,05128.161435,E,1,15,1.81,22.099,M,-24.283,M,,*60
$GNRMC,113419.900,A,2520.064869,N,05128.161435,E,0.004,234.60,200726,,,A,V*30
$GNGLL,2520.064869,N,05128.161435,E,113419.900,A,A*4B
$GNVTG,234.60,T,,M,0.004,N,0.007,K,A*23
$GNGGA,113420.000,2520.064869,N,05128.161435,E,1,15,1.81,22.099,M,-24.283,M,,*63
$GNRMC,113420.000,A,2520.064869,N,05128.161435,E,0.003,234.60,200726,,,A,V*34
$GNGLL,2520.064869,N,05128.161435,E,113420.000,A,A*48
$GNVTG,234.60,T,,M,0.003,N,0.006,K,A*25
$GNGSA,A,3,03,04,09,16,26,31,,,,,,,3.53,1.81,3.03,1*03
$GNGSA,A,3,68,78,79,82,,,,,,,,,3.53,1.81,3.03,2*0A
$GNGSA,A,3,,,,,,,,,,,,,3.53,1.81,3.03,3*0E
$GNGSA,A,3,07,10,12,23,32,,,,,,,,3.53,1.81,3.03,4*0C
$GNGSA,A,3,,,,,,,,,,,,,3.53,1.81,3.03,5*08
$GPGSV,2,1,08,02,,,26,03,56,351,29,04,40,295,33,09,13,273,35,1*50
$GPGSV,2,2,08,16,20,135,34,26,31,103,36,28,,,29,31,46,043,36,1*5B
$GPGSV,1,1,00,8*6D
$GLGSV,1,1,04,68,36,020,39,78,41,075,38,79,35,146,38,82,08,185,30,1*71
$GAGSV,1,1,00,7*73
$GAGSV,1,1,00,1*75
$GBGSV,2,1,05,07,34,043,38,10,43,049,39,12,30,312,34,23,27,054,33,1*7F
$GBGSV,2,2,05,32,40,055,39,1*4C
$GBGSV,1,1,00,5*72
$GQGSV,1,1,00,1*65
$GQGSV,1,1,00,8*6C
$PAIR010,0,0,2428,128198*3C
$PAIR010,0,1,2428,128198*3D
$PAIR010,0,3,2428,128198*3F
$PAIR010,0,2,2428,128198*3E
$GNGGA,113420.100,2520.064869,N,05128.161435,E,1,14,1.90,22.099,M,-24.283,M,,*63
$GNRMC,113420.100,A,2520.064869,N,05128.161435,E,0.007,234.60,200726,,,A,V*31
$GNGLL,2520.064869,N,05128.161435,E,113420.100,A,A*49
$GNVTG,234.60,T,,M,0.007,N,0.014,K,A*22
$GNGGA,113420.200,2520.064869,N,05128.161435,E,1,14,1.90,22.099,M,-24.283,M,,*60
$GNRMC,113420.200,A,2520.064869,N,05128.161435,E,0.002,234.60,200726,,,A,V*37
$GNGLL,2520.064869,N,05128.161435,E,113420.200,A,A*4A
$GNVTG,234.60,T,,M,0.002,N,0.004,K,A*26
$GNGGA,113420.300,2520.064869,N,05128.161435,E,1,14,1.90,22.099,M,-24.283,M,,*61
$GNRMC,113420.300,A,2520.064869,N,05128.161435,E,0.007,234.60,200726,,,A,V*33
$GNGLL,2520.064869,N,05128.161435,E,113420.300,A,A*4B
$GNVTG,234.60,T,,M,0.007,N,0.014,K,A*22
$GNGGA,113420.400,2520.064869,N,05128.161435,E,1,14,1.90,22.099,M,-24.283,M,,*66
$GNRMC,113420.400,A,2520.064869,N,05128.161435,E,0.005,234.60,200726,,,A,V*36
$GNGLL,2520.064869,N,05128.161435,E,113420.400,A,A*4C
$GNVTG,234.60,T,,M,0.005,N,0.009,K,A*2C
$GNGGA,113420.500,2520.064869,N,05128.161435,E,1,14,1.90,22.099,M,-24.283,M,,*67
$GNRMC,113420.500,A,2520.064869,N,05128.161435,E,0.006,234.60,200726,,,A,V*34
$GNGLL,2520.064869,N,05128.161435,E,113420.500,A,A*4D
$GNVTG,234.60,T,,M,0.006,N,0.011,K,A*26
$GNGGA,113420.600,2520.064869,N,05128.161435,E,1,14,1.90,22.099,M,-24.283,M,,*64
$GNRMC,113420.600,A,2520.064869,N,05128.161435,E,0.007,234.60,200726,,,A,V*36
$GNGLL,2520.064869,N,05128.161435,E,113420.600,A,A*4E
$GNVTG,234.60,T,,M,0.007,N,0.012,K,A*24
$GNGGA,113420.700,2520.064869,N,05128.161435,E,1,14,1.90,22.099,M,-24.283,M,,*65
$GNRMC,113420.700,A,2520.064869,N,05128.161435,E,0.007,234.60,200726,,,A,V*37
$GNGLL,2520.064869,N,05128.161435,E,113420.700,A,A*4F
$GNVTG,234.60,T,,M,0.007,N,0.013,K,A*25
$GNGGA,113420.800,2520.064869,N,05128.161435,E,1,14,1.90,22.099,M,-24.283,M,,*6A
$GNRMC,113420.800,A,2520.064869,N,05128.161435,E,0.004,234.60,200726,,,A,V*3B
$GNGLL,2520.064869,N,05128.161435,E,113420.800,A,A*40
$GNVTG,234.60,T,,M,0.004,N,0.007,K,A*23
$GNGGA,113420.900,2520.064869,N,05128.161434,E,1,14,1.90,22.099,M,-24.283,M,,*6A
$GNRMC,113420.900,A,2520.064869,N,05128.161434,E,0.004,234.60,200726,,,A,V*3B
$GNGLL,2520.064869,N,05128.161434,E,113420.900,A,A*40
$GNVTG,234.60,T,,M,0.004,N,0.008,K,A*2C
$GNGGA,113421.000,2520.064869,N,05128.161434,E,1,14,1.90,22.099,M,-24.283,M,,*62
$GNRMC,113421.000,A,2520.064869,N,05128.161434,E,0.003,234.60,200726,,,A,V*34
$GNGLL,2520.064869,N,05128.161434,E,113421.000,A,A*48
$GNVTG,234.60,T,,M,0.003,N,0.006,K,A*25
$GNGSA,A,3,03,04,09,16,26,31,,,,,,,3.79,1.90,3.29,1*03
$GNGSA,A,3,68,78,79,82,,,,,,,,,3.79,1.90,3.29,2*0A
$GNGSA,A,3,,,,,,,,,,,,,3.79,1.90,3.29,3*0E
$GNGSA,A,3,07,12,23,32,,,,,,,,,3.79,1.90,3.29,4*0D
$GNGSA,A,3,,,,,,,,,,,,,3.79,1.90,3.29,5*08
$GPGSV,2,1,08,02,,,25,03,56,351,29,04,40,295,32,09,13,273,36,1*51
$GPGSV,2,2,08,16,20,135,34,26,31,103,33,28,,,29,31,46,043,34,1*5C
$GPGSV,1,1,00,8*6D
$GLGSV,1,1,04,68,36,020,39,78,41,075,38,79,35,146,38,82,08,185,29,1*79
$GAGSV,1,1,00,7*73
$GAGSV,1,1,00,1*75
$GBGSV,1,1,04,07,34,043,37,12,30,312,34,23,27,054,35,32,40,055,39,1*7A
$GBGSV,1,1,00,5*72
$GQGSV,1,1,00,1*65
$GQGSV,1,1,00,8*6C
$GNGGA,113421.100,2520.064869,N,05128.161434,E,1,14,1.90,22.098,M,-24.282,M,,*63
$GNRMC,113421.100,A,2520.064869,N,05128.161434,E,0.004,234.60,200726,,,A,V*32
$GNGLL,2520.064869,N,05128.161434,E,113421.100,A,A*49
$GNVTG,234.60,T,,M,0.004,N,0.007,K,A*23
$GNGGA,113421.200,2520.064869,N,05128.161434,E,1,14,1.90,22.098,M,-24.282,M,,*60
$GNRMC,113421.200,A,2520.064869,N,05128.161434,E,0.004,234.60,200726,,,A,V*31
$GNGLL,2520.064869,N,05128.161434,E,113421.200,A,A*4A
$GNVTG,234.60,T,,M,0.004,N,0.007,K,A*23
$GNGGA,113421.300,2520.064869,N,05128.161434,E,1,14,1.90,22.098,M,-24.282,M,,*61
$GNRMC,113421.300,A,2520.064869,N,05128.161434,E,0.007,234.60,200726,,,A,V*33
$GNGLL,2520.064869,N,05128.161434,E,113421.300,A,A*4B
$GNVTG,234.60,T,,M,0.007,N,0.013,K,A*25
$GNGGA,113421.400,2520.064869,N,05128.161434,E,1,14,1.90,22.098,M,-24.282,M,,*66
$GNRMC,113421.400,A,2520.064869,N,05128.161434,E,0.005,234.60,200726,,,A,V*36
$GNGLL,2520.064869,N,05128.161434,E,113421.400,A,A*4C
$GNVTG,234.60,T,,M,0.005,N,0.009,K,A*2C
$GNGGA,113421.500,2520.064869,N,05128.161434,E,1,14,1.90,22.098,M,-24.282,M,,*67
$GNRMC,113421.500,A,2520.064869,N,05128.161434,E,0.001,234.60,200726,,,A,V*33
$GNGLL,2520.064869,N,05128.161434,E,113421.500,A,A*4D
$GNVTG,234.60,T,,M,0.001,N,0.001,K,A*20
$GNGGA,113421.600,2520.064869,N,05128.161434,E,1,14,1.90,22.098,M,-24.282,M,,*64
$GNRMC,113421.600,A,2520.064869,N,05128.161434,E,0.003,234.60,200726,,,A,V*32
$GNGLL,2520.064869,N,05128.161434,E,113421.600,A,A*4E
$GNVTG,234.60,T,,M,0.003,N,0.005,K,A*26
$GNGGA,113421.700,2520.064869,N,05128.161434,E,1,14,1.90,22.098,M,-24.282,M,,*65
$GNRMC,113421.700,A,2520.064869,N,05128.161434,E,0.001,234.60,200726,,,A,V*31
$GNGLL,2520.064869,N,05128.161434,E,113421.700,A,A*4F
$GNVTG,234.60,T,,M,0.001,N,0.002,K,A*23
$GNGGA,113421.800,2520.064869,N,05128.161434,E,1,14,1.90,22.098,M,-24.282,M,,*6A
$GNRMC,113421.800,A,2520.064869,N,05128.161434,E,0.001,234.60,200726,,,A,V*3E
$GNGLL,2520.064869,N,05128.161434,E,113421.800,A,A*40
$GNVTG,234.60,T,,M,0.001,N,0.002,K,A*23
$GNGGA,113421.900,2520.064869,N,05128.161434,E,1,14,1.90,22.098,M,-24.282,M,,*6B
$GNRMC,113421.900,A,2520.064869,N,05128.161434,E,0.004,234.60,200726,,,A,V*3A
$GNGLL,2520.064869,N,05128.161434,E,113421.900,A,A*41
$GNVTG,234.60,T,,M,0.004,N,0.007,K,A*23
$GNGGA,113422.000,2520.064869,N,05128.161434,E,1,14,1.90,22.098,M,-24.282,M,,*61
$GNRMC,113422.000,A,2520.064869,N,05128.161434,E,0.007,234.60,200726,,,A,V*33
$GNGLL,2520.064869,N,05128.161434,E,113422.000,A,A*4B
$GNVTG,234.60,T,,M,0.007,N,0.012,K,A*24
$GNGSA,A,3,03,04,09,16,26,31,,,,,,,3.79,1.90,3.28,1*02
$GNGSA,A,3,68,78,79,82,,,,,,,,,3.79,1.90,3.28,2*0B
$GNGSA,A,3,,,,,,,,,,,,,3.79,1.90,3.28,3*0F
$GNGSA,A,3,07,12,23,32,,,,,,,,,3.79,1.90,3.28,4*0C
$GNGSA,A,3,,,,,,,,,,,,,3.79,1.90,3.28,5*09
$GPGSV,2,1,08,02,,,25,03,56,351,30,04,40,295,33,09,13,273,37,1*59
$GPGSV,2,2,08,16,20,135,34,26,31,103,36,28,,,28,31,46,043,37,1*5B
$GPGSV,1,1,00,8*6D
$GLGSV,1,1,04,68,36,020,40,78,41,075,37,79,35,146,37,82,08,185,30,1*7F
$GAGSV,1,1,00,7*73
$GAGSV,1,1,00,1*75
$GBGSV,2,1,05,06,,,32,07,34,043,38,12,30,312,35,23,27,054,34,1*4F
$GBGSV,2,2,05,32,40,055,40,1*42
$GBGSV,1,1,00,5*72
$GQGSV,1,1,00,1*65
$GQGSV,1,1,00,8*6C
$GNGGA,113422.100,2520.064869,N,05128.161434,E,1,14,1.90,22.099,M,-24.283,M,,*60
$GNRMC,113422.100,A,2520.064869,N,05128.161434,E,0.005,234.60,200726,,,A,V*30
$GNGLL,2520.064869,N,05128.161434,E,113422.100,A,A*4A
$GNVTG,234.60,T,,M,0.005,N,0.010,K,A*24
$GNGGA,113422.200,2520.064869,N,05128.161434,E,1,14,1.90,22.099,M,-24.283,M,,*63
$GNRMC,113422.200,A,2520.064869,N,05128.161434,E,0.005,234.60,200726,,,A,V*33
$GNGLL,2520.064869,N,05128.161434,E,113422.200,A,A*49
$GNVTG,234.60,T,,M,0.005,N,0.009,K,A*2C
$GNGGA,113422.300,2520.064869,N,05128.161434,E,1,14,1.90,22.099,M,-24.283,M,,*62
$GNRMC,113422.300,A,2520.064869,N,05128.161434,E,0.003,234.60,200726,,,A,V*34
$GNGLL,2520.064869,N,05128.161434,E,113422.300,A,A*48
$GNVTG,234.60,T,,M,0.003,N,0.006,K,A*25
$GNGGA,113422.400,2520.064869,N,05128.161434,E,1,14,1.90,22.099,M,-24.283,M,,*65
$GNRMC,113422.400,A,2520.064869,N,05128.161434,E,0.002,234.60,200726,,,A,V*32
$GNGLL,2520.064869,N,05128.161434,E,113422.400,A,A*4F
$GNVTG,234.60,T,,M,0.002,N,0.003,K,A*21
$GNGGA,113422.500,2520.064870,N,05128.161434,E,1,14,1.90,22.099,M,-24.283,M,,*6C
$GNRMC,113422.500,A,2520.064870,N,05128.161434,E,0.002,234.60,200726,,,A,V*3B
$GNGLL,2520.064870,N,05128.161434,E,113422.500,A,A*46
$GNVTG,234.60,T,,M,0.002,N,0.004,K,A*26
$GNGGA,113422.600,2520.064870,N,05128.161434,E,1,14,1.90,22.099,M,-24.283,M,,*6F
$GNRMC,113422.600,A,2520.064870,N,05128.161434,E,0.005,234.60,200726,,,A,V*3F
$GNGLL,2520.064870,N,05128.161434,E,113422.600,A,A*45
$GNVTG,234.60,T,,M,0.005,N,0.009,K,A*2C
$GNGGA,113422.700,2520.064870,N,05128.161434,E,1,14,1.90,22.099,M,-24.283,M,,*6E
$GNRMC,113422.700,A,2520.064870,N,05128.161434,E,0.006,234.60,200726,,,A,V*3D
$GNGLL,2520.064870,N,05128.161434,E,113422.700,A,A*44
$GNVTG,234.60,T,,M,0.006,N,0.011,K,A*26
$GNGGA,113422.800,2520.064870,N,05128.161434,E,1,14,1.90,22.099,M,-24.283,M,,*61
$GNRMC,113422.800,A,2520.064870,N,05128.161434,E,0.005,234.60,200726,,,A,V*31
$GNGLL,2520.064870,N,05128.161434,E,113422.800,A,A*4B
$GNVTG,234.60,T,,M,0.005,N,0.009,K,A*2C
$GNGGA,113422.900,2520.064870,N,05128.161433,E,1,14,1.90,22.099,M,-24.283,M,,*67
$GNRMC,113422.900,A,2520.064870,N,05128.161433,E,0.007,234.60,200726,,,A,V*35
$GNGLL,2520.064870,N,05128.161433,E,113422.900,A,A*4D
$GNVTG,234.60,T,,M,0.007,N,0.013,K,A*25
$GNGGA,113423.000,2520.064870,N,05128.161433,E,1,14,1.90,22.099,M,-24.283,M,,*6F
$GNRMC,113423.000,A,2520.064870,N,05128.161433,E,0.006,234.60,200726,,,A,V*3C
$GNGLL,2520.064870,N,05128.161433,E,113423.000,A,A*45
$GNVTG,234.60,T,,M,0.006,N,0.011,K,A*26
$GNGSA,A,3,03,04,09,16,26,31,,,,,,,3.79,1.90,3.28,1*02
$GNGSA,A,3,68,78,79,82,,,,,,,,,3.79,1.90,3.28,2*0B
$GNGSA,A,3,,,,,,,,,,,,,3.79,1.90,3.28,3*0F
$GNGSA,A,3,07,12,23,32,,,,,,,,,3.79,1.90,3.28,4*0C
$GNGSA,A,3,,,,,,,,,,,,,3.79,1.90,3.28,5*09
$GPGSV,2,1,08,02,,,25,03,56,351,30,04,40,295,33,09,13,273,36,1*58
$GPGSV,2,2,08,16,20,135,34,26,31,103,35,28,,,27,31,46,043,37,1*57
$GPGSV,1,1,00,8*6D
$GLGSV,1,1,04,68,36,020,40,78,41,075,37,79,35,146,38,82,08,185,29,1*78
$GAGSV,1,1,00,7*73
$GAGSV,1,1,00,1*75
$GBGSV,2,1,05,06,,,31,07,34,043,38,12,30,312,33,23,27,054,34,1*4A
$GBGSV,2,2,05,32,40,055,40,1*42
$GBGSV,1,1,00,5*72
$GQGSV,1,1,00,1*65
$GQGSV,1,1,00,8*6C
$GNGGA,113423.100,2520.064870,N,05128.161433,E,1,14,1.90,22.099,M,-24.283,M,,*6E
$GNRMC,113423.100,A,2520.064870,N,05128.161433,E,0.004,234.60,200726,,,A,V*3F
$GNGLL,2520.064870,N,05128.161433,E,113423.100,A,A*44
$GNVTG,234.60,T,,M,0.004,N,0.007,K,A*23
$GNGGA,113423.200,2520.064870,N,05128.161433,E,1,14,1.90,22.099,M,-24.283,M,,*6D
$GNRMC,113423.200,A,2520.064870,N,05128.161433,E,0.002,234.60,200726,,,A,V*3A
$GNGLL,2520.064870,N,05128.161433,E,113423.200,A,A*47
$GNVTG,234.60,T,,M,0.002,N,0.004,K,A*26
$GNGGA,113423.300,2520.064870,N,05128.161433,E,1,14,1.89,22.099,M,-24.283,M,,*64
$GNRMC,113423.300,A,2520.064870,N,05128.161433,E,0.003,234.60,200726,,,A,V*3A
$GNGLL,2520.064870,N,05128.161433,E,113423.300,A,A*46
$GNVTG,234.60,T,,M,0.003,N,0.005,K,A*26
$GNGGA,113423.400,2520.064870,N,05128.161433,E,1,14,1.89,22.099,M,-24.283,M,,*63
$GNRMC,113423.400,A,2520.064870,N,05128.161433,E,0.001,234.60,200726,,,A,V*3F
$GNGLL,2520.064870,N,05128.161433,E,113423.400,A,A*41
$GNVTG,234.60,T,,M,0.001,N,0.003,K,A*22
$GNGGA,113423.500,2520.064870,N,05128.161433,E,1,14,1.89,22.099,M,-24.283,M,,*62
$GNRMC,113423.500,A,2520.064870,N,05128.161433,E,0.001,234.60,200726,,,A,V*3E
$GNGLL,2520.064870,N,05128.161433,E,113423.500,A,A*40
$GNVTG,234.60,T,,M,0.001,N,0.001,K,A*20
$GNGGA,113423.600,2520.064870,N,05128.161434,E,1,14,1.89,22.099,M,-24.283,M,,*66
$GNRMC,113423.600,A,2520.064870,N,05128.161434,E,0.001,234.60,200726,,,A,V*3A
$GNGLL,2520.064870,N,05128.161434,E,113423.600,A,A*44
$GNVTG,234.60,T,,M,0.001,N,0.003,K,A*22
$GNGGA,113423.700,2520.064870,N,05128.161433,E,1,14,1.89,22.099,M,-24.283,M,,*60
$GNRMC,113423.700,A,2520.064870,N,05128.161433,E,0.005,234.60,200726,,,A,V*38
$GNGLL,2520.064870,N,05128.161433,E,113423.700,A,A*42
$GNVTG,234.60,T,,M,0.005,N,0.008,K,A*2D
$GNGGA,113423.800,2520.064870,N,05128.161433,E,1,14,1.89,22.099,M,-24.283,M,,*6F
$GNRMC,113423.800,A,2520.064870,N,05128.161433,E,0.004,234.60,200726,,,A,V*36
$GNGLL,2520.064870,N,05128.161433,E,113423.800,A,A*4D
$GNVTG,234.60,T,,M,0.004,N,0.007,K,A*23
$GNGGA,113423.900,2520.064870,N,05128.161433,E,1,14,1.89,22.099,M,-24.283,M,,*6E
$GNRMC,113423.900,A,2520.064870,N,05128.161433,E,0.007,234.60,200726,,,A,V*34
$GNGLL,2520.064870,N,05128.161433,E,113423.900,A,A*4C
$GNVTG,234.60,T,,M,0.007,N,0.012,K,A*24
$GNGGA,113424.000,2520.064870,N,05128.161433,E,1,14,1.89,22.099,M,-24.283,M,,*60
$GNRMC,113424.000,A,2520.064870,N,05128.161433,E,0.003,234.60,200726,,,A,V*3E
$GNGLL,2520.064870,N,05128.161433,E,113424.000,A,A*42
$GNVTG,234.60,T,,M,0.003,N,0.006,K,A*25
$GNGSA,A,3,03,04,09,16,26,31,,,,,,,3.79,1.89,3.28,1*0A
$GNGSA,A,3,68,78,79,82,,,,,,,,,3.79,1.89,3.28,2*03
$GNGSA,A,3,,,,,,,,,,,,,3.79,1.89,3.28,3*07
$GNGSA,A,3,07,12,23,32,,,,,,,,,3.79,1.89,3.28,4*04
$GNGSA,A,3,,,,,,,,,,,,,3.79,1.89,3.28,5*01
$GPGSV,2,1,08,02,,,25,03,56,351,30,04,40,295,34,09,13,273,36,1*5F
$GPGSV,2,2,08,16,20,135,34,26,31,103,36,28,,,29,31,46,043,37,1*5A
$GPGSV,1,1,00,8*6D
$GLGSV,1,1,04,68,36,020,39,78,41,075,38,79,35,146,38,82,08,185,29,1*79
$GAGSV,1,1,00,7*73
$GAGSV,1,1,00,1*75
$GBGSV,2,1,05,06,,,31,07,34,043,37,12,30,312,34,23,27,054,33,1*45
$GBGSV,2,2,05,32,40,056,40,1*41
$GBGSV,1,1,00,5*72
$GQGSV,1,1,00,1*65
$GQGSV,1,1,00,8*6C
$GNGGA,113424.100,2520.064870,N,05128.161433,E,1,14,1.89,22.099,M,-24.283,M,,*61
$GNRMC,113424.100,A,2520.064870,N,05128.161433,E,0.003,234.60,200726,,,A,V*3F
$GNGLL,2520.064870,N,05128.161433,E,113424.100,A,A*43
$GNVTG,234.60,T,,M,0.003,N,0.005,K,A*26
$GNGGA,113424.200,2520.064870,N,05128.161433,E,1,14,1.89,22.099,M,-24.283,M,,*62
$GNRMC,113424.200,A,2520.064870,N,05128.161433,E,0.003,234.60,200726,,,A,V*3C
$GNGLL,2520.064870,N,05128.161433,E,113424.200,A,A*40
$GNVTG,234.60,T,,M,0.003,N,0.006,K,A*25
$GNGGA,113424.300,2520.064870,N,05128.161433,E,1,14,1.89,22.099,M,-24.283,M,,*63
$GNRMC,113424.300,A,2520.064870,N,05128.161433,E,0.006,234.60,200726,,,A,V*38
$GNGLL,2520.064870,N,05128.161433,E,113424.300,A,A*41
$GNVTG,234.60,T,,M,0.006,N,0.011,K,A*26
$GNGGA,113424.400,2520.064870,N,05128.161433,E,1,14,1.89,22.099,M,-24.283,M,,*64
$GNRMC,113424.400,A,2520.064870,N,05128.161433,E,0.003,234.60,200726,,,A,V*3A
$GNGLL,2520.064870,N,05128.161433,E,113424.400,A,A*46
$GNVTG,234.60,T,,M,0.003,N,0.006,K,A*25
$GNGGA,113424.500,2520.064870,N,05128.161433,E,1,14,1.89,22.099,M,-24.283,M,,*65
$GNRMC,113424.500,A,2520.064870,N,05128.161433,E,0.003,234.60,200726,,,A,V*3B
$GNGLL,2520.064870,N,05128.161433,E,113424.500,A,A*47
$GNVTG,234.60,T,,M,0.003,N,0.006,K,A*25
$GNGGA,113424.600,2520.064870,N,05128.161433,E,1,14,1.89,22.099,M,-24.283,M,,*66
$GNRMC,113424.600,A,2520.064870,N,05128.161433,E,0.008,234.60,200726,,,A,V*33
$GNGLL,2520.064870,N,05128.161433,E,113424.600,A,A*44
$GNVTG,234.60,T,,M,0.008,N,0.014,K,A*2D
$GNGGA,113424.700,2520.064870,N,05128.161433,E,1,14,1.89,22.099,M,-24.283,M,,*67
$GNRMC,113424.700,A,2520.064870,N,05128.161433,E,0.003,234.60,200726,,,A,V*39
$GNGLL,2520.064870,N,05128.161433,E,113424.700,A,A*45
$GNVTG,234.60,T,,M,0.003,N,0.006,K,A*25
$GNGGA,113424.800,2520.064870,N,05128.161433,E,1,14,1.89,22.099,M,-24.283,M,,*68
$GNRMC,113424.800,A,2520.064870,N,05128.161433,E,0.009,234.60,200726,,,A,V*3C
$GNGLL,2520.064870,N,05128.161433,E,113424.800,A,A*4A
$GNVTG,234.60,T,,M,0.009,N,0.016,K,A*2E
$GNGGA,113424.900,2520.064870,N,05128.161433,E,1,14,1.89,22.099,M,-24.283,M,,*69
$GNRMC,113424.900,A,2520.064870,N,05128.161433,E,0.004,234.60,200726,,,A,V*30
$GNGLL,2520.064870,N,05128.161433,E,113424.900,A,A*4B
$GNVTG,234.60,T,,M,0.004,N,0.007,K,A*23
$GNGGA,113425.000,2520.064870,N,05128.161433,E,1,14,1.89,22.099,M,-24.283,M,,*61
$GNRMC,113425.000,A,2520.064870,N,05128.161433,E,0.004,234.60,200726,,,A,V*38
$GNGLL,2520.064870,N,05128.161433,E,113425.000,A,A*43
$GNVTG,234.60,T,,M,0.004,N,0.007,K,A*23
$GNGSA,A,3,03,04,09,16,26,31,,,,,,,3.79,1.89,3.28,1*0A
$GNGSA,A,3,68,78,79,82,,,,,,,,,3.79,1.89,3.28,2*03
$GNGSA,A,3,,,,,,,,,,,,,3.79,1.89,3.28,3*07
$GNGSA,A,3,07,12,23,32,,,,,,,,,3.79,1.89,3.28,4*04
$GNGSA,A,3,,,,,,,,,,,,,3.79,1.89,3.28,5*01
$GPGSV,2,1,08,02,,,26,03,56,351,29,04,40,295,34,09,13,273,36,1*54
$GPGSV,2,2,08,16,20,135,34,26,31,103,35,28,,,30,31,46,043,36,1*50
$GPGSV,1,1,00,8*6D
$GLGSV,1,1,04,68,36,020,40,78,41,075,37,79,35,146,38,82,08,185,29,1*78
$GAGSV,1,1,00,7*73
$GAGSV,1,1,00,1*75
$GBGSV,2,1,05,06,,,31,07,34,043,37,12,30,312,33,23,27,054,33,1*42
$GBGSV,2,2,05,32,40,056,40,1*41
$GBGSV,1,1,00,5*72
$GQGSV,1,1,00,1*65
$GQGSV,1,1,00,8*6C
$GNGGA,113425.100,2520.064870,N,05128.161433,E,1,14,1.89,22.098,M,-24.282,M,,*60
$GNRMC,113425.100,A,2520.064870,N,05128.161433,E,0.002,234.60,200726,,,A,V*3F
$GNGLL,2520.064870,N,05128.161433,E,113425.100,A,A*42
$GNVTG,234.60,T,,M,0.002,N,0.004,K,A*26
$GNGGA,113425.200,2520.064870,N,05128.161432,E,1,14,1.89,22.098,M,-24.282,M,,*62
$GNRMC,113425.200,A,2520.064870,N,05128.161432,E,0.008,234.60,200726,,,A,V*37
$GNGLL,2520.064870,N,05128.161432,E,113425.200,A,A*40
$GNVTG,234.60,T,,M,0.008,N,0.015,K,A*2C
$GNGGA,113425.300,2520.064870,N,05128.161432,E,1,14,1.89,22.098,M,-24.282,M,,*63
$GNRMC,113425.300,A,2520.064870,N,05128.161432,E,0.010,234.60,200726,,,A,V*3F
$GNGLL,2520.064870,N,05128.161432,E,113425.300,A,A*41
$GNVTG,234.60,T,,M,0.010,N,0.018,K,A*28
$GNGGA,113425.400,2520.064870,N,05128.161432,E,1,14,1.89,22.098,M,-24.282,M,,*64
$GNRMC,113425.400,A,2520.064870,N,05128.161432,E,0.011,234.60,200726,,,A,V*39
$GNGLL,2520.064870,N,05128.161432,E,113425.400,A,A*46
$GNVTG,234.60,T,,M,0.011,N,0.020,K,A*22
$GNGGA,113425.500,2520.064870,N,05128.161432,E,1,14,1.89,22.098,M,-24.282,M,,*65
$GNRMC,113425.500,A,2520.064870,N,05128.161432,E,0.009,234.60,200726,,,A,V*31
$GNGLL,2520.064870,N,05128.161432,E,113425.500,A,A*47
$GNVTG,234.60,T,,M,0.009,N,0.016,K,A*2E
$GNGGA,113425.600,2520.064870,N,05128.161432,E,1,14,1.89,22.098,M,-24.282,M,,*66
$GNRMC,113425.600,A,2520.064870,N,05128.161432,E,0.005,234.60,200726,,,A,V*3E
$GNGLL,2520.064870,N,05128.161432,E,113425.600,A,A*44
$GNVTG,234.60,T,,M,0.005,N,0.009,K,A*2C
$GNGGA,113425.700,2520.064870,N,05128.161432,E,1,14,1.89,22.098,M,-24.282,M,,*67
$GNRMC,113425.700,A,2520.064870,N,05128.161432,E,0.009,234.60,200726,,,A,V*33
$GNGLL,2520.064870,N,05128.161432,E,113425.700,A,A*45
$GNVTG,234.60,T,,M,0.009,N,0.016,K,A*2E
$GNGGA,113425.800,2520.064871,N,05128.161431,E,1,14,1.90,22.098,M,-24.282,M,,*62
$GNRMC,113425.800,A,2520.064871,N,05128.161431,E,0.006,234.60,200726,,,A,V*31
$GNGLL,2520.064871,N,05128.161431,E,113425.800,A,A*48
$GNVTG,234.60,T,,M,0.006,N,0.011,K,A*26
$GNGGA,113425.900,2520.064870,N,05128.161431,E,1,14,1.90,22.098,M,-24.282,M,,*62
$GNRMC,113425.900,A,2520.064870,N,05128.161431,E,0.008,234.60,200726,,,A,V*3F
$GNGLL,2520.064870,N,05128.161431,E,113425.900,A,A*48
$GNVTG,234.60,T,,M,0.008,N,0.014,K,A*2D
$GNGGA,113426.000,2520.064870,N,05128.161431,E,1,14,1.90,22.098,M,-24.282,M,,*68
$GNRMC,113426.000,A,2520.064870,N,05128.161431,E,0.008,234.60,200726,,,A,V*35
$GNGLL,2520.064870,N,05128.161431,E,113426.000,A,A*42
$GNVTG,234.60,T,,M,0.008,N,0.016,K,A*2F
$GNGSA,A,3,03,04,09,16,26,31,,,,,,,4.07,1.90,3.60,1*00
$GNGSA,A,3,68,78,79,82,,,,,,,,,4.07,1.90,3.60,2*09
$GNGSA,A,3,,,,,,,,,,,,,4.07,1.90,3.60,3*0D
$GNGSA,A,3,07,12,23,32,,,,,,,,,4.07,1.90,3.60,4*0E
$GNGSA,A,3,,,,,,,,,,,,,4.07,1.90,3.60,5*0B
$GPGSV,2,1,08,02,,,25,03,56,351,30,04,40,295,34,09,13,273,36,1*5F
$GPGSV,2,2,08,16,20,135,33,26,31,103,35,28,,,30,31,46,043,37,1*56
$GPGSV,1,1,00,8*6D
$GLGSV,1,1,04,68,36,020,39,78,41,075,37,79,35,146,37,82,08,185,29,1*79
$GAGSV,1,1,00,7*73
$GAGSV,1,1,00,1*75
$GBGSV,2,1,05,06,,,31,07,34,043,37,12,30,312,33,23,27,054,33,1*42
$GBGSV,2,2,05,32,40,056,40,1*41
$GBGSV,1,1,00,5*72
$GQGSV,1,1,00,1*65
$GQGSV,1,1,00,8*6C
$GNGGA,113426.100,2520.064870,N,05128.161431,E,1,14,1.90,22.099,M,-24.283,M,,*69
$GNRMC,113426.100,A,2520.064870,N,05128.161431,E,0.010,234.60,200726,,,A,V*3D
$GNGLL,2520.064870,N,05128.161431,E,113426.100,A,A*43
$GNVTG,234.60,T,,M,0.010,N,0.018,K,A*28
$GNGGA,113426.200,2520.064870,N,05128.161431,E,1,14,1.90,22.099,M,-24.283,M,,*6A
$GNRMC,113426.200,A,2520.064870,N,05128.161431,E,0.006,234.60,200726,,,A,V*39
$GNGLL,2520.064870,N,05128.161431,E,113426.200,A,A*40
$GNVTG,234.60,T,,M,0.006,N,0.011,K,A*26
$GNGGA,113426.300,2520.064871,N,05128.161431,E,1,14,1.90,22.099,M,-24.283,M,,*6A
$GNRMC,113426.300,A,2520.064871,N,05128.161431,E,0.008,234.60,200726,,,A,V*37
$GNGLL,2520.064871,N,05128.161431,E,113426.300,A,A*40
$GNVTG,234.60,T,,M,0.008,N,0.014,K,A*2D
$GNGGA,113426.400,2520.064870,N,05128.161431,E,1,14,1.90,22.099,M,-24.283,M,,*6C
$GNRMC,113426.400,A,2520.064870,N,05128.161431,E,0.002,234.60,200726,,,A,V*3B
$GNGLL,2520.064870,N,05128.161431,E,113426.400,A,A*46
$GNVTG,234.60,T,,M,0.002,N,0.004,K,A*26
$GNGGA,113426.500,2520.064870,N,05128.161430,E,1,14,1.90,22.099,M,-24.283,M,,*6C
$GNRMC,113426.500,A,2520.064870,N,05128.161430,E,0.006,234.60,200726,,,A,V*3F
$GNGLL,2520.064870,N,05128.161430,E,113426.500,A,A*46
$GNVTG,234.60,T,,M,0.006,N,0.011,K,A*26
$GNGGA,113426.600,2520.064870,N,05128.161431,E,1,14,1.89,22.099,M,-24.283,M,,*66
$GNRMC,113426.600,A,2520.064870,N,05128.161431,E,0.002,234.60,200726,,,A,V*39
$GNGLL,2520.064870,N,05128.161431,E,113426.600,A,A*44
$GNVTG,234.60,T,,M,0.002,N,0.004,K,A*26
$GNGGA,113426.700,2520.064870,N,05128.161430,E,1,14,1.90,22.099,M,-24.283,M,,*6E
$GNRMC,113426.700,A,2520.064870,N,05128.161430,E,0.004,234.60,200726,,,A,V*3F
$GNGLL,2520.064870,N,05128.161430,E,113426.700,A,A*44
$GNVTG,234.60,T,,M,0.004,N,0.008,K,A*2C
$GNGGA,113426.800,2520.064870,N,05128.161430,E,1,14,1.90,22.099,M,-24.283,M,,*61
$GNRMC,113426.800,A,2520.064870,N,05128.161430,E,0.004,234.60,200726,,,A,V*30
$GNGLL,2520.064870,N,05128.161430,E,113426.800,A,A*4B
$GNVTG,234.60,T,,M,0.004,N,0.007,K,A*23
$GNGGA,113426.900,2520.064870,N,05128.161430,E,1,14,1.90,22.099,M,-24.283,M,,*60
$GNRMC,113426.900,A,2520.064870,N,05128.161430,E,0.005,234.60,200726,,,A,V*30
$GNGLL,2520.064870,N,05128.161430,E,113426.900,A,A*4A
$GNVTG,234.60,T,,M,0.005,N,0.009,K,A*2C
$GNGGA,113427.000,2520.064870,N,05128.161430,E,1,14,1.89,22.099,M,-24.283,M,,*60
$GNRMC,113427.000,A,2520.064870,N,05128.161430,E,0.005,234.60,200726,,,A,V*38
$GNGLL,2520.064870,N,05128.161430,E,113427.000,A,A*42
$GNVTG,234.60,T,,M,0.005,N,0.009,K,A*2C
$GNGSA,A,3,03,04,09,16,26,31,,,,,,,3.79,1.89,3.28,1*0A
$GNGSA,A,3,68,78,79,82,,,,,,,,,3.79,1.89,3.28,2*03
$GNGSA,A,3,,,,,,,,,,,,,3.79,1.89,3.28,3*07
$GNGSA,A,3,07,12,23,32,,,,,,,,,3.79,1.89,3.28,4*04
$GNGSA,A,3,,,,,,,,,,,,,3.79,1.89,3.28,5*01
$GPGSV,2,1,08,02,,,25,03,56,351,29,04,40,295,34,09,13,273,37,1*56
$GPGSV,2,2,08,16,20,135,34,26,31,103,35,28,,,30,31,46,043,37,1*51
$GPGSV,1,1,00,8*6D
$GLGSV,1,1,04,68,36,020,39,78,41,075,37,79,35,146,38,82,08,185,29,1*76
$GAGSV,1,1,00,7*73
$GAGSV,1,1,00,1*75
$GBGSV,2,1,05,06,,,31,07,34,043,37,12,30,312,34,23,27,054,32,1*44
$GBGSV,2,2,05,32,40,056,39,1*4F
$GBGSV,1,1,00,5*72
$GQGSV,1,1,00,1*65
$GQGSV,1,1,00,8*6C
$GNGGA,113427.100,2520.064870,N,05128.161430,E,1,14,1.90,22.099,M,-24.283,M,,*69
$GNRMC,113427.100,A,2520.064870,N,05128.161430,E,0.004,234.60,200726,,,A,V*38
$GNGLL,2520.064870,N,05128.161430,E,113427.100,A,A*43
$GNVTG,234.60,T,,M,0.004,N,0.008,K,A*2C
$GNGGA,113427.200,2520.064871,N,05128.161430,E,1,14,1.90,22.099,M,-24.283,M,,*6B
$GNRMC,113427.200,A,2520.064871,N,05128.161430,E,0.004,234.60,200726,,,A,V*3A
$GNGLL,2520.064871,N,05128.161430,E,113427.200,A,A*41
$GNVTG,234.60,T,,M,0.004,N,0.008,K,A*2C
$GNGGA,113427.300,2520.064871,N,05128.161430,E,1,14,1.90,22.099,M,-24.283,M,,*6A
$GNRMC,113427.300,A,2520.064871,N,05128.161430,E,0.003,234.60,200726,,,A,V*3C
$GNGLL,2520.064871,N,05128.161430,E,113427.300,A,A*40
$GNVTG,234.60,T,,M,0.003,N,0.006,K,A*25
$GNGGA,113427.400,2520.064871,N,05128.161430,E,1,14,1.89,22.099,M,-24.283,M,,*65
$GNRMC,113427.400,A,2520.064871,N,05128.161430,E,0.004,234.60,200726,,,A,V*3C
$GNGLL,2520.064871,N,05128.161430,E,113427.400,A,A*47
$GNVTG,234.60,T,,M,0.004,N,0.007,K,A*23
$GNGGA,113427.500,2520.064871,N,05128.161430,E,1,14,1.89,22.100,M,-24.283,M,,*65
$GNRMC,113427.500,A,2520.064871,N,05128.161430,E,0.003,234.60,200726,,,A,V*3A
$GNGLL,2520.064871,N,05128.161430,E,113427.500,A,A*46
$GNVTG,234.60,T,,M,0.003,N,0.006,K,A*25
$GNGGA,113427.600,2520.064871,N,05128.161430,E,1,14,1.89,22.100,M,-24.283,M,,*66
$GNRMC,113427.600,A,2520.064871,N,05128.161430,E,0.002,234.60,200726,,,A,V*38
$GNGLL,2520.064871,N,05128.161430,E,113427.600,A,A*45
$GNVTG,234.60,T,,M,0.002,N,0.003,K,A*21
$GNGGA,113427.700,2520.064871,N,05128.161430,E,1,14,1.89,22.100,M,-24.283,M,,*67
$GNRMC,113427.700,A,2520.064871,N,05128.161430,E,0.005,234.60,200726,,,A,V*3E
$GNGLL,2520.064871,N,05128.161430,E,113427.700,A,A*44
$GNVTG,234.60,T,,M,0.005,N,0.010,K,A*24
$GNGGA,113427.800,2520.064871,N,05128.161430,E,1,14,1.89,22.100,M,-24.283,M,,*68
$GNRMC,113427.800,A,2520.064871,N,05128.161430,E,0.004,234.60,200726,,,A,V*30
$GNGLL,2520.064871,N,05128.161430,E,113427.800,A,A*4B
$GNVTG,234.60,T,,M,0.004,N,0.008,K,A*2C
$GNGGA,113427.900,2520.064871,N,05128.161430,E,1,14,1.89,22.100,M,-24.283,M,,*69
$GNRMC,113427.900,A,2520.064871,N,05128.161430,E,0.007,234.60,200726,,,A,V*32
$GNGLL,2520.064871,N,05128.161430,E,113427.900,A,A*4A
$GNVTG,234.60,T,,M,0.007,N,0.012,K,A*24
$GNGGA,113428.000,2520.064871,N,05128.161430,E,1,14,1.89,22.100,M,-24.283,M,,*6F
$GNRMC,113428.000,A,2520.064871,N,05128.161430,E,0.006,234.60,200726,,,A,V*35
$GNGLL,2520.064871,N,05128.161430,E,113428.000,A,A*4C
$GNVTG,234.60,T,,M,0.006,N,0.011,K,A*26
$GNGSA,A,3,03,04,09,16,26,31,,,,,,,3.78,1.89,3.28,1*0B
$GNGSA,A,3,68,78,79,82,,,,,,,,,3.78,1.89,3.28,2*02
$GNGSA,A,3,,,,,,,,,,,,,3.78,1.89,3.28,3*06
$GNGSA,A,3,07,12,23,32,,,,,,,,,3.78,1.89,3.28,4*05
$GNGSA,A,3,,,,,,,,,,,,,3.78,1.89,3.28,5*00
$GPGSV,2,1,08,02,,,26,03,56,351,29,04,40,295,33,09,13,273,36,1*53
$GPGSV,2,2,08,16,20,135,33,26,31,103,36,28,,,30,31,46,043,37,1*55
$GPGSV,1,1,00,8*6D
$GLGSV,1,1,04,68,36,020,40,78,41,075,37,79,35,146,37,82,08,185,28,1*76
$GAGSV,1,1,00,7*73
$GAGSV,1,1,00,1*75
$GBGSV,2,1,05,06,,,30,07,34,042,37,12,30,312,34,23,27,054,33,1*45
$GBGSV,2,2,05,32,40,056,39,1*4F
$GBGSV,1,1,00,5*72
$GQGSV,1,1,00,1*65
$GQGSV,1,1,00,8*6C
$GNGGA,113428.100,2520.064871,N,05128.161430,E,1,14,1.89,22.099,M,-24.282,M,,*6E
$GNRMC,113428.100,A,2520.064871,N,05128.161430,E,0.005,234.60,200726,,,A,V*37
$GNGLL,2520.064871,N,05128.161430,E,113428.100,A,A*4D
$GNVTG,234.60,T,,M,0.005,N,0.009,K,A*2C
$GNGGA,113428.200,2520.064871,N,05128.161429,E,1,14,1.89,22.099,M,-24.282,M,,*65
$GNRMC,113428.200,A,2520.064871,N,05128.161429,E,0.005,234.60,200726,,,A,V*3C
$GNGLL,2520.064871,N,05128.161429,E,113428.200,A,A*46
$GNVTG,234.60,T,,M,0.005,N,0.009,K,A*2C
$GNGGA,113428.300,2520.064871,N,05128.161429,E,1,14,1.89,22.099,M,-24.282,M,,*64
$GNRMC,113428.300,A,2520.064871,N,05128.161429,E,0.005,234.60,200726,,,A,V*3D
$GNGLL,2520.064871,N,05128.161429,E,113428.300,A,A*47
$GNVTG,234.60,T,,M,0.005,N,0.009,K,A*2C
$GNGGA,113428.400,2520.064871,N,05128.161429,E,1,14,1.89,22.099,M,-24.282,M,,*63
$GNRMC,113428.400,A,2520.064871,N,05128.161429,E,0.005,234.60,200726,,,A,V*3A
$GNGLL,2520.064871,N,05128.161429,E,113428.400,A,A*40
$GNVTG,234.60,T,,M,0.005,N,0.009,K,A*2C
$GNGGA,113428.500,2520.064871,N,05128.161429,E,1,14,1.89,22.099,M,-24.282,M,,*62
$GNRMC,113428.500,A,2520.064871,N,05128.161429,E,0.010,234.60,200726,,,A,V*3F
$GNGLL,2520.064871,N,05128.161429,E,113428.500,A,A*41
$GNVTG,234.60,T,,M,0.010,N,0.019,K,A*29
$GNGGA,113428.600,2520.064871,N,05128.161429,E,1,14,1.89,22.099,M,-24.282,M,,*61
$GNRMC,113428.600,A,2520.064871,N,05128.161429,E,0.007,234.60,200726,,,A,V*3A
$GNGLL,2520.064871,N,05128.161429,E,113428.600,A,A*42
$GNVTG,234.60,T,,M,0.007,N,0.014,K,A*22
$GNGGA,113428.700,2520.064871,N,05128.161429,E,1,14,1.89,22.099,M,-24.282,M,,*60
$GNRMC,113428.700,A,2520.064871,N,05128.161429,E,0.006,234.60,200726,,,A,V*3A
$GNGLL,2520.064871,N,05128.161429,E,113428.700,A,A*43
$GNVTG,234.60,T,,M,0.006,N,0.011,K,A*26
$GNGGA,113428.800,2520.064871,N,05128.161428,E,1,14,1.89,22.099,M,-24.282,M,,*6E
$GNRMC,113428.800,A,2520.064871,N,05128.161428,E,0.008,234.60,200726,,,A,V*3A
$GNGLL,2520.064871,N,05128.161428,E,113428.800,A,A*4D
$GNVTG,234.60,T,,M,0.008,N,0.014,K,A*2D
$GNGGA,113428.900,2520.064871,N,05128.161428,E,1,14,1.89,22.099,M,-24.282,M,,*6F
$GNRMC,113428.900,A,2520.064871,N,05128.161428,E,0.007,234.60,200726,,,A,V*34
$GNGLL,2520.064871,N,05128.161428,E,113428.900,A,A*4C
$GNVTG,234.60,T,,M,0.007,N,0.013,K,A*25
$GNGGA,113429.000,2520.064871,N,05128.161428,E,1,14,1.89,22.099,M,-24.282,M,,*67
$GNRMC,113429.000,A,2520.064871,N,05128.161428,E,0.007,234.60,200726,,,A,V*3C
$GNGLL,2520.064871,N,05128.161428,E,113429.000,A,A*44
$GNVTG,234.60,T,,M,0.007,N,0.013,K,A*25
$GNGSA,A,3,03,04,09,16,26,31,,,,,,,3.78,1.89,3.28,1*0B
$GNGSA,A,3,68,78,79,82,,,,,,,,,3.78,1.89,3.28,2*02
$GNGSA,A,3,,,,,,,,,,,,,3.78,1.89,3.28,3*06
$GNGSA,A,3,07,12,23,32,,,,,,,,,3.78,1.89,3.28,4*05
$GNGSA,A,3,,,,,,,,,,,,,3.78,1.89,3.28,5*00
$GPGSV,2,1,08,02,,,26,03,56,351,30,04,40,295,34,09,13,273,36,1*5C
$GPGSV,2,2,08,16,20,135,34,26,31,103,36,28,,,29,31,46,043,37,1*5A
$GPGSV,1,1,00,8*6D
$GLGSV,1,1,04,68,36,020,39,78,41,075,37,79,35,146,38,82,08,185,28,1*77
$GAGSV,1,1,00,7*73
$GAGSV,1,1,00,1*75
$GBGSV,2,1,05,06,,,32,07,34,042,37,12,30,312,34,23,27,054,32,1*46
$GBGSV,2,2,05,32,40,056,40,1*41
$GBGSV,1,1,00,5*72
$GQGSV,1,1,00,1*65
$GQGSV,1,1,00,8*6C
$GNGGA,113429.100,2520.064871,N,05128.161428,E,1,14,1.89,22.100,M,-24.283,M,,*66
$GNRMC,113429.100,A,2520.064871,N,05128.161428,E,0.006,234.60,200726,,,A,V*3C
$GNGLL,2520.064871,N,05128.161428,E,113429.100,A,A*45
$GNVTG,234.60,T,,M,0.006,N,0.011,K,A*26
$GNGGA,113429.200,2520.064871,N,05128.161428,E,1,14,1.89,22.100,M,-24.283,M,,*65
$GNRMC,113429.200,A,2520.064871,N,05128.161428,E,0.005,234.60,200726,,,A,V*3C
$GNGLL,2520.064871,N,05128.161428,E,113429.200,A,A*46
$GNVTG,234.60,T,,M,0.005,N,0.009,K,A*2C
$GNGGA,113429.300,2520.064871,N,05128.161428,E,1,14,1.89,22.100,M,-24.283,M,,*64
$GNRMC,113429.300,A,2520.064871,N,05128.161428,E,0.004,234.60,200726,,,A,V*3C
$GNGLL,2520.064871,N,05128.161428,E,113429.300,A,A*47
$GNVTG,234.60,T,,M,0.004,N,0.007,K,A*23
$GNGGA,113429.400,2520.064871,N,05128.161428,E,1,14,1.89,22.100,M,-24.283,M,,*63
$GNRMC,113429.400,A,2520.064871,N,05128.161428,E,0.006,234.60,200726,,,A,V*39
$GNGLL,2520.064871,N,05128.161428,E,113429.400,A,A*40
$GNVTG,234.60,T,,M,0.006,N,0.011,K,A*26
$GNGGA,113429.500,2520.064871,N,05128.161428,E,1,14,1.89,22.100,M,-24.283,M,,*62
$GNRMC,113429.500,A,2520.064871,N,05128.161428,E,0.005,234.60,200726,,,A,V*3B
$GNGLL,2520.064871,N,05128.161428,E,113429.500,A,A*41
$GNVTG,234.60,T,,M,0.005,N,0.009,K,A*2C
$GNGGA,113429.600,2520.064871,N,05128.161428,E,1,14,1.89,22.100,M,-24.283,M,,*61
$GNRMC,113429.600,A,2520.064871,N,05128.161428,E,0.007,234.60,200726,,,A,V*3A
$GNGLL,2520.064871,N,05128.161428,E,113429.600,A,A*42
$GNVTG,234.60,T,,M,0.007,N,0.012,K,A*24
$GNGGA,113429.700,2520.064871,N,05128.161428,E,1,14,1.89,22.100,M,-24.283,M,,*60
$GNRMC,113429.700,A,2520.064871,N,05128.161428,E,0.004,234.60,200726,,,A,V*38
$GNGLL,2520.064871,N,05128.161428,E,113429.700,A,A*43
$GNVTG,234.60,T,,M,0.004,N,0.007,K,A*23
$GNGGA,113429.800,2520.064871,N,05128.161427,E,1,14,1.89,22.100,M,-24.283,M,,*60
$GNRMC,113429.800,A,2520.064871,N,05128.161427,E,0.007,234.60,200726,,,A,V*3B
$GNGLL,2520.064871,N,05128.161427,E,113429.800,A,A*43
$GNVTG,234.60,T,,M,0.007,N,0.012,K,A*24
$GNGGA,113429.900,2520.064871,N,05128.161427,E,1,14,1.89,22.100,M,-24.283,M,,*61
$GNRMC,113429.900,A,2520.064871,N,05128.161427,E,0.006,234.60,200726,,,A,V*3B
$GNGLL,2520.064871,N,05128.161427,E,113429.900,A,A*42
$GNVTG,234.60,T,,M,0.006,N,0.011,K,A*26
$GNGGA,113430.000,2520.064871,N,05128.161427,E,1,14,1.89,22.100,M,-24.283,M,,*60
$GNRMC,113430.000,A,2520.064871,N,05128.161427,E,0.003,234.60,200726,,,A,V*3F
$GNGLL,2520.064871,N,05128.161427,E,113430.000,A,A*43
$GNVTG,234.60,T,,M,0.003,N,0.005,K,A*26
$GNGSA,A,3,03,04,09,16,26,31,,,,,,,3.78,1.89,3.28,1*0B
$GNGSA,A,3,68,78,79,82,,,,,,,,,3.78,1.89,3.28,2*02
$GNGSA,A,3,,,,,,,,,,,,,3.78,1.89,3.28,3*06
$GNGSA,A,3,07,12,23,32,,,,,,,,,3.78,1.89,3.28,4*05
$GNGSA,A,3,,,,,,,,,,,,,3.78,1.89,3.28,5*00
$GPGSV,2,1,08,02,,,26,03,56,351,29,04,40,295,34,09,13,273,36,1*54
$GPGSV,2,2,08,16,20,135,34,26,31,103,35,28,,,30,31,46,043,37,1*51
$GPGSV,1,1,00,8*6D
$GLGSV,1,1,04,68,36,020,39,78,41,075,37,79,35,146,38,82,08,185,28,1*77
$GAGSV,1,1,00,7*73
$GAGSV,1,1,00,1*75
$GBGSV,2,1,05,06,,,30,07,34,042,38,12,30,312,34,23,27,054,32,1*4B
$GBGSV,2,2,05,32,40,056,39,1*4F
$GBGSV,1,1,00,5*72
$GQGSV,1,1,00,1*65
$GQGSV,1,1,00,8*6C
$GNGGA,113430.100,2520.064871,N,05128.161427,E,1,14,1.89,22.099,M,-24.283,M,,*60
$GNRMC,113430.100,A,2520.064871,N,05128.161427,E,0.009,234.60,200726,,,A,V*34
$GNGLL,2520.064871,N,05128.161427,E,113430.100,A,A*42
$GNVTG,234.60,T,,M,0.009,N,0.017,K,A*2F
$GNGGA,113430.200,2520.064871,N,05128.161427,E,1,15,1.89,22.099,M,-24.283,M,,*62
$GNRMC,113430.200,A,2520.064871,N,05128.161427,E,0.008,234.60,200726,,,A,V*36
$GNGLL,2520.064871,N,05128.161427,E,113430.200,A,A*41
$GNVTG,234.60,T,,M,0.008,N,0.015,K,A*2C
$GNGGA,113430.300,2520.064871,N,05128.161427,E,1,15,1.03,22.099,M,-24.283,M,,*61
$GNRMC,113430.300,A,2520.064871,N,05128.161427,E,0.008,234.60,200726,,,A,V*37
$GNGLL,2520.064871,N,05128.161427,E,113430.300,A,A*40
$GNVTG,234.60,T,,M,0.008,N,0.015,K,A*2C
$GNGGA,113430.400,2520.064871,N,05128.161427,E,1,15,1.03,22.099,M,-24.283,M,,*66
$GNRMC,113430.400,A,2520.064871,N,05128.161427,E,0.005,234.60,200726,,,A,V*3D
$GNGLL,2520.064871,N,05128.161427,E,113430.400,A,A*47
$GNVTG,234.60,T,,M,0.005,N,0.009,K,A*2C
$GNGGA,113430.500,2520.064870,N,05128.161426,E,1,15,1.03,22.099,M,-24.283,M,,*67
$GNRMC,113430.500,A,2520.064870,N,05128.161426,E,0.006,234.60,200726,,,A,V*3F
$GNGLL,2520.064870,N,05128.161426,E,113430.500,A,A*46
$GNVTG,234.60,T,,M,0.006,N,0.011,K,A*26
$GNGGA,113430.600,2520.064870,N,05128.161426,E,1,15,1.03,22.099,M,-24.283,M,,*64
$GNRMC,113430.600,A,2520.064870,N,05128.161426,E,0.006,234.60,200726,,,A,V*3C
$GNGLL,2520.064870,N,05128.161426,E,113430.600,A,A*45
$GNVTG,234.60,T,,M,0.006,N,0.012,K,A*25
$GNGGA,113430.700,2520.064870,N,05128.161426,E,1,15,1.03,22.099,M,-24.283,M,,*65
$GNRMC,113430.700,A,2520.064870,N,05128.161426,E,0.003,234.60,200726,,,A,V*38
$GNGLL,2520.064870,N,05128.161426,E,113430.700,A,A*44
$GNVTG,234.60,T,,M,0.003,N,0.005,K,A*26
$GNGGA,113430.800,2520.064870,N,05128.161426,E,1,15,1.03,22.099,M,-24.283,M,,*6A
$GNRMC,113430.800,A,2520.064870,N,05128.161426,E,0.004,234.60,200726,,,A,V*30
$GNGLL,2520.064870,N,05128.161426,E,113430.800,A,A*4B
$GNVTG,234.60,T,,M,0.004,N,0.008,K,A*2C
$GNGGA,113430.900,2520.064870,N,05128.161426,E,1,15,1.03,22.099,M,-24.283,M,,*6B
$GNRMC,113430.900,A,2520.064870,N,05128.161426,E,0.005,234.60,200726,,,A,V*30
$GNGLL,2520.064870,N,05128.161426,E,113430.900,A,A*4A
$GNVTG,234.60,T,,M,0.005,N,0.009,K,A*2C
$GNGGA,113431.000,2520.064870,N,05128.161426,E,1,15,1.03,22.099,M,-24.283,M,,*63
$GNRMC,113431.000,A,2520.064870,N,05128.161426,E,0.007,234.60,200726,,,A,V*3A
$GNGLL,2520.064870,N,05128.161426,E,113431.000,A,A*42
$GNVTG,234.60,T,,M,0.007,N,0.013,K,A*25
$GNGSA,A,3,03,04,09,16,26,28,31,,,,,,2.13,1.03,1.86,1*09
$GNGSA,A,3,68,78,79,82,,,,,,,,,2.13,1.03,1.86,2*0A
$GNGSA,A,3,,,,,,,,,,,,,2.13,1.03,1.86,3*0E
$GNGSA,A,3,07,12,23,32,,,,,,,,,2.13,1.03,1.86,4*0D
$GNGSA,A,3,,,,,,,,,,,,,2.13,1.03,1.86,5*08
$GPGSV,2,1,08,02,,,27,03,56,351,30,04,40,295,33,09,13,273,36,1*5A
$GPGSV,2,2,08,16,20,135,34,26,31,103,34,28,17,039,30,31,46,043,37,1*6C
$GPGSV,1,1,00,8*6D
$GLGSV,1,1,04,68,36,020,40,78,41,075,37,79,35,146,37,82,08,185,27,1*79
$GAGSV,1,1,01,19,,,37,7*7E
$GAGSV,1,1,00,1*75
$GBGSV,2,1,05,06,,,31,07,34,042,37,12,30,312,34,23,27,054,33,1*44
$GBGSV,2,2,05,32,40,056,39,1*4F
$GBGSV,1,1,00,5*72
$GQGSV,1,1,00,1*65
$GQGSV,1,1,00,8*6C
$GNGGA,113431.100,2520.064870,N,05128.161426,E,1,15,1.03,22.099,M,-24.283,M,,*62
$GNRMC,113431.100,A,2520.064870,N,05128.161426,E,0.009,234.60,200726,,,A,V*35
$GNGLL,2520.064870,N,05128.161426,E,113431.100,A,A*43
$GNVTG,234.60,T,,M,0.009,N,0.016,K,A*2E
$GNGGA,113431.200,2520.064870,N,05128.161426,E,1,15,1.03,22.099,M,-24.283,M,,*61
$GNRMC,113431.200,A,2520.064870,N,05128.161426,E,0.003,234.60,200726,,,A,V*3C
$GNGLL,2520.064870,N,05128.161426,E,113431.200,A,A*40
$GNVTG,234.60,T,,M,0.003,N,0.006,K,A*25
$GNGGA,113431.300,2520.064870,N,05128.161426,E,1,15,1.03,22.099,M,-24.283,M,,*60
$GNRMC,113431.300,A,2520.064870,N,05128.161426,E,0.001,234.60,200726,,,A,V*3F
$GNGLL,2520.064870,N,05128.161426,E,113431.300,A,A*41
$GNVTG,234.60,T,,M,0.001,N,0.003,K,A*22
$GNGGA,113431.400,2520.064870,N,05128.161426,E,1,15,1.03,22.099,M,-24.283,M,,*67
$GNRMC,113431.400,A,2520.064870,N,05128.161426,E,0.007,234.60,200726,,,A,V*3E
$GNGLL,2520.064870,N,05128.161426,E,113431.400,A,A*46
$GNVTG,234.60,T,,M,0.007,N,0.013,K,A*25
$GNGGA,113431.500,2520.064870,N,05128.161426,E,1,15,1.03,22.099,M,-24.283,M,,*66
$GNRMC,113431.500,A,2520.064870,N,05128.161426,E,0.009,234.60,200726,,,A,V*31
$GNGLL,2520.064870,N,05128.161426,E,113431.500,A,A*47
$GNVTG,234.60,T,,M,0.009,N,0.016,K,A*2E
$GNGGA,113431.600,2520.064870,N,05128.161425,E,1,15,1.03,22.099,M,-24.283,M,,*66
$GNRMC,113431.600,A,2520.064870,N,05128.161425,E,0.008,234.60,200726,,,A,V*30
$GNGLL,2520.064870,N,05128.161425,E,113431.600,A,A*47
$GNVTG,234.60,T,,M,0.008,N,0.015,K,A*2C
$GNGGA,113431.700,2520.064870,N,05128.161425,E,1,15,1.03,22.099,M,-24.283,M,,*67
$GNRMC,113431.700,A,2520.064870,N,05128.161425,E,0.007,234.60,200726,,,A,V*3E
$GNGLL,2520.064870,N,05128.161425,E,113431.700,A,A*46
$GNVTG,234.60,T,,M,0.007,N,0.014,K,A*22
$GNGGA,113431.800,2520.064870,N,05128.161425,E,1,15,1.03,22.099,M,-24.283,M,,*68
$GNRMC,113431.800,A,2520.064870,N,05128.161425,E,0.009,234.60,200726,,,A,V*3F
$GNGLL,2520.064870,N,05128.161425,E,113431.800,A,A*49
$GNVTG,234.60,T,,M,0.009,N,0.017,K,A*2F
$GNGGA,113431.900,2520.064870,N,05128.161425,E,1,15,1.03,22.099,M,-24.283,M,,*69
$GNRMC,113431.900,A,2520.064870,N,05128.161425,E,0.012,234.60,200726,,,A,V*34
$GNGLL,2520.064870,N,05128.161425,E,113431.900,A,A*48
$GNVTG,234.60,T,,M,0.012,N,0.021,K,A*20
$GNGGA,113432.000,2520.064870,N,05128.161424,E,1,15,1.03,22.099,M,-24.283,M,,*62
$GNRMC,113432.000,A,2520.064870,N,05128.161424,E,0.010,234.60,200726,,,A,V*3D
$GNGLL,2520.064870,N,05128.161424,E,113432.000,A,A*43
$GNVTG,234.60,T,,M,0.010,N,0.019,K,A*29
$GNGSA,A,3,03,04,09,16,26,28,31,,,,,,2.13,1.03,1.86,1*09
$GNGSA,A,3,68,78,79,82,,,,,,,,,2.13,1.03,1.86,2*0A
$GNGSA,A,3,,,,,,,,,,,,,2.13,1.03,1.86,3*0E
$GNGSA,A,3,07,12,23,32,,,,,,,,,2.13,1.03,1.86,4*0D
$GNGSA,A,3,,,,,,,,,,,,,2.13,1.03,1.86,5*08
$GPGSV,2,1,08,02,,,26,03,56,351,29,04,40,295,34,09,13,273,36,1*54
$GPGSV,2,2,08,16,20,135,34,26,31,103,35,28,17,039,30,31,46,043,38,1*62
$GPGSV,1,1,00,8*6D
$GLGSV,1,1,04,68,36,020,39,78,41,075,36,79,35,146,38,82,08,185,27,1*79
$GAGSV,1,1,01,19,,,37,7*7E
$GAGSV,1,1,00,1*75
$GBGSV,2,1,05,06,,,31,07,34,042,37,12,30,312,33,23,27,054,33,1*43
$GBGSV,2,2,05,32,40,056,39,1*4F
$GBGSV,1,1,00,5*72
$GQGSV,1,1,00,1*65
$GQGSV,1,1,00,8*6C
$GNGGA,113432.100,2520.064870,N,05128.161424,E,1,15,1.03,22.099,M,-24.283,M,,*63
$GNRMC,113432.100,A,2520.064870,N,05128.161424,E,0.006,234.60,200726,,,A,V*3B
$GNGLL,2520.064870,N,05128.161424,E,113432.100,A,A*42
$GNVTG,234.60,T,,M,0.006,N,0.011,K,A*26
$GNGGA,113432.200,2520.064870,N,05128.161424,E,1,15,1.03,22.099,M,-24.283,M,,*60
$GNRMC,113432.200,A,2520.064870,N,05128.161424,E,0.009,234.60,200726,,,A,V*37
$GNGLL,2520.064870,N,05128.161424,E,113432.200,A,A*41
$GNVTG,234.60,T,,M,0.009,N,0.017,K,A*2F
$GNGGA,113432.300,2520.064870,N,05128.161424,E,1,15,1.03,22.099,M,-24.283,M,,*61
$GNRMC,113432.300,A,2520.064870,N,05128.161424,E,0.009,234.60,200726,,,A,V*36
$GNGLL,2520.064870,N,05128.161424,E,113432.300,A,A*40
$GNVTG,234.60,T,,M,0.009,N,0.016,K,A*2E
$GNGGA,113432.400,2520.064870,N,05128.161424,E,1,15,1.03,22.099,M,-24.283,M,,*66
$GNRMC,113432.400,A,2520.064870,N,05128.161424,E,0.006,234.60,200726,,,A,V*3E
$GNGLL,2520.064870,N,05128.161424,E,113432.400,A,A*47
$GNVTG,234.60,T,,M,0.006,N,0.012,K,A*25
$GNGGA,113432.500,2520.064870,N,05128.161424,E,1,15,1.03,22.099,M,-24.283,M,,*67
$GNRMC,113432.500,A,2520.064870,N,05128.161424,E,0.007,234.60,200726,,,A,V*3E
$GNGLL,2520.064870,N,05128.161424,E,113432.500,A,A*46
$GNVTG,234.60,T,,M,0.007,N,0.013,K,A*25
$GNGGA,113432.600,2520.064870,N,05128.161423,E,1,15,1.03,22.099,M,-24.283,M,,*63
$GNRMC,113432.600,A,2520.064870,N,05128.161423,E,0.005,234.60,200726,,,A,V*38
$GNGLL,2520.064870,N,05128.161423,E,113432.600,A,A*42
$GNVTG,234.60,T,,M,0.005,N,0.009,K,A*2C
$GNGGA,113432.700,2520.064870,N,05128.161423,E,1,15,1.03,22.099,M,-24.283,M,,*62
$GNRMC,113432.700,A,2520.064870,N,05128.161423,E,0.009,234.60,200726,,,A,V*35
$GNGLL,2520.064870,N,05128.161423,E,113432.700,A,A*43
$GNVTG,234.60,T,,M,0.009,N,0.017,K,A*2F
$GNGGA,113432.800,2520.064870,N,05128.161423,E,1,15,1.03,22.099,M,-24.283,M,,*6D
$GNRMC,113432.800,A,2520.064870,N,05128.161423,E,0.005,234.60,200726,,,A,V*36
$GNGLL,2520.064870,N,05128.161423,E,113432.800,A,A*4C
$GNVTG,234.60,T,,M,0.005,N,0.009,K,A*2C
$GNGGA,113432.900,2520.064870,N,05128.161423,E,1,15,1.03,22.099,M,-24.283,M,,*6C
$GNRMC,113432.900,A,2520.064870,N,05128.161423,E,0.003,234.60,200726,,,A,V*31
$GNGLL,2520.064870,N,05128.161423,E,113432.900,A,A*4D
$GNVTG,234.60,T,,M,0.003,N,0.006,K,A*25
$GNGGA,113433.000,2520.064870,N,05128.161423,E,1,15,1.03,22.099,M,-24.283,M,,*64
$GNRMC,113433.000,A,2520.064870,N,05128.161423,E,0.003,234.60,200726,,,A,V*39
$GNGLL,2520.064870,N,05128.161423,E,113433.000,A,A*45
$GNVTG,234.60,T,,M,0.003,N,0.006,K,A*25
$GNGSA,A,3,03,04,09,16,26,28,31,,,,,,2.13,1.03,1.86,1*09
$GNGSA,A,3,68,78,79,82,,,,,,,,,2.13,1.03,1.86,2*0A
$GNGSA,A,3,,,,,,,,,,,,,2.13,1.03,1.86,3*0E
$GNGSA,A,3,07,12,23,32,,,,,,,,,2.13,1.03,1.86,4*0D
$GNGSA,A,3,,,,,,,,,,,,,2.13,1.03,1.86,5*08
$GPGSV,2,1,08,02,,,27,03,56,351,27,04,40,295,34,09,13,273,36,1*5B
$GPGSV,2,2,08,16,20,135,33,26,31,103,35,28,17,039,30,31,46,043,38,1*65
$GPGSV,1,1,00,8*6D
$GLGSV,1,1,04,68,36,020,39,78,41,075,36,79,35,146,37,82,08,185,28,1*79
$GAGSV,1,1,01,19,,,36,7*7F
$GAGSV,1,1,00,1*75
$GBGSV,2,1,05,06,,,31,07,34,042,37,12,30,312,33,23,27,054,33,1*43
$GBGSV,2,2,05,32,40,056,40,1*41
$GBGSV,1,1,00,5*72
$GQGSV,1,1,00,1*65
$GQGSV,1,1,00,8*6C
$GNGGA,113433.100,2520.064870,N,05128.161423,E,1,15,1.03,22.099,M,-24.283,M,,*65
$GNRMC,113433.100,A,2520.064870,N,05128.161423,E,0.008,234.60,200726,,,A,V*33
$GNGLL,2520.064870,N,05128.161423,E,113433.100,A,A*44
$GNVTG,234.60,T,,M,0.008,N,0.015,K,A*2C
$GNGGA,113433.200,2520.064870,N,05128.161423,E,1,15,1.03,22.099,M,-24.283,M,,*66
$GNRMC,113433.200,A,2520.064870,N,05128.161423,E,0.005,234.60,200726,,,A,V*3D
$GNGLL,2520.064870,N,05128.161423,E,113433.200,A,A*47
$GNVTG,234.60,T,,M,0.005,N,0.010,K,A*24
$GNGGA,113433.300,2520.064870,N,05128.161423,E,1,15,1.03,22.099,M,-24.283,M,,*67
$GNRMC,113433.300,A,2520.064870,N,05128.161423,E,0.005,234.60,200726,,,A,V*3C
$GNGLL,2520.064870,N,05128.161423,E,113433.300,A,A*46
$GNVTG,234.60,T,,M,0.005,N,0.008,K,A*2D
$GNGGA,113433.400,2520.064870,N,05128.161423,E,1,15,1.03,22.099,M,-24.283,M,,*60
$GNRMC,113433.400,A,2520.064870,N,05128.161423,E,0.005,234.60,200726,,,A,V*3B
$GNGLL,2520.064870,N,05128.161423,E,113433.400,A,A*41
$GNVTG,234.60,T,,M,0.005,N,0.010,K,A*24
$GNGGA,113433.500,2520.064870,N,05128.161423,E,1,15,1.03,22.099,M,-24.283,M,,*61
$GNRMC,113433.500,A,2520.064870,N,05128.161423,E,0.005,234.60,200726,,,A,V*3A
$GNGLL,2520.064870,N,05128.161423,E,113433.500,A,A*40
$GNVTG,234.60,T,,M,0.005,N,0.008,K,A*2D
$GNGGA,113433.600,2520.064870,N,05128.161422,E,1,15,1.03,22.100,M,-24.283,M,,*62
$GNRMC,113433.600,A,2520.064870,N,05128.161422,E,0.002,234.60,200726,,,A,V*3F
$GNGLL,2520.064870,N,05128.161422,E,113433.600,A,A*42
$GNVTG,234.60,T,,M,0.002,N,0.003,K,A*21
$GNGGA,113433.700,2520.064870,N,05128.161422,E,1,15,1.03,22.100,M,-24.283,M,,*63
$GNRMC,113433.700,A,2520.064870,N,05128.161422,E,0.004,234.60,200726,,,A,V*38
$GNGLL,2520.064870,N,05128.161422,E,113433.700,A,A*43
$GNVTG,234.60,T,,M,0.004,N,0.007,K,A*23
$GNGGA,113433.800,2520.064870,N,05128.161422,E,1,15,1.03,22.100,M,-24.283,M,,*6C
$GNRMC,113433.800,A,2520.064870,N,05128.161422,E,0.005,234.60,200726,,,A,V*36
$GNGLL,2520.064870,N,05128.161422,E,113433.800,A,A*4C
$GNVTG,234.60,T,,M,0.005,N,0.010,K,A*24
$GNGGA,113433.900,2520.064870,N,05128.161422,E,1,15,1.03,22.100,M,-24.283,M,,*6D
$GNRMC,113433.900,A,2520.064870,N,05128.161422,E,0.004,234.60,200726,,,A,V*36
$GNGLL,2520.064870,N,05128.161422,E,113433.900,A,A*4D
$GNVTG,234.60,T,,M,0.004,N,0.007,K,A*23
$GNGGA,113434.000,2520.064870,N,05128.161422,E,1,15,1.03,22.100,M,-24.283,M,,*63
$GNRMC,113434.000,A,2520.064870,N,05128.161422,E,0.007,234.60,200726,,,A,V*3B
$GNGLL,2520.064870,N,05128.161422,E,113434.000,A,A*43
$GNVTG,234.60,T,,M,0.007,N,0.013,K,A*25
$GNGSA,A,3,03,04,09,16,26,28,31,,,,,,2.13,1.03,1.86,1*09
$GNGSA,A,3,68,78,79,82,,,,,,,,,2.13,1.03,1.86,2*0A
$GNGSA,A,3,,,,,,,,,,,,,2.13,1.03,1.86,3*0E
$GNGSA,A,3,07,12,23,32,,,,,,,,,2.13,1.03,1.86,4*0D
$GNGSA,A,3,,,,,,,,,,,,,2.13,1.03,1.86,5*08
$GPGSV,2,1,08,02,,,27,03,56,351,29,04,40,295,34,09,13,273,35,1*56
$GPGSV,2,2,08,16,20,135,33,26,31,103,35,28,17,039,30,31,46,043,38,1*65
$GPGSV,1,1,00,8*6D
$GLGSV,1,1,04,68,36,020,40,78,41,075,37,79,35,146,38,82,08,185,27,1*76
$GAGSV,1,1,01,19,,,36,7*7F
$GAGSV,1,1,00,1*75
$GBGSV,2,1,05,06,,,31,07,34,042,37,12,30,312,33,23,27,054,32,1*42
$GBGSV,2,2,05,32,40,056,40,1*41
$GBGSV,1,1,00,5*72
$GQGSV,1,1,00,1*65
$GQGSV,1,1,00,8*6C
$GNGGA,113434.100,2520.064870,N,05128.161422,E,1,15,1.03,22.100,M,-24.283,M,,*62
$GNRMC,113434.100,A,2520.064870,N,05128.161422,E,0.006,234.60,200726,,,A,V*3B
$GNGLL,2520.064870,N,05128.161422,E,113434.100,A,A*42
$GNVTG,234.60,T,,M,0.006,N,0.011,K,A*26
$GNGGA,113434.200,2520.064870,N,05128.161422,E,1,15,1.03,22.100,M,-24.283,M,,*61
$GNRMC,113434.200,A,2520.064870,N,05128.161422,E,0.007,234.60,200726,,,A,V*39
$GNGLL,2520.064870,N,05128.161422,E,113434.200,A,A*41
$GNVTG,234.60,T,,M,0.007,N,0.013,K,A*25
$GNGGA,113434.300,2520.064870,N,05128.161422,E,1,15,1.03,22.100,M,-24.283,M,,*60
$GNRMC,113434.300,A,2520.064870,N,05128.161422,E,0.007,234.60,200726,,,A,V*38
$GNGLL,2520.064870,N,05128.161422,E,113434.300,A,A*40
$GNVTG,234.60,T,,M,0.007,N,0.013,K,A*25
$GNGGA,113434.400,2520.064870,N,05128.161422,E,1,15,1.03,22.100,M,-24.283,M,,*67
$GNRMC,113434.400,A,2520.064870,N,05128.161422,E,0.004,234.60,200726,,,A,V*3C
$GNGLL,2520.064870,N,05128.161422,E,113434.400,A,A*47
$GNVTG,234.60,T,,M,0.004,N,0.007,K,A*23
$GNGGA,113434.500,2520.064870,N,05128.161421,E,1,15,1.03,22.100,M,-24.283,M,,*65
$GNRMC,113434.500,A,2520.064870,N,05128.161421,E,0.007,234.60,200726,,,A,V*3D
$GNGLL,2520.064870,N,05128.161421,E,113434.500,A,A*45
$GNVTG,234.60,T,,M,0.007,N,0.013,K,A*25
$GNGGA,113434.600,2520.064870,N,05128.161421,E,1,15,1.03,22.100,M,-24.283,M,,*66
$GNRMC,113434.600,A,2520.064870,N,05128.161421,E,0.007,234.60,200726,,,A,V*3E
$GNGLL,2520.064870,N,05128.161421,E,113434.600,A,A*46
$GNVTG,234.60,T,,M,0.007,N,0.012,K,A*24
$GNGGA,113434.700,2520.064870,N,05128.161421,E,1,15,1.03,22.100,M,-24.283,M,,*67
$GNRMC,113434.700,A,2520.064870,N,05128.161421,E,0.010,234.60,200726,,,A,V*39
$GNGLL,2520.064870,N,05128.161421,E,113434.700,A,A*47
$GNVTG,234.60,T,,M,0.010,N,0.018,K,A*28
$GNGGA,113434.800,2520.064870,N,05128.161421,E,1,15,1.03,22.100,M,-24.283,M,,*68
$GNRMC,113434.800,A,2520.064870,N,05128.161421,E,0.005,234.60,200726,,,A,V*32
$GNGLL,2520.064870,N,05128.161421,E,113434.800,A,A*48
$GNVTG,234.60,T,,M,0.005,N,0.010,K,A*24
$GNGGA,113434.900,2520.064870,N,05128.161421,E,1,15,1.03,22.100,M,-24.283,M,,*69
$GNRMC,113434.900,A,2520.064870,N,05128.161421,E,0.007,234.60,200726,,,A,V*31
$GNGLL,2520.064870,N,05128.161421,E,113434.900,A,A*49
$GNVTG,234.60,T,,M,0.007,N,0.014,K,A*22
$GNGGA,113435.000,2520.064870,N,05128.161421,E,1,15,1.03,22.100,M,-24.283,M,,*61
$GNRMC,113435.000,A,2520.064870,N,05128.161421,E,0.005,234.60,200726,,,A,V*3B
$GNGLL,2520.064870,N,05128.161421,E,113435.000,A,A*41
$GNVTG,234.60,T,,M,0.005,N,0.008,K,A*2D
$GNGSA,A,3,03,04,09,16,26,28,31,,,,,,2.13,1.03,1.86,1*09
$GNGSA,A,3,68,78,79,82,,,,,,,,,2.13,1.03,1.86,2*0A
$GNGSA,A,3,,,,,,,,,,,,,2.13,1.03,1.86,3*0E
$GNGSA,A,3,07,12,23,32,,,,,,,,,2.13,1.03,1.86,4*0D
$GNGSA,A,3,,,,,,,,,,,,,2.13,1.03,1.86,5*08
$GPGSV,2,1,08,02,,,27,03,56,351,29,04,40,295,34,09,13,273,36,1*55
$GPGSV,2,2,08,16,20,135,33,26,31,103,34,28,17,039,29,31,46,043,37,1*63
$GPGSV,1,1,00,8*6D
$GLGSV,1,1,04,68,36,020,40,78,41,075,37,79,35,146,37,82,08,185,27,1*79
$GAGSV,1,1,02,19,,,35,23,,,37,7*7A
$GAGSV,1,1,00,1*75
$GBGSV,2,1,05,06,,,30,07,34,042,37,12,30,312,33,23,27,054,33,1*42
$GBGSV,2,2,05,32,40,056,39,1*4F
$GBGSV,1,1,00,5*72
$GQGSV,1,1,00,1*65
$GQGSV,1,1,00,8*6C
$GNGGA,113435.100,2520.064870,N,05128.161421,E,1,15,1.03,22.100,M,-24.283,M,,*60
$GNRMC,113435.100,A,2520.064870,N,05128.161421,E,0.006,234.60,200726,,,A,V*39
$GNGLL,2520.064870,N,05128.161421,E,113435.100,A,A*40
$GNVTG,234.60,T,,M,0.006,N,0.010,K,A*27
$GNGGA,113435.200,2520.064870,N,05128.161420,E,1,15,1.03,22.100,M,-24.283,M,,*62
$GNRMC,113435.200,A,2520.064870,N,05128.161420,E,0.008,234.60,200726,,,A,V*35
$GNGLL,2520.064870,N,05128.161420,E,113435.200,A,A*42
$GNVTG,234.60,T,,M,0.008,N,0.016,K,A*2F
$GNGGA,113435.300,2520.064870,N,05128.161420,E,1,15,1.03,22.100,M,-24.283,M,,*63
$GNRMC,113435.300,A,2520.064870,N,05128.161420,E,0.008,234.60,200726,,,A,V*34
$GNGLL,2520.064870,N,05128.161420,E,113435.300,A,A*43
$GNVTG,234.60,T,,M,0.008,N,0.015,K,A*2C
$GNGGA,113435.400,2520.064870,N,05128.161420,E,1,15,1.03,22.100,M,-24.283,M,,*64
$GNRMC,113435.400,A,2520.064870,N,05128.161420,E,0.003,234.60,200726,,,A,V*38
$GNGLL,2520.064870,N,05128.161420,E,113435.400,A,A*44
$GNVTG,234.60,T,,M,0.003,N,0.006,K,A*25
$GNGGA,113435.500,2520.064870,N,05128.161420,E,1,15,1.03,22.100,M,-24.283,M,,*65
$GNRMC,113435.500,A,2520.064870,N,05128.161420,E,0.007,234.60,200726,,,A,V*3D
$GNGLL,2520.064870,N,05128.161420,E,113435.500,A,A*45
$GNVTG,234.60,T,,M,0.007,N,0.013,K,A*25
$GNGGA,113435.600,2520.064870,N,05128.161420,E,1,15,1.03,22.100,M,-24.283,M,,*66
$GNRMC,113435.600,A,2520.064870,N,05128.161420,E,0.006,234.60,200726,,,A,V*3F
$GNGLL,2520.064870,N,05128.161420,E,113435.600,A,A*46
$GNVTG,234.60,T,,M,0.006,N,0.012,K,A*25
$GNGGA,113435.700,2520.064870,N,05128.161420,E,1,15,1.03,22.100,M,-24.283,M,,*67
$GNRMC,113435.700,A,2520.064870,N,05128.161420,E,0.002,234.60,200726,,,A,V*3A
$GNGLL,2520.064870,N,05128.161420,E,113435.700,A,A*47
$GNVTG,234.60,T,,M,0.002,N,0.004,K,A*26
$GNGGA,113435.800,2520.064870,N,05128.161420,E,1,15,1.03,22.100,M,-24.283,M,,*68
$GNRMC,113435.800,A,2520.064870,N,05128.161420,E,0.006,234.60,200726,,,A,V*31
$GNGLL,2520.064870,N,05128.161420,E,113435.800,A,A*48
$GNVTG,234.60,T,,M,0.006,N,0.011,K,A*26
$GNGGA,113435.900,2520.064870,N,05128.161420,E,1,15,1.03,22.100,M,-24.283,M,,*69
$GNRMC,113435.900,A,2520.064870,N,05128.161420,E,0.011,234.60,200726,,,A,V*36
$GNGLL,2520.064870,N,05128.161420,E,113435.900,A,A*49
$GNVTG,234.60,T,,M,0.011,N,0.021,K,A*23
$GNGGA,113436.000,2520.064870,N,05128.161419,E,1,15,1.03,22.100,M,-24.283,M,,*69
$GNRMC,113436.000,A,2520.064870,N,05128.161419,E,0.007,234.60,200726,,,A,V*31
$GNGLL,2520.064870,N,05128.161419,E,113436.000,A,A*49
$GNVTG,234.60,T,,M,0.007,N,0.013,K,A*25
$GNGSA,A,3,03,04,09,16,26,28,31,,,,,,2.13,1.03,1.86,1*09
$GNGSA,A,3,68,78,79,82,,,,,,,,,2.13,1.03,1.86,2*0A
$GNGSA,A,3,,,,,,,,,,,,,2.13,1.03,1.86,3*0E
$GNGSA,A,3,07,12,23,32,,,,,,,,,2.13,1.03,1.86,4*0D
$GNGSA,A,3,,,,,,,,,,,,,2.13,1.03,1.86,5*08
$GPGSV,2,1,08,02,,,26,03,56,351,29,04,40,295,33,09,13,273,36,1*53
$GPGSV,2,2,08,16,20,135,34,26,31,103,35,28,17,039,30,31,46,043,38,1*62
$GPGSV,1,1,00,8*6D
$GLGSV,1,1,04,68,36,020,39,78,41,075,36,79,35,146,38,82,08,185,26,1*78
$GAGSV,1,1,02,19,,,36,23,,,37,7*79
$GAGSV,1,1,00,1*75
$GBGSV,2,1,05,06,,,31,07,34,042,37,12,30,312,33,23,27,054,33,1*43
$GBGSV,2,2,05,32,40,056,39,1*4F
$GBGSV,1,1,00,5*72
$GQGSV,1,1,00,1*65
$GQGSV,1,1,00,8*6C
$GNGGA,113436.100,2520.064870,N,05128.161419,E,1,15,1.03,22.100,M,-24.283,M,,*68
$GNRMC,113436.100,A,2520.064870,N,05128.161419,E,0.005,234.60,200726,,,A,V*32
$GNGLL,2520.064870,N,05128.161419,E,113436.100,A,A*48
$GNVTG,234.60,T,,M,0.005,N,0.010,K,A*24
$GNGGA,113436.200,2520.064870,N,05128.161419,E,1,15,1.03,22.100,M,-24.283,M,,*6B
$GNRMC,113436.200,A,2520.064870,N,05128.161419,E,0.003,234.60,200726,,,A,V*37
$GNGLL,2520.064870,N,05128.161419,E,113436.200,A,A*4B
$GNVTG,234.60,T,,M,0.003,N,0.006,K,A*25
$GNGGA,113436.300,2520.064870,N,05128.161419,E,1,15,1.03,22.100,M,-24.283,M,,*6A
$GNRMC,113436.300,A,2520.064870,N,05128.161419,E,0.006,234.60,200726,,,A,V*33
$GNGLL,2520.064870,N,05128.161419,E,113436.300,A,A*4A
$GNVTG,234.60,T,,M,0.006,N,0.010,K,A*27
$GNGGA,113436.400,2520.064870,N,05128.161419,E,1,15,1.03,22.100,M,-24.283,M,,*6D
$GNRMC,113436.400,A,2520.064870,N,05128.161419,E,0.005,234.60,200726,,,A,V*37
$GNGLL,2520.064870,N,05128.161419,E,113436.400,A,A*4D
$GNVTG,234.60,T,,M,0.005,N,0.010,K,A*24
$GNGGA,113436.500,2520.064870,N,05128.161419,E,1,15,1.03,22.100,M,-24.283,M,,*6C
$GNRMC,113436.500,A,2520.064870,N,05128.161419,E,0.004,234.60,200726,,,A,V*37
$GNGLL,2520.064870,N,05128.161419,E,113436.500,A,A*4C
$GNVTG,234.60,T,,M,0.004,N,0.008,K,A*2C
$GNGGA,113436.600,2520.064870,N,05128.161419,E,1,15,1.03,22.100,M,-24.283,M,,*6F
$GNRMC,113436.600,A,2520.064870,N,05128.161419,E,0.004,234.60,200726,,,A,V*34
$GNGLL,2520.064870,N,05128.161419,E,113436.600,A,A*4F
$GNVTG,234.60,T,,M,0.004,N,0.007,K,A*23
$GNGGA,113436.700,2520.064870,N,05128.161419,E,1,15,1.03,22.100,M,-24.283,M,,*6E
$GNRMC,113436.700,A,2520.064870,N,05128.161419,E,0.002,234.60,200726,,,A,V*33
$GNGLL,2520.064870,N,05128.161419,E,113436.700,A,A*4E
$GNVTG,234.60,T,,M,0.002,N,0.005,K,A*27
$GNGGA,113436.800,2520.064870,N,05128.161419,E,1,15,1.03,22.100,M,-24.283,M,,*61
$GNRMC,113436.800,A,2520.064870,N,05128.161419,E,0.004,234.60,200726,,,A,V*3A
$GNGLL,2520.064870,N,05128.161419,E,113436.800,A,A*41
$GNVTG,234.60,T,,M,0.004,N,0.007,K,A*23
$GNGGA,113436.900,2520.064870,N,05128.161419,E,1,15,1.03,22.100,M,-24.283,M,,*60
$GNRMC,113436.900,A,2520.064870,N,05128.161419,E,0.004,234.60,200726,,,A,V*3B
$GNGLL,2520.064870,N,05128.161419,E,113436.900,A,A*40
$GNVTG,234.60,T,,M,0.004,N,0.008,K,A*2C
$GNGGA,113437.000,2520.064870,N,05128.161419,E,1,15,1.03,22.100,M,-24.283,M,,*68
$GNRMC,113437.000,A,2520.064870,N,05128.161419,E,0.005,234.60,200726,,,A,V*32
$GNGLL,2520.064870,N,05128.161419,E,113437.000,A,A*48
$GNVTG,234.60,T,,M,0.005,N,0.009,K,A*2C
$GNGSA,A,3,03,04,09,16,26,28,31,,,,,,2.13,1.03,1.86,1*09
$GNGSA,A,3,68,78,79,82,,,,,,,,,2.13,1.03,1.86,2*0A
$GNGSA,A,3,,,,,,,,,,,,,2.13,1.03,1.86,3*0E
$GNGSA,A,3,07,12,23,32,,,,,,,,,2.13,1.03,1.86,4*0D
$GNGSA,A,3,,,,,,,,,,,,,2.13,1.03,1.86,5*08
$GPGSV,2,1,08,02,,,28,03,56,351,29,04,40,295,34,09,13,273,36,1*5A
$GPGSV,2,2,08,16,20,135,33,26,31,103,35,28,17,039,30,31,46,043,38,1*65
$GPGSV,1,1,00,8*6D
$GLGSV,1,1,04,68,36,020,40,78,41,075,36,79,35,146,37,82,08,185,26,1*79
$GAGSV,1,1,02,19,,,37,23,,,37,7*78
$GAGSV,1,1,00,1*75
$GBGSV,2,1,05,06,,,30,07,34,042,37,12,30,312,34,23,27,054,32,1*44
$GBGSV,2,2,05,32,40,056,39,1*4F
$GBGSV,1,1,00,5*72
$GQGSV,1,1,00,1*65
$GQGSV,1,1,00,8*6C
$GNGGA,113437.100,2520.064870,N,05128.161419,E,1,15,1.03,22.100,M,-24.283,M,,*69
$GNRMC,113437.100,A,2520.064870,N,05128.161419,E,0.006,234.60,200726,,,A,V*30
$GNGLL,2520.064870,N,05128.161419,E,113437.100,A,A*49
$GNVTG,234.60,T,,M,0.006,N,0.011,K,A*26
$GNGGA,113437.200,2520.064870,N,05128.161419,E,1,15,1.03,22.100,M,-24.283,M,,*6A
$GNRMC,113437.200,A,2520.064870,N,05128.161419,E,0.006,234.60,200726,,,A,V*33
$GNGLL,2520.064870,N,05128.161419,E,113437.200,A,A*4A
$GNVTG,234.60,T,,M,0.006,N,0.011,K,A*26
$GNGGA,113437.300,2520.064870,N,05128.161419,E,1,15,1.03,22.100,M,-24.283,M,,*6B
$GNRMC,113437.300,A,2520.064870,N,05128.161419,E,0.003,234.60,200726,,,A,V*37
$GNGLL,2520.064870,N,05128.161419,E,113437.300,A,A*4B
$GNVTG,234.60,T,,M,0.003,N,0.005,K,A*26
$GNGGA,113437.400,2520.064870,N,05128.161419,E,1,15,1.03,22.100,M,-24.283,M,,*6C
$GNRMC,113437.400,A,2520.064870,N,05128.161419,E,0.004,234.60,200726,,,A,V*37
$GNGLL,2520.064870,N,05128.161419,E,113437.400,A,A*4C
$GNVTG,234.60,T,,M,0.004,N,0.007,K,A*23
$GNGGA,113437.500,2520.064870,N,05128.161419,E,1,15,1.03,22.100,M,-24.283,M,,*6D
$GNRMC,113437.500,A,2520.064870,N,05128.161419,E,0.003,234.60,200726,,,A,V*31
$GNGLL,2520.064870,N,05128.161419,E,113437.500,A,A*4D
$GNVTG,234.60,T,,M,0.003,N,0.006,K,A*25
$GNGGA,113437.600,2520.064870,N,05128.161418,E,1,15,1.03,22.100,M,-24.283,M,,*6F
$GNRMC,113437.600,A,2520.064870,N,05128.161418,E,0.005,234.60,200726,,,A,V*35
$GNGLL,2520.064870,N,05128.161418,E,113437.600,A,A*4F
$GNVTG,234.60,T,,M,0.005,N,0.009,K,A*2C
$GNGGA,113437.700,2520.064870,N,05128.161418,E,1,15,1.03,22.100,M,-24.283,M,,*6E
$GNRMC,113437.700,A,2520.064870,N,05128.161418,E,0.008,234.60,200726,,,A,V*39
$GNGLL,2520.064870,N,05128.161418,E,113437.700,A,A*4E
$GNVTG,234.60,T,,M,0.008,N,0.014,K,A*2D
$GNGGA,113437.800,2520.064870,N,05128.161418,E,1,15,1.03,22.100,M,-24.283,M,,*61
$GNRMC,113437.800,A,2520.064870,N,05128.161418,E,0.008,234.60,200726,,,A,V*36
$GNGLL,2520.064870,N,05128.161418,E,113437.800,A,A*41
$GNVTG,234.60,T,,M,0.008,N,0.015,K,A*2C
$GNGGA,113437.900,2520.064870,N,05128.161418,E,1,16,1.03,22.100,M,-24.283,M,,*63
$GNRMC,113437.900,A,2520.064870,N,05128.161418,E,0.007,234.60,200726,,,A,V*38
$GNGLL,2520.064870,N,05128.161418,E,113437.900,A,A*40
$GNVTG,234.60,T,,M,0.007,N,0.013,K,A*25
$GNGGA,113438.000,2520.064870,N,05128.161418,E,1,16,1.03,22.100,M,-24.283,M,,*65
$GNRMC,113438.000,A,2520.064870,N,05128.161418,E,0.009,234.60,200726,,,A,V*30
$GNGLL,2520.064870,N,05128.161418,E,113438.000,A,A*46
$GNVTG,234.60,T,,M,0.009,N,0.016,K,A*2E
$GNGSA,A,3,03,04,09,16,26,28,31,,,,,,2.08,1.03,1.80,1*05
$GNGSA,A,3,68,78,79,82,,,,,,,,,2.08,1.03,1.80,2*06
$GNGSA,A,3,,,,,,,,,,,,,2.08,1.03,1.80,3*02
$GNGSA,A,3,07,10,12,23,32,,,,,,,,2.08,1.03,1.80,4*00
$GNGSA,A,3,,,,,,,,,,,,,2.08,1.03,1.80,5*04
$GPGSV,2,1,08,02,,,27,03,56,351,30,04,40,295,33,09,13,273,36,1*5A
$GPGSV,2,2,08,16,20,135,34,26,31,103,35,28,17,039,30,31,46,043,38,1*62
$GPGSV,1,1,00,8*6D
$GLGSV,1,1,04,68,36,020,40,78,41,075,36,79,35,146,38,82,08,185,25,1*75
$GAGSV,1,1,02,19,,,36,23,,,36,7*78
$GAGSV,1,1,00,1*75
$GBGSV,2,1,06,06,,,32,07,34,042,37,10,43,049,38,12,30,312,33,1*46
$GBGSV,2,2,06,23,27,054,33,32,40,056,40,1*77
$GBGSV,1,1,00,5*72
$GQGSV,1,1,00,1*65
$GQGSV,1,1,00,8*6C
$GNGGA,113438.100,2520.064870,N,05128.161418,E,1,16,1.03,22.100,M,-24.283,M,,*64
$GNRMC,113438.100,A,2520.064870,N,05128.161418,E,0.003,234.60,200726,,,A,V*3B
$GNGLL,2520.064870,N,05128.161418,E,113438.100,A,A*47
$GNVTG,234.60,T,,M,0.003,N,0.006,K,A*25
$GNGGA,113438.200,2520.064870,N,05128.161418,E,1,16,1.03,22.100,M,-24.283,M,,*67
$GNRMC,113438.200,A,2520.064870,N,05128.161418,E,0.007,234.60,200726,,,A,V*3C
$GNGLL,2520.064870,N,05128.161418,E,113438.200,A,A*44
$GNVTG,234.60,T,,M,0.007,N,0.013,K,A*25
$GNGGA,113438.300,2520.064870,N,05128.161417,E,1,16,1.03,22.100,M,-24.283,M,,*69
$GNRMC,113438.300,A,2520.064870,N,05128.161417,E,0.006,234.60,200726,,,A,V*33
$GNGLL,2520.064870,N,05128.161417,E,113438.300,A,A*4A
$GNVTG,234.60,T,,M,0.006,N,0.012,K,A*25
$GNGGA,113438.400,2520.064870,N,05128.161417,E,1,16,1.03,22.100,M,-24.283,M,,*6E
$GNRMC,113438.400,A,2520.064870,N,05128.161417,E,0.008,234.60,200726,,,A,V*3A
$GNGLL,2520.064870,N,05128.161417,E,113438.400,A,A*4D
$GNVTG,234.60,T,,M,0.008,N,0.015,K,A*2C
$GNGGA,113438.500,2520.064870,N,05128.161417,E,1,15,1.03,22.100,M,-24.283,M,,*6C
$GNRMC,113438.500,A,2520.064870,N,05128.161417,E,0.007,234.60,200726,,,A,V*34
$GNGLL,2520.064870,N,05128.161417,E,113438.500,A,A*4C
$GNVTG,234.60,T,,M,0.007,N,0.012,K,A*24
$GNGGA,113438.600,2520.064870,N,05128.161417,E,1,15,1.03,22.100,M,-24.283,M,,*6F
$GNRMC,113438.600,A,2520.064870,N,05128.161417,E,0.006,234.60,200726,,,A,V*36
$GNGLL,2520.064870,N,05128.161417,E,113438.600,A,A*4F
$GNVTG,234.60,T,,M,0.006,N,0.011,K,A*26
$GNGGA,113438.700,2520.064870,N,05128.161417,E,1,16,1.03,22.100,M,-24.283,M,,*6D
$GNRMC,113438.700,A,2520.064870,N,05128.161417,E,0.004,234.60,200726,,,A,V*35
$GNGLL,2520.064870,N,05128.161417,E,113438.700,A,A*4E
$GNVTG,234.60,T,,M,0.004,N,0.007,K,A*23
$GNGGA,113438.800,2520.064870,N,05128.161417,E,1,16,1.03,22.100,M,-24.283,M,,*62
$GNRMC,113438.800,A,2520.064870,N,05128.161417,E,0.001,234.60,200726,,,A,V*3F
$GNGLL,2520.064870,N,05128.161417,E,113438.800,A,A*41
$GNVTG,234.60,T,,M,0.001,N,0.001,K,A*20
$GNGGA,113438.900,2520.064870,N,05128.161417,E,1,16,1.03,22.100,M,-24.283,M,,*63
$GNRMC,113438.900,A,2520.064870,N,05128.161417,E,0.005,234.60,200726,,,A,V*3A
$GNGLL,2520.064870,N,05128.161417,E,113438.900,A,A*40
$GNVTG,234.60,T,,M,0.005,N,0.009,K,A*2C
$GNGGA,113439.000,2520.064870,N,05128.161417,E,1,16,1.03,22.100,M,-24.283,M,,*6B
$GNRMC,113439.000,A,2520.064870,N,05128.161417,E,0.003,234.60,200726,,,A,V*34
$GNGLL,2520.064870,N,05128.161417,E,113439.000,A,A*48
$GNVTG,234.60,T,,M,0.003,N,0.005,K,A*26
$GNGSA,A,3,03,04,09,16,26,28,31,,,,,,2.08,1.03,1.80,1*05
$GNGSA,A,3,68,78,79,82,,,,,,,,,2.08,1.03,1.80,2*06
$GNGSA,A,3,,,,,,,,,,,,,2.08,1.03,1.80,3*02
$GNGSA,A,3,07,10,12,23,32,,,,,,,,2.08,1.03,1.80,4*00
$GNGSA,A,3,,,,,,,,,,,,,2.08,1.03,1.80,5*04
$GPGSV,2,1,08,02,,,28,03,56,351,29,04,40,295,34,09,13,273,35,1*59
$GPGSV,2,2,08,16,20,135,34,26,31,103,35,28,17,039,30,31,46,043,38,1*62
$GPGSV,1,1,00,8*6D
$GLGSV,1,1,04,68,36,020,39,78,41,075,37,79,35,146,38,82,08,185,25,1*7A
$GAGSV,1,1,02,19,,,37,23,,,36,7*79
$GAGSV,1,1,00,1*75
$GBGSV,2,1,06,06,,,32,07,34,042,37,10,43,049,39,12,30,312,33,1*47
$GBGSV,2,2,06,23,27,054,32,32,40,056,39,1*78
$GBGSV,1,1,00,5*72
$GQGSV,1,1,00,1*65
$GQGSV,1,1,00,8*6C
$GNGGA,113439.100,2520.064870,N,05128.161417,E,1,16,1.03,22.100,M,-24.283,M,,*6A
$GNRMC,113439.100,A,2520.064870,N,05128.161417,E,0.006,234.60,200726,,,A,V*30
$GNGLL,2520.064870,N,05128.161417,E,113439.100,A,A*49
$GNVTG,234.60,T,,M,0.006,N,0.012,K,A*25
$GNGGA,113439.200,2520.064870,N,05128.161417,E,1,16,1.03,22.100,M,-24.283,M,,*69
$GNRMC,113439.200,A,2520.064870,N,05128.161417,E,0.005,234.60,200726,,,A,V*30
$GNGLL,2520.064870,N,05128.161417,E,113439.200,A,A*4A
$GNVTG,234.60,T,,M,0.005,N,0.010,K,A*24
$GNGGA,113439.300,2520.064870,N,05128.161417,E,1,16,1.03,22.100,M,-24.283,M,,*68
$GNRMC,113439.300,A,2520.064870,N,05128.161417,E,0.004,234.60,200726,,,A,V*30
$GNGLL,2520.064870,N,05128.161417,E,113439.300,A,A*4B
$GNVTG,234.60,T,,M,0.004,N,0.008,K,A*2C
$GNGGA,113439.400,2520.064870,N,05128.161417,E,1,16,1.03,22.100,M,-24.283,M,,*6F
$GNRMC,113439.400,A,2520.064870,N,05128.161417,E,0.005,234.60,200726,,,A,V*36
$GNGLL,2520.064870,N,05128.161417,E,113439.400,A,A*4C
$GNVTG,234.60,T,,M,0.005,N,0.009,K,A*2C
$GNGGA,113439.500,2520.064870,N,05128.161417,E,1,16,1.03,22.100,M,-24.283,M,,*6E
$GNRMC,113439.500,A,2520.064870,N,05128.161417,E,0.003,234.60,200726,,,A,V*31
$GNGLL,2520.064870,N,05128.161417,E,113439.500,A,A*4D
$GNVTG,234.60,T,,M,0.003,N,0.005,K,A*26
$GNGGA,113439.600,2520.064870,N,05128.161417,E,1,16,1.03,22.100,M,-24.283,M,,*6D
$GNRMC,113439.600,A,2520.064870,N,05128.161417,E,0.006,234.60,200726,,,A,V*37
$GNGLL,2520.064870,N,05128.161417,E,113439.600,A,A*4E
$GNVTG,234.60,T,,M,0.006,N,0.012,K,A*25
$GNGGA,113439.700,2520.064870,N,05128.161417,E,1,16,1.03,22.100,M,-24.283,M,,*6C
$GNRMC,113439.700,A,2520.064870,N,05128.161417,E,0.001,234.60,200726,,,A,V*31
$GNGLL,2520.064870,N,05128.161417,E,113439.700,A,A*4F
$GNVTG,234.60,T,,M,0.001,N,0.002,K,A*23
$GNGGA,113439.800,2520.064870,N,05128.161417,E,1,16,1.03,22.100,M,-24.283,M,,*63
$GNRMC,113439.800,A,2520.064870,N,05128.161417,E,0.002,234.60,200726,,,A,V*3D
$GNGLL,2520.064870,N,05128.161417,E,113439.800,A,A*40
$GNVTG,234.60,T,,M,0.002,N,0.003,K,A*21
$GNGGA,113439.900,2520.064870,N,05128.161416,E,1,16,1.03,22.100,M,-24.283,M,,*63
$GNRMC,113439.900,A,2520.064870,N,05128.161416,E,0.005,234.60,200726,,,A,V*3A
$GNGLL,2520.064870,N,05128.161416,E,113439.900,A,A*40
$GNVTG,234.60,T,,M,0.005,N,0.009,K,A*2C
$GNGGA,113440.000,2520.064870,N,05128.161416,E,1,16,1.03,22.100,M,-24.283,M,,*64
$GNRMC,113440.000,A,2520.064870,N,05128.161416,E,0.003,234.60,200726,,,A,V*3B
$GNGLL,2520.064870,N,05128.161416,E,113440.000,A,A*47
$GNVTG,234.60,T,,M,0.003,N,0.005,K,A*26
$GNGSA,A,3,03,04,09,16,26,28,31,,,,,,2.08,1.03,1.80,1*05
$GNGSA,A,3,68,78,79,82,,,,,,,,,2.08,1.03,1.80,2*06
$GNGSA,A,3,,,,,,,,,,,,,2.08,1.03,1.80,3*02
$GNGSA,A,3,07,10,12,23,32,,,,,,,,2.08,1.03,1.80,4*00
$GNGSA,A,3,,,,,,,,,,,,,2.08,1.03,1.80,5*04
$GPGSV,2,1,08,02,,,26,03,56,351,29,04,40,295,34,09,13,273,36,1*54
$GPGSV,2,2,08,16,20,135,34,26,31,103,35,28,17,039,30,31,46,043,38,1*62
$GPGSV,1,1,00,8*6D
$GLGSV,1,1,04,68,36,020,40,78,41,075,37,79,35,146,38,82,08,185,25,1*74
$GAGSV,1,1,02,19,,,37,23,,,37,7*78
$GAGSV,1,1,00,1*75
$GBGSV,2,1,06,06,,,30,07,34,042,37,10,43,049,39,12,30,312,33,1*45
$GBGSV,2,2,06,23,27,054,31,32,40,056,40,1*75
$GBGSV,1,1,00,5*72
$GQGSV,1,1,00,1*65
$GQGSV,1,1,00,8*6C
$GNGGA,113440.100,2520.064870,N,05128.161416,E,1,16,1.03,22.099,M,-24.282,M,,*65
$GNRMC,113440.100,A,2520.064870,N,05128.161416,E,0.004,234.60,200726,,,A,V*3D
$GNGLL,2520.064870,N,05128.161416,E,113440.100,A,A*46
$GNVTG,234.60,T,,M,0.004,N,0.007,K,A*23
$GNGGA,113440.200,2520.064870,N,05128.161416,E,1,16,1.03,22.099,M,-24.282,M,,*66
$GNRMC,113440.200,A,2520.064870,N,05128.161416,E,0.007,234.60,200726,,,A,V*3D
$GNGLL,2520.064870,N,05128.161416,E,113440.200,A,A*45
$GNVTG,234.60,T,,M,0.007,N,0.014,K,A*22
$GNGGA,113440.300,2520.064870,N,05128.161416,E,1,16,1.03,22.099,M,-24.282,M,,*67
$GNRMC,113440.300,A,2520.064870,N,05128.161416,E,0.011,234.60,200726,,,A,V*3B
$GNGLL,2520.064870,N,05128.161416,E,113440.300,A,A*44
$GNVTG,234.60,T,,M,0.011,N,0.020,K,A*22
$GNGGA,113440.400,2520.064869,N,05128.161416,E,1,16,1.03,22.099,M,-24.282,M,,*68
$GNRMC,113440.400,A,2520.064869,N,05128.161416,E,0.007,234.60,200726,,,A,V*33
$GNGLL,2520.064869,N,05128.161416,E,113440.400,A,A*4B
$GNVTG,234.60,T,,M,0.007,N,0.014,K,A*22
$GNGGA,113440.500,2520.064869,N,05128.161416,E,1,16,1.03,22.099,M,-24.282,M,,*69
$GNRMC,113440.500,A,2520.064869,N,05128.161416,E,0.007,234.60,200726,,,A,V*32
$GNGLL,2520.064869,N,05128.161416,E,113440.500,A,A*4A
$GNVTG,234.60,T,,M,0.007,N,0.012,K,A*24
$GNGGA,113440.600,2520.064869,N,05128.161416,E,1,16,1.03,22.099,M,-24.282,M,,*6A
$GNRMC,113440.600,A,2520.064869,N,05128.161416,E,0.006,234.60,200726,,,A,V*30
$GNGLL,2520.064869,N,05128.161416,E,113440.600,A,A*49
$GNVTG,234.60,T,,M,0.006,N,0.012,K,A*25
$GNGGA,113440.700,2520.064870,N,05128.161416,E,1,16,1.03,22.099,M,-24.282,M,,*63
$GNRMC,113440.700,A,2520.064870,N,05128.161416,E,0.006,234.60,200726,,,A,V*39
$GNGLL,2520.064870,N,05128.161416,E,113440.700,A,A*40
$GNVTG,234.60,T,,M,0.006,N,0.012,K,A*25
$GNGGA,113440.800,2520.064870,N,05128.161416,E,1,16,1.03,22.099,M,-24.282,M,,*6C
$GNRMC,113440.800,A,2520.064870,N,05128.161416,E,0.005,234.60,200726,,,A,V*35
$GNGLL,2520.064870,N,05128.161416,E,113440.800,A,A*4F
$GNVTG,234.60,T,,M,0.005,N,0.010,K,A*24
$GNGGA,113440.900,2520.064870,N,05128.161416,E,1,16,1.03,22.099,M,-24.282,M,,*6D
$GNRMC,113440.900,A,2520.064870,N,05128.161416,E,0.006,234.60,200726,,,A,V*37
$GNGLL,2520.064870,N,05128.161416,E,113440.900,A,A*4E
$GNVTG,234.60,T,,M,0.006,N,0.012,K,A*25
$GNGGA,113441.000,2520.064870,N,05128.161415,E,1,16,1.03,22.099,M,-24.282,M,,*66
$GNRMC,113441.000,A,2520.064870,N,05128.161415,E,0.007,234.60,200726,,,A,V*3D
$GNGLL,2520.064870,N,05128.161415,E,113441.000,A,A*45
$GNVTG,234.60,T,,M,0.007,N,0.014,K,A*22
$GNGSA,A,3,03,04,09,16,26,28,31,,,,,,2.08,1.03,1.80,1*05
$GNGSA,A,3,68,78,79,82,,,,,,,,,2.08,1.03,1.80,2*06
$GNGSA,A,3,,,,,,,,,,,,,2.08,1.03,1.80,3*02
$GNGSA,A,3,07,10,12,23,32,,,,,,,,2.08,1.03,1.80,4*00
$GNGSA,A,3,,,,,,,,,,,,,2.08,1.03,1.80,5*04
$GPGSV,2,1,08,02,,,28,03,56,351,30,04,40,295,34,09,13,273,36,1*52
$GPGSV,2,2,08,16,20,135,34,26,31,103,35,28,17,039,30,31,46,043,38,1*62
$GPGSV,1,1,00,8*6D
$GLGSV,1,1,04,68,36,020,40,78,41,075,36,79,35,146,38,82,08,185,25,1*75
$GAGSV,1,1,02,19,,,36,23,,,37,7*79
$GAGSV,1,1,00,1*75
$GBGSV,2,1,06,06,,,31,07,34,042,38,10,43,049,39,12,30,312,34,1*4C
$GBGSV,2,2,06,23,27,054,33,32,40,056,39,1*79
$GBGSV,1,1,00,5*72
$GQGSV,1,1,00,1*65
$GQGSV,1,1,00,8*6C
$GNGGA,113441.100,2520.064870,N,05128.161415,E,1,16,1.03,22.100,M,-24.283,M,,*67
$GNRMC,113441.100,A,2520.064870,N,05128.161415,E,0.011,234.60,200726,,,A,V*3B
$GNGLL,2520.064870,N,05128.161415,E,113441.100,A,A*44
$GNVTG,234.60,T,,M,0.011,N,0.019,K,A*28
$GNGGA,113441.200,2520.064870,N,05128.161415,E,1,16,1.03,22.100,M,-24.283,M,,*64
$GNRMC,113441.200,A,2520.064870,N,05128.161415,E,0.004,234.60,200726,,,A,V*3C
$GNGLL,2520.064870,N,05128.161415,E,113441.200,A,A*47
$GNVTG,234.60,T,,M,0.004,N,0.007,K,A*23
$GNGGA,113441.300,2520.064870,N,05128.161415,E,1,16,1.03,22.100,M,-24.283,M,,*65
$GNRMC,113441.300,A,2520.064870,N,05128.161415,E,0.009,234.60,200726,,,A,V*30
$GNGLL,2520.064870,N,05128.161415,E,113441.300,A,A*46
$GNVTG,234.60,T,,M,0.009,N,0.017,K,A*2F
$GNGGA,113441.400,2520.064870,N,05128.161415,E,1,16,1.03,22.100,M,-24.283,M,,*62
$GNRMC,113441.400,A,2520.064870,N,05128.161415,E,0.002,234.60,200726,,,A,V*3C
$GNGLL,2520.064870,N,05128.161415,E,113441.400,A,A*41
$GNVTG,234.60,T,,M,0.002,N,0.003,K,A*21
$GNGGA,113441.500,2520.064870,N,05128.161415,E,1,16,1.03,22.100,M,-24.283,M,,*63
$GNRMC,113441.500,A,2520.064870,N,05128.161415,E,0.000,234.60,200726,,,A,V*3F
$GNGLL,2520.064870,N,05128.161415,E,113441.500,A,A*40
$GNVTG,234.60,T,,M,0.000,N,0.001,K,A*21
$GNGGA,113441.600,2520.064869,N,05128.161415,E,1,16,1.03,22.100,M,-24.283,M,,*68
$GNRMC,113441.600,A,2520.064869,N,05128.161415,E,0.005,234.60,200726,,,A,V*31
$GNGLL,2520.064869,N,05128.161415,E,113441.600,A,A*4B
$GNVTG,234.60,T,,M,0.005,N,0.009,K,A*2C
$GNGGA,113441.700,2520.064869,N,05128.161415,E,1,16,1.03,22.100,M,-24.283,M,,*69
$GNRMC,113441.700,A,2520.064869,N,05128.161415,E,0.001,234.60,200726,,,A,V*34
$GNGLL,2520.064869,N,05128.161415,E,113441.700,A,A*4A
$GNVTG,234.60,T,,M,0.001,N,0.002,K,A*23
$GNGGA,113441.800,2520.064869,N,05128.161415,E,1,16,1.03,22.100,M,-24.283,M,,*66
$GNRMC,113441.800,A,2520.064869,N,05128.161415,E,0.004,234.60,200726,,,A,V*3E
$GNGLL,2520.064869,N,05128.161415,E,113441.800,A,A*45
$GNVTG,234.60,T,,M,0.004,N,0.007,K,A*23
$GNGGA,113441.900,2520.064869,N,05128.161415,E,1,16,1.03,22.100,M,-24.283,M,,*67
$GNRMC,113441.900,A,2520.064869,N,05128.161415,E,0.003,234.60,200726,,,A,V*38
$GNGLL,2520.064869,N,05128.161415,E,113441.900,A,A*44
$GNVTG,234.60,T,,M,0.003,N,0.005,K,A*26
$GNGGA,113442.000,2520.064869,N,05128.161415,E,1,16,1.03,22.100,M,-24.283,M,,*6D
$GNRMC,113442.000,A,2520.064869,N,05128.161415,E,0.003,234.60,200726,,,A,V*32
$GNGLL,2520.064869,N,05128.161415,E,113442.000,A,A*4E
$GNVTG,234.60,T,,M,0.003,N,0.006,K,A*25
$GNGSA,A,3,03,04,09,16,26,28,31,,,,,,2.08,1.03,1.80,1*05
$GNGSA,A,3,68,78,79,82,,,,,,,,,2.08,1.03,1.80,2*06
$GNGSA,A,3,,,,,,,,,,,,,2.08,1.03,1.80,3*02
$GNGSA,A,3,07,10,12,23,32,,,,,,,,2.08,1.03,1.80,4*00
$GNGSA,A,3,,,,,,,,,,,,,2.08,1.03,1.80,5*04
$GPGSV,2,1,08,02,,,28,03,56,351,29,04,40,295,34,09,13,273,36,1*5A
$GPGSV,2,2,08,16,20,135,34,26,31,103,34,28,17,039,30,31,46,043,38,1*63
$GPGSV,1,1,00,8*6D
$GLGSV,1,1,04,68,36,020,39,78,41,075,36,79,35,146,37,82,08,185,25,1*74
$GAGSV,1,1,02,19,,,37,23,,,37,7*78
$GAGSV,1,1,00,1*75
$GBGSV,2,1,06,06,,,31,07,34,042,38,10,43,049,39,12,30,312,32,1*4A
$GBGSV,2,2,06,23,27,054,32,32,40,056,39,1*78
$GBGSV,1,1,00,5*72
$GQGSV,1,1,00,1*65
$GQGSV,1,1,00,8*6C
$GNGGA,113442.100,2520.064869,N,05128.161415,E,1,16,1.03,22.100,M,-24.283,M,,*6C
$GNRMC,113442.100,A,2520.064869,N,05128.161415,E,0.002,234.60,200726,,,A,V*32
$GNGLL,2520.064869,N,05128.161415,E,113442.100,A,A*4F
$GNVTG,234.60,T,,M,0.002,N,0.005,K,A*27
$GNGGA,113442.200,2520.064869,N,05128.161415,E,1,16,1.03,22.100,M,-24.283,M,,*6F
$GNRMC,113442.200,A,2520.064869,N,05128.161415,E,0.006,234.60,200726,,,A,V*35
$GNGLL,2520.064869,N,05128.161415,E,113442.200,A,A*4C
$GNVTG,234.60,T,,M,0.006,N,0.010,K,A*27
$GNGGA,113442.300,2520.064869,N,05128.161415,E,1,16,1.03,22.100,M,-24.283,M,,*6E
$GNRMC,113442.300,A,2520.064869,N,05128.161415,E,0.005,234.60,200726,,,A,V*37
$GNGLL,2520.064869,N,05128.161415,E,113442.300,A,A*4D
$GNVTG,234.60,T,,M,0.005,N,0.009,K,A*2C
$GNGGA,113442.400,2520.064869,N,05128.161415,E,1,16,1.03,22.100,M,-24.283,M,,*69
$GNRMC,113442.400,A,2520.064869,N,05128.161415,E,0.005,234.60,200726,,,A,V*30
$GNGLL,2520.064869,N,05128.161415,E,113442.400,A,A*4A
$GNVTG,234.60,T,,M,0.005,N,0.009,K,A*2C
$GNGGA,113442.500,2520.064869,N,05128.161415,E,1,16,1.03,22.100,M,-24.283,M,,*68
$GNRMC,113442.500,A,2520.064869,N,05128.161415,E,0.007,234.60,200726,,,A,V*33
$GNGLL,2520.064869,N,05128.161415,E,113442.500,A,A*4B
$GNVTG,234.60,T,,M,0.007,N,0.013,K,A*25
$GNGGA,113442.600,2520.064869,N,05128.161414,E,1,16,1.03,22.100,M,-24.283,M,,*6A
$GNRMC,113442.600,A,2520.064869,N,05128.161414,E,0.006,234.60,200726,,,A,V*30
$GNGLL,2520.064869,N,05128.161414,E,113442.600,A,A*49
$GNVTG,234.60,T,,M,0.006,N,0.011,K,A*26
$GNGGA,113442.700,2520.064869,N,05128.161414,E,1,16,1.03,22.100,M,-24.283,M,,*6B
$GNRMC,113442.700,A,2520.064869,N,05128.161414,E,0.005,234.60,200726,,,A,V*32
$GNGLL,2520.064869,N,05128.161414,E,113442.700,A,A*48
$GNVTG,234.60,T,,M,0.005,N,0.009,K,A*2C
$GNGGA,113442.800,2520.064869,N,05128.161414,E,1,16,1.03,22.100,M,-24.283,M,,*64
$GNRMC,113442.800,A,2520.064869,N,05128.161414,E,0.007,234.60,200726,,,A,V*3F
$GNGLL,2520.064869,N,05128.161414,E,113442.800,A,A*47
$GNVTG,234.60,T,,M,0.007,N,0.012,K,A*24
$GNGGA,113442.900,2520.064869,N,05128.161414,E,1,16,1.03,22.100,M,-24.283,M,,*65
$GNRMC,113442.900,A,2520.064869,N,05128.161414,E,0.004,234.60,200726,,,A,V*3D
$GNGLL,2520.064869,N,05128.161414,E,113442.900,A,A*46
$GNVTG,234.60,T,,M,0.004,N,0.007,K,A*23
$GNGGA,113443.000,2520.064869,N,05128.161414,E,1,16,1.03,22.100,M,-24.283,M,,*6D
$GNRMC,113443.000,A,2520.064869,N,05128.161414,E,0.002,234.60,200726,,,A,V*33
$GNGLL,2520.064869,N,05128.161414,E,113443.000,A,A*4E
$GNVTG,234.60,T,,M,0.002,N,0.004,K,A*26
$GNGSA,A,3,03,04,09,16,26,28,31,,,,,,2.08,1.03,1.80,1*05
$GNGSA,A,3,68,78,79,82,,,,,,,,,2.08,1.03,1.80,2*06
$GNGSA,A,3,,,,,,,,,,,,,2.08,1.03,1.80,3*02
$GNGSA,A,3,07,10,12,23,32,,,,,,,,2.08,1.03,1.80,4*00
$GNGSA,A,3,,,,,,,,,,,,,2.08,1.03,1.80,5*04
$GPGSV,2,1,08,02,,,28,03,56,351,29,04,40,295,34,09,13,273,36,1*5A
$GPGSV,2,2,08,16,20,135,34,26,31,103,34,28,17,039,29,31,46,043,38,1*6B
$GPGSV,1,1,00,8*6D
$GLGSV,1,1,04,68,36,020,40,78,41,075,36,79,35,146,38,82,08,185,24,1*74
$GAGSV,1,1,02,19,,,36,23,,,37,7*79
$GAGSV,1,1,00,1*75
$GBGSV,2,1,06,06,,,30,07,34,042,37,10,43,049,38,12,30,312,33,1*44
$GBGSV,2,2,06,23,27,054,32,32,40,056,39,1*78
$GBGSV,1,1,00,5*72
$GQGSV,1,1,00,1*65
$GQGSV,1,1,00,8*6C
$GNGGA,113443.100,2520.064869,N,05128.161414,E,1,16,1.03,22.100,M,-24.283,M,,*6C
$GNRMC,113443.100,A,2520.064869,N,05128.161414,E,0.002,234.60,200726,,,A,V*32
$GNGLL,2520.064869,N,05128.161414,E,113443.100,A,A*4F
$GNVTG,234.60,T,,M,0.002,N,0.004,K,A*26
$GNGGA,113443.200,2520.064869,N,05128.161414,E,1,16,1.03,22.100,M,-24.283,M,,*6F
$GNRMC,113443.200,A,2520.064869,N,05128.161414,E,0.005,234.60,200726,,,A,V*36
$GNGLL,2520.064869,N,05128.161414,E,113443.200,A,A*4C
$GNVTG,234.60,T,,M,0.005,N,0.009,K,A*2C
$GNGGA,113443.300,2520.064869,N,05128.161414,E,1,16,1.03,22.100,M,-24.283,M,,*6E
$GNRMC,113443.300,A,2520.064869,N,05128.161414,E,0.011,234.60,200726,,,A,V*32
$GNGLL,2520.064869,N,05128.161414,E,113443.300,A,A*4D
$GNVTG,234.60,T,,M,0.011,N,0.020,K,A*22
$GNGGA,113443.400,2520.064869,N,05128.161414,E,1,16,1.03,22.100,M,-24.283,M,,*69
$GNRMC,113443.400,A,2520.064869,N,05128.161414,E,0.007,234.60,200726,,,A,V*32
$GNGLL,2520.064869,N,05128.161414,E,113443.400,A,A*4A
$GNVTG,234.60,T,,M,0.007,N,0.013,K,A*25
$GNGGA,113443.500,2520.064869,N,05128.161414,E,1,16,1.03,22.100,M,-24.283,M,,*68
$GNRMC,113443.500,A,2520.064869,N,05128.161414,E,0.008,234.60,200726,,,A,V*3C
$GNGLL,2520.064869,N,05128.161414,E,113443.500,A,A*4B
$GNVTG,234.60,T,,M,0.008,N,0.014,K,A*2D
$GNGGA,113443.600,2520.064869,N,05128.161413,E,1,16,1.03,22.100,M,-24.283,M,,*6C
$GNRMC,113443.600,A,2520.064869,N,05128.161413,E,0.006,234.60,200726,,,A,V*36
$GNGLL,2520.064869,N,05128.161413,E,113443.600,A,A*4F
$GNVTG,234.60,T,,M,0.006,N,0.012,K,A*25
$GNGGA,113443.700,2520.064869,N,05128.161413,E,1,16,1.03,22.100,M,-24.283,M,,*6D
$GNRMC,113443.700,A,2520.064869,N,05128.161413,E,0.008,234.60,200726,,,A,V*39
$GNGLL,2520.064869,N,05128.161413,E,113443.700,A,A*4E
$GNVTG,234.60,T,,M,0.008,N,0.015,K,A*2C
$GNGGA,113443.800,2520.064869,N,05128.161413,E,1,16,1.03,22.100,M,-24.283,M,,*62
$GNRMC,113443.800,A,2520.064869,N,05128.161413,E,0.006,234.60,200726,,,A,V*38
$GNGLL,2520.064869,N,05128.161413,E,113443.800,A,A*41
$GNVTG,234.60,T,,M,0.006,N,0.011,K,A*26
$GNGGA,113443.900,2520.064869,N,05128.161413,E,1,16,1.03,22.100,M,-24.283,M,,*63
$GNRMC,113443.900,A,2520.064869,N,05128.161413,E,0.009,234.60,200726,,,A,V*36
$GNGLL,2520.064869,N,05128.161413,E,113443.900,A,A*40
$GNVTG,234.60,T,,M,0.009,N,0.017,K,A*2F
$GNGGA,113444.000,2520.064869,N,05128.161413,E,1,16,1.03,22.099,M,-24.283,M,,*6C
$GNRMC,113444.000,A,2520.064869,N,05128.161413,E,0.012,234.60,200726,,,A,V*32
$GNGLL,2520.064869,N,05128.161413,E,113444.000,A,A*4E
$GNVTG,234.60,T,,M,0.012,N,0.022,K,A*23
$GNGSA,A,3,03,04,09,16,26,28,31,,,,,,2.07,1.03,1.80,1*0A
$GNGSA,A,3,68,78,79,82,,,,,,,,,2.07,1.03,1.80,2*09
$GNGSA,A,3,,,,,,,,,,,,,2.07,1.03,1.80,3*0D
$GNGSA,A,3,07,10,12,23,32,,,,,,,,2.07,1.03,1.80,4*0F
$GNGSA,A,3,,,,,,,,,,,,,2.07,1.03,1.80,5*0B
$GPGSV,2,1,08,02,,,27,03,56,351,29,04,40,295,34,09,13,273,36,1*55
$GPGSV,2,2,08,16,20,135,33,26,31,103,33,28,17,039,29,31,46,043,38,1*6B
$GPGSV,1,1,00,8*6D
$GLGSV,1,1,04,68,36,020,39,78,41,074,38,79,35,146,37,82,08,185,24,1*7A
$GAGSV,1,1,02,19,,,36,23,,,37,7*79
$GAGSV,1,1,00,1*75
$GBGSV,2,1,06,06,,,31,07,34,042,38,10,43,049,38,12,30,312,32,1*4B
$GBGSV,2,2,06,23,27,054,32,32,40,056,39,1*78
$GBGSV,1,1,00,5*72
$GQGSV,1,1,00,1*65
$GQGSV,1,1,00,8*6C
$GNGGA,113444.100,2520.064869,N,05128.161413,E,1,16,1.03,22.099,M,-24.283,M,,*6D
$GNRMC,113444.100,A,2520.064869,N,05128.161413,E,0.004,234.60,200726,,,A,V*34
$GNGLL,2520.064869,N,05128.161413,E,113444.100,A,A*4F
$GNVTG,234.60,T,,M,0.004,N,0.008,K,A*2C
$GNGGA,113444.200,2520.064869,N,05128.161412,E,1,16,1.03,22.099,M,-24.283,M,,*6F
$GNRMC,113444.200,A,2520.064869,N,05128.161412,E,0.003,234.60,200726,,,A,V*31
$GNGLL,2520.064869,N,05128.161412,E,113444.200,A,A*4D
$GNVTG,234.60,T,,M,0.003,N,0.005,K,A*26
$GNGGA,113444.300,2520.064869,N,05128.161412,E,1,16,1.03,22.099,M,-24.283,M,,*6E
$GNRMC,113444.300,A,2520.064869,N,05128.161412,E,0.005,234.60,200726,,,A,V*36
$GNGLL,2520.064869,N,05128.161412,E,113444.300,A,A*4C
$GNVTG,234.60,T,,M,0.005,N,0.009,K,A*2C
$GNGGA,113444.400,2520.064869,N,05128.161412,E,1,16,1.03,22.099,M,-24.283,M,,*69
$GNRMC,113444.400,A,2520.064869,N,05128.161412,E,0.002,234.60,200726,,,A,V*36
$GNGLL,2520.064869,N,05128.161412,E,113444.400,A,A*4B
$GNVTG,234.60,T,,M,0.002,N,0.004,K,A*26
$GNGGA,113444.500,2520.064869,N,05128.161412,E,1,17,1.03,22.099,M,-24.283,M,,*69
$GNRMC,113444.500,A,2520.064869,N,05128.161412,E,0.005,234.60,200726,,,A,V*30
$GNGLL,2520.064869,N,05128.161412,E,113444.500,A,A*4A
$GNVTG,234.60,T,,M,0.005,N,0.009,K,A*2C
$GNGGA,113444.600,2520.064869,N,05128.161412,E,1,17,0.97,22.099,M,-24.283,M,,*66
$GNRMC,113444.600,A,2520.064869,N,05128.161412,E,0.001,234.60,200726,,,A,V*37
$GNGLL,2520.064869,N,05128.161412,E,113444.600,A,A*49
$GNVTG,234.60,T,,M,0.001,N,0.003,K,A*22
$GNGGA,113444.700,2520.064869,N,05128.161412,E,1,17,0.97,22.099,M,-24.283,M,,*67
$GNRMC,113444.700,A,2520.064869,N,05128.161412,E,0.002,234.60,200726,,,A,V*35
$GNGLL,2520.064869,N,05128.161412,E,113444.700,A,A*48
$GNVTG,234.60,T,,M,0.002,N,0.003,K,A*21
$GNGGA,113444.800,2520.064869,N,05128.161412,E,1,17,0.97,22.099,M,-24.283,M,,*68
$GNRMC,113444.800,A,2520.064869,N,05128.161412,E,0.000,234.60,200726,,,A,V*38
$GNGLL,2520.064869,N,05128.161412,E,113444.800,A,A*47
$GNVTG,234.60,T,,M,0.000,N,0.001,K,A*21
$GNGGA,113444.900,2520.064869,N,05128.161413,E,1,17,0.97,22.099,M,-24.283,M,,*68
$GNRMC,113444.900,A,2520.064869,N,05128.161413,E,0.004,234.60,200726,,,A,V*3C
$GNGLL,2520.064869,N,05128.161413,E,113444.900,A,A*47
$GNVTG,234.60,T,,M,0.004,N,0.007,K,A*23
$GNGGA,113445.000,2520.064869,N,05128.161413,E,1,17,0.97,22.099,M,-24.283,M,,*60
$GNRMC,113445.000,A,2520.064869,N,05128.161413,E,0.003,234.60,200726,,,A,V*33
$GNGLL,2520.064869,N,05128.161413,E,113445.000,A,A*4F
$GNVTG,234.60,T,,M,0.003,N,0.006,K,A*25
$GNGSA,A,3,03,04,09,16,26,28,31,,,,,,1.97,0.97,1.72,1*01
$GNGSA,A,3,68,78,79,82,,,,,,,,,1.97,0.97,1.72,2*02
$GNGSA,A,3,,,,,,,,,,,,,1.97,0.97,1.72,3*06
$GNGSA,A,3,06,07,10,12,23,32,,,,,,,1.97,0.97,1.72,4*02
$GNGSA,A,3,,,,,,,,,,,,,1.97,0.97,1.72,5*00
$GPGSV,2,1,08,02,,,28,03,56,351,29,04,40,295,35,09,13,273,36,1*5B
$GPGSV,2,2,08,16,20,135,33,26,31,103,33,28,17,039,30,31,46,043,38,1*63
$GPGSV,1,1,00,8*6D
$GLGSV,1,1,04,68,36,020,39,78,41,074,38,79,35,146,37,82,08,185,23,1*7D
$GAGSV,1,1,02,19,,,36,23,,,37,7*79
$GAGSV,1,1,00,1*75
$GBGSV,2,1,06,06,11,114,31,07,34,042,37,10,43,049,38,12,30,312,33,1*71
$GBGSV,2,2,06,23,27,054,33,32,40,056,39,1*79
$GBGSV,1,1,00,5*72
$GQGSV,1,1,00,1*65
$GQGSV,1,1,00,8*6C
$GNGGA,113445.100,2520.064868,N,05128.161412,E,1,17,0.97,22.099,M,-24.283,M,,*61
$GNRMC,113445.100,A,2520.064868,N,05128.161412,E,0.004,234.60,200726,,,A,V*35
$GNGLL,2520.064868,N,05128.161412,E,113445.100,A,A*4E
$GNVTG,234.60,T,,M,0.004,N,0.008,K,A*2C
$GNGGA,113445.200,2520.064868,N,05128.161412,E,1,17,0.97,22.099,M,-24.283,M,,*62
$GNRMC,113445.200,A,2520.064868,N,05128.161412,E,0.009,234.60,200726,,,A,V*3B
$GNGLL,2520.064868,N,05128.161412,E,113445.200,A,A*4D
$GNVTG,234.60,T,,M,0.009,N,0.017,K,A*2F
$GNGGA,113445.300,2520.064868,N,05128.161412,E,1,17,0.97,22.099,M,-24.283,M,,*63
$GNRMC,113445.300,A,2520.064868,N,05128.161412,E,0.003,234.60,200726,,,A,V*30
$GNGLL,2520.064868,N,05128.161412,E,113445.300,A,A*4C
$GNVTG,234.60,T,,M,0.003,N,0.006,K,A*25
$GNGGA,113445.400,2520.064868,N,05128.161412,E,1,17,0.97,22.099,M,-24.283,M,,*64
$GNRMC,113445.400,A,2520.064868,N,05128.161412,E,0.004,234.60,200726,,,A,V*30
$GNGLL,2520.064868,N,05128.161412,E,113445.400,A,A*4B
$GNVTG,234.60,T,,M,0.004,N,0.007,K,A*23
$GNGGA,113445.500,2520.064868,N,05128.161412,E,1,17,0.97,22.099,M,-24.283,M,,*65
$GNRMC,113445.500,A,2520.064868,N,05128.161412,E,0.005,234.60,200726,,,A,V*30
$GNGLL,2520.064868,N,05128.161412,E,113445.500,A,A*4A
$GNVTG,234.60,T,,M,0.005,N,0.008,K,A*2D
$GNGGA,113445.600,2520.064868,N,05128.161412,E,1,17,0.97,22.099,M,-24.283,M,,*66
$GNRMC,113445.600,A,2520.064868,N,05128.161412,E,0.007,234.60,200726,,,A,V*31
$GNGLL,2520.064868,N,05128.161412,E,113445.600,A,A*49
$GNVTG,234.60,T,,M,0.007,N,0.012,K,A*24
$GNGGA,113445.700,2520.064868,N,05128.161412,E,1,17,0.97,22.099,M,-24.283,M,,*67
$GNRMC,113445.700,A,2520.064868,N,05128.161412,E,0.006,234.60,200726,,,A,V*31
$GNGLL,2520.064868,N,05128.161412,E,113445.700,A,A*48
$GNVTG,234.60,T,,M,0.006,N,0.011,K,A*26
$GNGGA,113445.800,2520.064868,N,05128.161412,E,1,17,0.97,22.099,M,-24.283,M,,*68
$GNRMC,113445.800,A,2520.064868,N,05128.161412,E,0.005,234.60,200726,,,A,V*3D
$GNGLL,2520.064868,N,05128.161412,E,113445.800,A,A*47
$GNVTG,234.60,T,,M,0.005,N,0.009,K,A*2C
$GNGGA,113445.900,2520.064868,N,05128.161412,E,1,17,0.97,22.099,M,-24.283,M,,*69
$GNRMC,113445.900,A,2520.064868,N,05128.161412,E,0.005,234.60,200726,,,A,V*3C
$GNGLL,2520.064868,N,05128.161412,E,113445.900,A,A*46
$GNVTG,234.60,T,,M,0.005,N,0.009,K,A*2C
$GNGGA,113446.000,2520.064868,N,05128.161412,E,1,17,0.97,22.099,M,-24.283,M,,*63
$GNRMC,113446.000,A,2520.064868,N,05128.161412,E,0.003,234.60,200726,,,A,V*30
$GNGLL,2520.064868,N,05128.161412,E,113446.000,A,A*4C
$GNVTG,234.60,T,,M,0.003,N,0.005,K,A*26
$GNGSA,A,3,03,04,09,16,26,28,31,,,,,,1.97,0.97,1.72,1*01
$GNGSA,A,3,68,78,79,82,,,,,,,,,1.97,0.97,1.72,2*02
$GNGSA,A,3,,,,,,,,,,,,,1.97,0.97,1.72,3*06
$GNGSA,A,3,06,07,10,12,23,32,,,,,,,1.97,0.97,1.72,4*02
$GNGSA,A,3,,,,,,,,,,,,,1.97,0.97,1.72,5*00
$GPGSV,2,1,08,02,,,27,03,56,351,30,04,40,295,34,09,13,273,36,1*5D
$GPGSV,2,2,08,16,20,135,33,26,31,103,32,28,17,039,27,31,46,043,36,1*6A
$GPGSV,1,1,00,8*6D
$GLGSV,1,1,04,68,36,020,39,78,41,074,39,79,35,146,38,82,08,185,25,1*75
$GAGSV,1,1,02,19,,,36,23,,,36,7*78
$GAGSV,1,1,00,1*75
$GBGSV,2,1,06,06,11,114,30,07,34,042,38,10,43,049,37,12,30,312,33,1*70
$GBGSV,2,2,06,23,27,054,36,32,40,056,39,1*7C
$GBGSV,1,1,00,5*72
$GQGSV,1,1,00,1*65
$GQGSV,1,1,00,8*6C
$GNGGA,113446.100,2520.064868,N,05128.161412,E,1,17,0.97,22.099,M,-24.283,M,,*62
$GNRMC,113446.100,A,2520.064868,N,05128.161412,E,0.003,234.60,200726,,,A,V*31
$GNGLL,2520.064868,N,05128.161412,E,113446.100,A,A*4D
$GNVTG,234.60,T,,M,0.003,N,0.006,K,A*25
$GNGGA,113446.200,2520.064868,N,05128.161412,E,1,17,0.97,22.099,M,-24.283,M,,*61
$GNRMC,113446.200,A,2520.064868,N,05128.161412,E,0.002,234.60,200726,,,A,V*33
$GNGLL,2520.064868,N,05128.161412,E,113446.200,A,A*4E
$GNVTG,234.60,T,,M,0.002,N,0.004,K,A*26
$GNGGA,113446.300,2520.064868,N,05128.161412,E,1,17,0.97,22.099,M,-24.283,M,,*60
$GNRMC,113446.300,A,2520.064868,N,05128.161412,E,0.003,234.60,200726,,,A,V*33
$GNGLL,2520.064868,N,05128.161412,E,113446.300,A,A*4F
$GNVTG,234.60,T,,M,0.003,N,0.006,K,A*25
$GNGGA,113446.400,2520.064868,N,05128.161412,E,1,17,0.97,22.099,M,-24.283,M,,*67
$GNRMC,113446.400,A,2520.064868,N,05128.161412,E,0.006,234.60,200726,,,A,V*31
$GNGLL,2520.064868,N,05128.161412,E,113446.400,A,A*48
$GNVTG,234.60,T,,M,0.006,N,0.011,K,A*26
$GNGGA,113446.500,2520.064868,N,05128.161411,E,1,17,0.97,22.099,M,-24.283,M,,*65
$GNRMC,113446.500,A,2520.064868,N,05128.161411,E,0.005,234.60,200726,,,A,V*30
$GNGLL,2520.064868,N,05128.161411,E,113446.500,A,A*4A
$GNVTG,234.60,T,,M,0.005,N,0.009,K,A*2C
$GNGGA,113446.600,2520.064868,N,05128.161411,E,1,17,0.97,22.099,M,-24.283,M,,*66
$GNRMC,113446.600,A,2520.064868,N,05128.161411,E,0.007,234.60,200726,,,A,V*31
$GNGLL,2520.064868,N,05128.161411,E,113446.600,A,A*49
$GNVTG,234.60,T,,M,0.007,N,0.014,K,A*22
$GNGGA,113446.700,2520.064868,N,05128.161411,E,1,17,0.97,22.099,M,-24.283,M,,*67
$GNRMC,113446.700,A,2520.064868,N,05128.161411,E,0.005,234.60,200726,,,A,V*32
$GNGLL,2520.064868,N,05128.161411,E,113446.700,A,A*48
$GNVTG,234.60,T,,M,0.005,N,0.010,K,A*24
$GNGGA,113446.800,2520.064868,N,05128.161411,E,1,17,0.97,22.099,M,-24.283,M,,*68
$GNRMC,113446.800,A,2520.064868,N,05128.161411,E,0.006,234.60,200726,,,A,V*3E
$GNGLL,2520.064868,N,05128.161411,E,113446.800,A,A*47
$GNVTG,234.60,T,,M,0.006,N,0.010,K,A*27
$GNGGA,113446.900,2520.064868,N,05128.161411,E,1,17,0.97,22.099,M,-24.283,M,,*69
$GNRMC,113446.900,A,2520.064868,N,05128.161411,E,0.009,234.60,200726,,,A,V*30
$GNGLL,2520.064868,N,05128.161411,E,113446.900,A,A*46
$GNVTG,234.60,T,,M,0.009,N,0.017,K,A*2F
$GNGGA,113447.000,2520.064868,N,05128.161411,E,1,17,0.97,22.099,M,-24.283,M,,*61
$GNRMC,113447.000,A,2520.064868,N,05128.161411,E,0.010,234.60,200726,,,A,V*30
$GNGLL,2520.064868,N,05128.161411,E,113447.000,A,A*4E
$GNVTG,234.60,T,,M,0.010,N,0.019,K,A*29
$GNGSA,A,3,03,04,09,16,26,28,31,,,,,,1.97,0.97,1.72,1*01
$GNGSA,A,3,68,78,79,82,,,,,,,,,1.97,0.97,1.72,2*02
$GNGSA,A,3,,,,,,,,,,,,,1.97,0.97,1.72,3*06
$GNGSA,A,3,06,07,10,12,23,32,,,,,,,1.97,0.97,1.72,4*02
$GNGSA,A,3,,,,,,,,,,,,,1.97,0.97,1.72,5*00
$GPGSV,2,1,08,02,,,28,03,56,351,29,04,40,295,34,09,13,273,36,1*5A
$GPGSV,2,2,08,16,20,135,33,26,31,103,32,28,17,039,25,31,46,043,37,1*69
$GPGSV,1,1,00,8*6D
$GLGSV,1,1,04,68,36,020,40,78,41,074,38,79,35,145,38,82,08,185,27,1*7B
$GAGSV,1,1,02,19,,,36,23,,,37,7*79
$GAGSV,1,1,00,1*75
$GBGSV,2,1,06,06,11,114,30,07,34,042,38,10,43,049,37,12,30,312,32,1*71
$GBGSV,2,2,06,23,27,054,36,32,40,056,38,1*7D
$GBGSV,1,1,00,5*72
$GQGSV,1,1,00,1*65
$GQGSV,1,1,00,8*6C
$GNGGA,113447.100,2520.064868,N,05128.161410,E,1,17,0.97,22.098,M,-24.282,M,,*61
$GNRMC,113447.100,A,2520.064868,N,05128.161410,E,0.007,234.60,200726,,,A,V*36
$GNGLL,2520.064868,N,05128.161410,E,113447.100,A,A*4E
$GNVTG,234.60,T,,M,0.007,N,0.013,K,A*25
$GNGGA,113447.200,2520.064868,N,05128.161410,E,1,19,0.97,22.098,M,-24.282,M,,*6C
$GNRMC,113447.200,A,2520.064868,N,05128.161410,E,0.008,234.60,200726,,,A,V*3A
$GNGLL,2520.064868,N,05128.161410,E,113447.200,A,A*4D
$GNVTG,234.60,T,,M,0.008,N,0.015,K,A*2C
$GNGGA,113447.300,2520.064868,N,05128.161410,E,1,19,0.97,22.098,M,-24.282,M,,*6D
$GNRMC,113447.300,A,2520.064868,N,05128.161410,E,0.008,234.60,200726,,,A,V*3B
$GNGLL,2520.064868,N,05128.161410,E,113447.300,A,A*4C
$GNVTG,234.60,T,,M,0.008,N,0.014,K,A*2D
$GNGGA,113447.400,2520.064868,N,05128.161410,E,1,19,0.97,22.098,M,-24.282,M,,*6A
$GNRMC,113447.400,A,2520.064868,N,05128.161410,E,0.009,234.60,200726,,,A,V*3D
$GNGLL,2520.064868,N,05128.161410,E,113447.400,A,A*4B
$GNVTG,234.60,T,,M,0.009,N,0.016,K,A*2E
$GNGGA,113447.500,2520.064868,N,05128.161410,E,1,19,0.97,22.098,M,-24.282,M,,*6B
$GNRMC,113447.500,A,2520.064868,N,05128.161410,E,0.010,234.60,200726,,,A,V*34
$GNGLL,2520.064868,N,05128.161410,E,113447.500,A,A*4A
$GNVTG,234.60,T,,M,0.010,N,0.018,K,A*28
$GNGGA,113447.600,2520.064868,N,05128.161409,E,1,19,0.97,22.098,M,-24.282,M,,*60
$GNRMC,113447.600,A,2520.064868,N,05128.161409,E,0.011,234.60,200726,,,A,V*3E
$GNGLL,2520.064868,N,05128.161409,E,113447.600,A,A*41
$GNVTG,234.60,T,,M,0.011,N,0.020,K,A*22
$GNGGA,113447.700,2520.064868,N,05128.161409,E,1,19,0.97,22.098,M,-24.282,M,,*61
$GNRMC,113447.700,A,2520.064868,N,05128.161409,E,0.015,234.60,200726,,,A,V*3B
$GNGLL,2520.064868,N,05128.161409,E,113447.700,A,A*40
$GNVTG,234.60,T,,M,0.015,N,0.027,K,A*21
$GNGGA,113447.800,2520.064868,N,05128.161409,E,1,19,0.97,22.098,M,-24.282,M,,*6E
$GNRMC,113447.800,A,2520.064868,N,05128.161409,E,0.010,234.60,200726,,,A,V*31
$GNGLL,2520.064868,N,05128.161409,E,113447.800,A,A*4F
$GNVTG,234.60,T,,M,0.010,N,0.019,K,A*29
$GNGGA,113447.900,2520.064868,N,05128.161409,E,1,19,0.97,22.098,M,-24.282,M,,*6F
$GNRMC,113447.900,A,2520.064868,N,05128.161409,E,0.011,234.60,200726,,,A,V*31
$GNGLL,2520.064868,N,05128.161409,E,113447.900,A,A*4E
$GNVTG,234.60,T,,M,0.011,N,0.020,K,A*22
$GNGGA,113448.000,2520.064868,N,05128.161409,E,1,19,0.89,22.098,M,-24.282,M,,*66
$GNRMC,113448.000,A,2520.064868,N,05128.161409,E,0.006,234.60,200726,,,A,V*31
$GNGLL,2520.064868,N,05128.161409,E,113448.000,A,A*48
$GNVTG,234.60,T,,M,0.006,N,0.012,K,A*25
$GNGSA,A,3,03,04,09,16,26,28,31,,,,,,1.93,0.89,1.72,1*0A
$GNGSA,A,3,68,78,79,82,,,,,,,,,1.93,0.89,1.72,2*09
$GNGSA,A,3,19,23,,,,,,,,,,,1.93,0.89,1.72,3*04
$GNGSA,A,3,06,07,10,12,23,32,,,,,,,1.93,0.89,1.72,4*09
$GNGSA,A,3,,,,,,,,,,,,,1.93,0.89,1.72,5*0B
$GPGSV,2,1,08,02,,,27,03,56,351,29,04,40,295,34,09,13,273,36,1*55
$GPGSV,2,2,08,16,20,135,32,26,31,103,32,28,17,039,27,31,46,043,38,1*65
$GPGSV,1,1,00,8*6D
$GLGSV,1,1,04,68,36,020,39,78,41,074,38,79,35,145,38,82,08,185,25,1*77
$GAGSV,1,1,02,19,38,033,36,23,16,135,37,7*72
$GAGSV,1,1,00,1*75
$GBGSV,2,1,06,06,11,114,30,07,34,042,38,10,43,049,38,12,30,312,32,1*7E
$GBGSV,2,2,06,23,27,054,33,32,40,056,38,1*78
$GBGSV,1,1,00,5*72
$GQGSV,1,1,00,1*65
$GQGSV,1,1,00,8*6C
$GNGGA,113448.100,2520.064868,N,05128.161409,E,1,19,0.89,22.099,M,-24.283,M,,*67
$GNRMC,113448.100,A,2520.064868,N,05128.161409,E,0.005,234.60,200726,,,A,V*33
$GNGLL,2520.064868,N,05128.161409,E,113448.100,A,A*49
$GNVTG,234.60,T,,M,0.005,N,0.009,K,A*2C
$GNGGA,113448.200,2520.064868,N,05128.161408,E,1,20,0.75,22.099,M,-24.283,M,,*6C
$GNRMC,113448.200,A,2520.064868,N,05128.161408,E,0.008,234.60,200726,,,A,V*3C
$GNGLL,2520.064868,N,05128.161408,E,113448.200,A,A*4B
$GNVTG,234.60,T,,M,0.008,N,0.014,K,A*2D
$GNGGA,113448.300,2520.064868,N,05128.161408,E,1,20,0.75,22.099,M,-24.283,M,,*6D
$GNRMC,113448.300,A,2520.064868,N,05128.161408,E,0.013,234.60,200726,,,A,V*37
$GNGLL,2520.064868,N,05128.161408,E,113448.300,A,A*4A
$GNVTG,234.60,T,,M,0.013,N,0.025,K,A*25
$GNGGA,113448.400,2520.064868,N,05128.161408,E,1,20,0.75,22.099,M,-24.283,M,,*6A
$GNRMC,113448.400,A,2520.064868,N,05128.161408,E,0.010,234.60,200726,,,A,V*33
$GNGLL,2520.064868,N,05128.161408,E,113448.400,A,A*4D
$GNVTG,234.60,T,,M,0.010,N,0.018,K,A*28
$GNGGA,113448.500,2520.064868,N,05128.161408,E,1,20,0.75,22.099,M,-24.283,M,,*6B
$GNRMC,113448.500,A,2520.064868,N,05128.161408,E,0.009,234.60,200726,,,A,V*3A
$GNGLL,2520.064868,N,05128.161408,E,113448.500,A,A*4C
$GNVTG,234.60,T,,M,0.009,N,0.016,K,A*2E
$GNGGA,113448.600,2520.064868,N,05128.161408,E,1,20,0.75,22.099,M,-24.283,M,,*68
$GNRMC,113448.600,A,2520.064868,N,05128.161408,E,0.008,234.60,200726,,,A,V*38
$GNGLL,2520.064868,N,05128.161408,E,113448.600,A,A*4F
$GNVTG,234.60,T,,M,0.008,N,0.015,K,A*2C
$GNGGA,113448.700,2520.064868,N,05128.161407,E,1,20,0.75,22.099,M,-24.283,M,,*66
$GNRMC,113448.700,A,2520.064868,N,05128.161407,E,0.008,234.60,200726,,,A,V*36
$GNGLL,2520.064868,N,05128.161407,E,113448.700,A,A*41
$GNVTG,234.60,T,,M,0.008,N,0.015,K,A*2C
$GNGGA,113448.800,2520.064868,N,05128.161407,E,1,20,0.75,22.099,M,-24.283,M,,*69
$GNRMC,113448.800,A,2520.064868,N,05128.161407,E,0.010,234.60,200726,,,A,V*30
$GNGLL,2520.064868,N,05128.161407,E,113448.800,A,A*4E
$GNVTG,234.60,T,,M,0.010,N,0.019,K,A*29
$GNGGA,113448.900,2520.064868,N,05128.161407,E,1,20,0.75,22.099,M,-24.283,M,,*68
$GNRMC,113448.900,A,2520.064868,N,05128.161407,E,0.009,234.60,200726,,,A,V*39
$GNGLL,2520.064868,N,05128.161407,E,113448.900,A,A*4F
$GNVTG,234.60,T,,M,0.009,N,0.017,K,A*2F
$GNGGA,113449.000,2520.064868,N,05128.161407,E,1,20,0.75,22.099,M,-24.283,M,,*60
$GNRMC,113449.000,A,2520.064868,N,05128.161407,E,0.006,234.60,200726,,,A,V*3E
$GNGLL,2520.064868,N,05128.161407,E,113449.000,A,A*47
$GNVTG,234.60,T,,M,0.006,N,0.012,K,A*25
$GNGSA,A,3,02,03,04,09,16,26,28,31,,,,,1.70,0.75,1.53,1*05
$GNGSA,A,3,68,78,79,82,,,,,,,,,1.70,0.75,1.53,2*04
$GNGSA,A,3,19,23,,,,,,,,,,,1.70,0.75,1.53,3*09
$GNGSA,A,3,06,07,10,12,23,32,,,,,,,1.70,0.75,1.53,4*04
$GNGSA,A,3,,,,,,,,,,,,,1.70,0.75,1.53,5*06
$GPGSV,2,1,08,02,39,195,27,03,56,351,28,04,40,295,34,09,13,273,36,1*63
$GPGSV,2,2,08,16,20,135,32,26,31,103,32,28,17,039,27,31,46,043,38,1*65
$GPGSV,1,1,00,8*6D
$GLGSV,1,1,04,68,36,020,39,78,41,074,38,79,35,145,38,82,08,185,26,1*74
$GAGSV,1,1,02,19,38,033,37,23,16,135,37,7*73
$GAGSV,1,1,00,1*75
$GBGSV,2,1,06,06,11,114,30,07,34,042,37,10,43,049,38,12,31,312,30,1*72
$GBGSV,2,2,06,23,27,054,33,32,40,056,38,1*78
$GBGSV,1,1,00,5*72
$GQGSV,1,1,00,1*65
$GQGSV,1,1,00,8*6C
$GNGGA,113449.100,2520.064868,N,05128.161407,E,1,20,0.75,22.099,M,-24.283,M,,*61
$GNRMC,113449.100,A,2520.064868,N,05128.161407,E,0.007,234.60,200726,,,A,V*3E
$GNGLL,2520.064868,N,05128.161407,E,113449.100,A,A*46
$GNVTG,234.60,T,,M,0.007,N,0.014,K,A*22
$GNGGA,113449.200,2520.064868,N,05128.161407,E,1,20,0.75,22.099,M,-24.283,M,,*62
$GNRMC,113449.200,A,2520.064868,N,05128.161407,E,0.008,234.60,200726,,,A,V*32
$GNGLL,2520.064868,N,05128.161407,E,113449.200,A,A*45
$GNVTG,234.60,T,,M,0.008,N,0.015,K,A*2C
$GNGGA,113449.300,2520.064868,N,05128.161406,E,1,20,0.75,22.099,M,-24.283,M,,*62
$GNRMC,113449.300,A,2520.064868,N,05128.161406,E,0.009,234.60,200726,,,A,V*33
$GNGLL,2520.064868,N,05128.161406,E,113449.300,A,A*45
$GNVTG,234.60,T,,M,0.009,N,0.016,K,A*2E
$GNGGA,113449.400,2520.064868,N,05128.161406,E,1,20,0.75,22.099,M,-24.283,M,,*65
$GNRMC,113449.400,A,2520.064868,N,05128.161406,E,0.010,234.60,200726,,,A,V*3C
$GNGLL,2520.064868,N,05128.161406,E,113449.400,A,A*42
$GNVTG,234.60,T,,M,0.010,N,0.019,K,A*29
$GNGGA,113449.500,2520.064868,N,05128.161406,E,1,20,0.75,22.099,M,-24.283,M,,*64
$GNRMC,113449.500,A,2520.064868,N,05128.161406,E,0.007,234.60,200726,,,A,V*3B
$GNGLL,2520.064868,N,05128.161406,E,113449.500,A,A*43
$GNVTG,234.60,T,,M,0.007,N,0.014,K,A*22
$GNGGA,113449.600,2520.064868,N,05128.161406,E,1,20,0.75,22.099,M,-24.283,M,,*67
$GNRMC,113449.600,A,2520.064868,N,05128.161406,E,0.003,234.60,200726,,,A,V*3C
$GNGLL,2520.064868,N,05128.161406,E,113449.600,A,A*40
$GNVTG,234.60,T,,M,0.003,N,0.005,K,A*26
$GNGGA,113449.700,2520.064868,N,05128.161406,E,1,20,0.75,22.098,M,-24.283,M,,*67
$GNRMC,113449.700,A,2520.064868,N,05128.161406,E,0.008,234.60,200726,,,A,V*36
$GNGLL,2520.064868,N,05128.161406,E,113449.700,A,A*41
$GNVTG,234.60,T,,M,0.008,N,0.014,K,A*2D
$GNGGA,113449.800,2520.064868,N,05128.161406,E,1,20,0.75,22.098,M,-24.283,M,,*68
$GNRMC,113449.800,A,2520.064868,N,05128.161406,E,0.010,234.60,200726,,,A,V*30
$GNGLL,2520.064868,N,05128.161406,E,113449.800,A,A*4E
$GNVTG,234.60,T,,M,0.010,N,0.019,K,A*29
$GNGGA,113449.900,2520.064868,N,05128.161405,E,1,20,0.75,22.098,M,-24.283,M,,*6A
$GNRMC,113449.900,A,2520.064868,N,05128.161405,E,0.011,234.60,200726,,,A,V*33
$GNGLL,2520.064868,N,05128.161405,E,113449.900,A,A*4C
$GNVTG,234.60,T,,M,0.011,N,0.021,K,A*23
$GNGGA,113450.000,2520.064868,N,05128.161405,E,1,20,0.75,22.098,M,-24.283,M,,*6B
$GNRMC,113450.000,A,2520.064868,N,05128.161405,E,0.009,234.60,200726,,,A,V*3B
$GNGLL,2520.064868,N,05128.161405,E,113450.000,A,A*4D
$GNVTG,234.60,T,,M,0.009,N,0.017,K,A*2F
$GNGSA,A,3,02,03,04,09,16,26,28,31,,,,,1.70,0.75,1.53,1*05
$GNGSA,A,3,68,78,79,82,,,,,,,,,1.70,0.75,1.53,2*04
$GNGSA,A,3,19,23,,,,,,,,,,,1.70,0.75,1.53,3*09
$GNGSA,A,3,06,07,10,12,23,32,,,,,,,1.70,0.75,1.53,4*04
$GNGSA,A,3,,,,,,,,,,,,,1.70,0.75,1.53,5*06
$GPGSV,2,1,08,02,39,195,28,03,56,351,28,04,40,295,35,09,13,273,37,1*6C
$GPGSV,2,2,08,16,20,135,34,26,31,103,32,28,17,039,27,31,46,043,38,1*63
$GPGSV,1,1,00,8*6D
$GLGSV,1,1,04,68,36,020,39,78,41,074,38,79,35,145,37,82,08,185,26,1*7B
$GAGSV,1,1,02,19,38,033,36,23,16,135,36,7*73
$GAGSV,1,1,00,1*75
$GBGSV,2,1,06,06,11,114,29,07,34,042,38,10,43,049,38,12,31,312,32,1*77
$GBGSV,2,2,06,23,27,054,33,32,40,056,39,1*79
$GBGSV,1,1,00,5*72
$GQGSV,1,1,00,1*65
$GQGSV,1,1,00,8*6C
$GNGGA,113450.100,2520.064868,N,05128.161405,E,1,20,0.75,22.097,M,-24.282,M,,*64
$GNRMC,113450.100,A,2520.064868,N,05128.161405,E,0.004,234.60,200726,,,A,V*37
$GNGLL,2520.064868,N,05128.161405,E,113450.100,A,A*4C
$GNVTG,234.60,T,,M,0.004,N,0.008,K,A*2C
$GNGGA,113450.200,2520.064868,N,05128.161405,E,1,20,0.75,22.097,M,-24.282,M,,*67
$GNRMC,113450.200,A,2520.064868,N,05128.161405,E,0.009,234.60,200726,,,A,V*39
$GNGLL,2520.064868,N,05128.161405,E,113450.200,A,A*4F
$GNVTG,234.60,T,,M,0.009,N,0.017,K,A*2F
$GNGGA,113450.300,2520.064868,N,05128.161405,E,1,20,0.75,22.097,M,-24.282,M,,*66
$GNRMC,113450.300,A,2520.064868,N,05128.161405,E,0.007,234.60,200726,,,A,V*36
$GNGLL,2520.064868,N,05128.161405,E,113450.300,A,A*4E
$GNVTG,234.60,T,,M,0.007,N,0.012,K,A*24
$GNGGA,113450.400,2520.064868,N,05128.161404,E,1,20,0.75,22.097,M,-24.282,M,,*60
$GNRMC,113450.400,A,2520.064868,N,05128.161404,E,0.009,234.60,200726,,,A,V*3E
$GNGLL,2520.064868,N,05128.161404,E,113450.400,A,A*48
$GNVTG,234.60,T,,M,0.009,N,0.016,K,A*2E
$GNGGA,113450.500,2520.064868,N,05128.161404,E,1,20,0.75,22.097,M,-24.282,M,,*61
$GNRMC,113450.500,A,2520.064868,N,05128.161404,E,0.013,234.60,200726,,,A,V*34
$GNGLL,2520.064868,N,05128.161404,E,113450.500,A,A*49
$GNVTG,234.60,T,,M,0.013,N,0.024,K,A*24
$GNGGA,113450.600,2520.064868,N,05128.161404,E,1,20,0.75,22.097,M,-24.282,M,,*62
$GNRMC,113450.600,A,2520.064868,N,05128.161404,E,0.009,234.60,200726,,,A,V*3C
$GNGLL,2520.064868,N,05128.161404,E,113450.600,A,A*4A
$GNVTG,234.60,T,,M,0.009,N,0.016,K,A*2E
$GNGGA,113450.700,2520.064868,N,05128.161404,E,1,20,0.75,22.097,M,-24.282,M,,*63
$GNRMC,113450.700,A,2520.064868,N,05128.161404,E,0.007,234.60,200726,,,A,V*33
$GNGLL,2520.064868,N,05128.161404,E,113450.700,A,A*4B
$GNVTG,234.60,T,,M,0.007,N,0.012,K,A*24
$GNGGA,113450.800,2520.064867,N,05128.161404,E,1,20,0.75,22.097,M,-24.282,M,,*63
$GNRMC,113450.800,A,2520.064867,N,05128.161404,E,0.008,234.60,200726,,,A,V*3C
$GNGLL,2520.064867,N,05128.161404,E,113450.800,A,A*4B
$GNVTG,234.60,T,,M,0.008,N,0.014,K,A*2D
$GNGGA,113450.900,2520.064867,N,05128.161404,E,1,20,0.75,22.097,M,-24.282,M,,*62
$GNRMC,113450.900,A,2520.064867,N,05128.161404,E,0.008,234.60,200726,,,A,V*3D
$GNGLL,2520.064867,N,05128.161404,E,113450.900,A,A*4A
$GNVTG,234.60,T,,M,0.008,N,0.015,K,A*2C
$GNGGA,113451.000,2520.064868,N,05128.161403,E,1,20,0.75,22.097,M,-24.282,M,,*62
$GNRMC,113451.000,A,2520.064868,N,05128.161403,E,0.010,234.60,200726,,,A,V*34
$GNGLL,2520.064868,N,05128.161403,E,113451.000,A,A*4A
$GNVTG,234.60,T,,M,0.010,N,0.019,K,A*29
$GNGSA,A,3,02,03,04,09,16,26,28,31,,,,,1.70,0.75,1.53,1*05
$GNGSA,A,3,68,78,79,82,,,,,,,,,1.70,0.75,1.53,2*04
$GNGSA,A,3,19,23,,,,,,,,,,,1.70,0.75,1.53,3*09
$GNGSA,A,3,06,07,10,12,23,32,,,,,,,1.70,0.75,1.53,4*04
$GNGSA,A,3,,,,,,,,,,,,,1.70,0.75,1.53,5*06
$GPGSV,2,1,08,02,39,195,27,03,56,351,29,04,40,295,35,09,13,273,36,1*63
$GPGSV,2,2,08,16,20,135,34,26,31,103,31,28,17,039,27,31,46,043,38,1*60
$GPGSV,1,1,00,8*6D
$GLGSV,1,1,04,68,36,020,39,78,41,074,39,79,35,145,37,82,08,185,25,1*79
$GAGSV,1,1,02,19,38,033,36,23,16,135,38,7*7D
$GAGSV,1,1,00,1*75
$GBGSV,2,1,06,06,11,114,30,07,34,042,37,10,43,049,38,12,31,312,32,1*70
$GBGSV,2,2,06,23,27,054,32,32,40,056,38,1*79
$GBGSV,1,1,00,5*72
$GQGSV,1,1,00,1*65
$GQGSV,1,1,00,8*6C
$GNGGA,113451.100,2520.064867,N,05128.161403,E,1,20,0.75,22.098,M,-24.283,M,,*62
$GNRMC,113451.100,A,2520.064867,N,05128.161403,E,0.008,234.60,200726,,,A,V*33
$GNGLL,2520.064867,N,05128.161403,E,113451.100,A,A*44
$GNVTG,234.60,T,,M,0.008,N,0.015,K,A*2C
$GNGGA,113451.200,2520.064867,N,05128.161403,E,1,20,0.75,22.098,M,-24.283,M,,*61
$GNRMC,113451.200,A,2520.064867,N,05128.161403,E,0.012,234.60,200726,,,A,V*3B
$GNGLL,2520.064867,N,05128.161403,E,113451.200,A,A*47
$GNVTG,234.60,T,,M,0.012,N,0.023,K,A*22
$GNGGA,113451.300,2520.064867,N,05128.161403,E,1,20,0.75,22.098,M,-24.283,M,,*60
$GNRMC,113451.300,A,2520.064867,N,05128.161403,E,0.008,234.60,200726,,,A,V*31
$GNGLL,2520.064867,N,05128.161403,E,113451.300,A,A*46
$GNVTG,234.60,T,,M,0.008,N,0.016,K,A*2F
$GNGGA,113451.400,2520.064867,N,05128.161402,E,1,20,0.75,22.098,M,-24.283,M,,*66
$GNRMC,113451.400,A,2520.064867,N,05128.161402,E,0.007,234.60,200726,,,A,V*38
$GNGLL,2520.064867,N,05128.161402,E,113451.400,A,A*40
$GNVTG,234.60,T,,M,0.007,N,0.013,K,A*25
$GNGGA,113451.500,2520.064867,N,05128.161402,E,1,20,0.75,22.098,M,-24.283,M,,*67
$GNRMC,113451.500,A,2520.064867,N,05128.161402,E,0.007,234.60,200726,,,A,V*39
$GNGLL,2520.064867,N,05128.161402,E,113451.500,A,A*41
$GNVTG,234.60,T,,M,0.007,N,0.013,K,A*25
$GNGGA,113451.600,2520.064867,N,05128.161402,E,1,20,0.75,22.098,M,-24.283,M,,*64
$GNRMC,113451.600,A,2520.064867,N,05128.161402,E,0.007,234.60,200726,,,A,V*3A
$GNGLL,2520.064867,N,05128.161402,E,113451.600,A,A*42
$GNVTG,234.60,T,,M,0.007,N,0.013,K,A*25
$GNGGA,113451.700,2520.064867,N,05128.161402,E,1,20,0.75,22.098,M,-24.283,M,,*65
$GNRMC,113451.700,A,2520.064867,N,05128.161402,E,0.008,234.60,200726,,,A,V*34
$GNGLL,2520.064867,N,05128.161402,E,113451.700,A,A*43
$GNVTG,234.60,T,,M,0.008,N,0.014,K,A*2D
$GNGGA,113451.800,2520.064867,N,05128.161402,E,1,20,0.75,22.098,M,-24.283,M,,*6A
$GNRMC,113451.800,A,2520.064867,N,05128.161402,E,0.010,234.60,200726,,,A,V*32
$GNGLL,2520.064867,N,05128.161402,E,113451.800,A,A*4C
$GNVTG,234.60,T,,M,0.010,N,0.019,K,A*29
$GNGGA,113451.900,2520.064867,N,05128.161402,E,1,20,0.75,22.098,M,-24.283,M,,*6B
$GNRMC,113451.900,A,2520.064867,N,05128.161402,E,0.007,234.60,200726,,,A,V*35
$GNGLL,2520.064867,N,05128.161402,E,113451.900,A,A*4D
$GNVTG,234.60,T,,M,0.007,N,0.013,K,A*25
$GNGGA,113452.000,2520.064867,N,05128.161401,E,1,20,0.75,22.098,M,-24.283,M,,*62
$GNRMC,113452.000,A,2520.064867,N,05128.161401,E,0.009,234.60,200726,,,A,V*32
$GNGLL,2520.064867,N,05128.161401,E,113452.000,A,A*44
$GNVTG,234.60,T,,M,0.009,N,0.016,K,A*2E
$GNGSA,A,3,02,03,04,09,16,26,28,31,,,,,1.70,0.75,1.53,1*05
$GNGSA,A,3,68,78,79,82,,,,,,,,,1.70,0.75,1.53,2*04
$GNGSA,A,3,19,23,,,,,,,,,,,1.70,0.75,1.53,3*09
$GNGSA,A,3,06,07,10,12,23,32,,,,,,,1.70,0.75,1.53,4*04
$GNGSA,A,3,,,,,,,,,,,,,1.70,0.75,1.53,5*06
$GPGSV,2,1,08,02,39,195,28,03,56,351,29,04,40,295,34,09,13,273,36,1*6D
$GPGSV,2,2,08,16,20,135,32,26,31,103,32,28,17,039,28,31,46,043,38,1*6A
$GPGSV,1,1,00,8*6D
$GLGSV,1,1,04,68,36,020,39,78,41,074,38,79,35,145,38,82,08,185,25,1*77
$GAGSV,1,1,02,19,38,033,36,23,16,135,37,7*72
$GAGSV,1,1,00,1*75
$GBGSV,2,1,07,06,11,114,30,07,34,042,38,10,43,049,39,12,31,312,32,1*7F
$GBGSV,2,2,07,20,,,26,23,27,054,33,32,40,056,39,1*7E
$GBGSV,1,1,00,5*72
$GQGSV,1,1,00,1*65
$GQGSV,1,1,00,8*6C
$GNGGA,113452.100,2520.064867,N,05128.161401,E,1,20,0.75,22.098,M,-24.283,M,,*63
$GNRMC,113452.100,A,2520.064867,N,05128.161401,E,0.005,234.60,200726,,,A,V*3F
$GNGLL,2520.064867,N,05128.161401,E,113452.100,A,A*45
$GNVTG,234.60,T,,M,0.005,N,0.009,K,A*2C
$GNGGA,113452.200,2520.064867,N,05128.161401,E,1,20,0.75,22.098,M,-24.283,M,,*60
$GNRMC,113452.200,A,2520.064867,N,05128.161401,E,0.007,234.60,200726,,,A,V*3E
$GNGLL,2520.064867,N,05128.161401,E,113452.200,A,A*46
$GNVTG,234.60,T,,M,0.007,N,0.013,K,A*25
$GNGGA,113452.300,2520.064867,N,05128.161401,E,1,20,0.75,22.098,M,-24.283,M,,*61
$GNRMC,113452.300,A,2520.064867,N,05128.161401,E,0.008,234.60,200726,,,A,V*30
$GNGLL,2520.064867,N,05128.161401,E,113452.300,A,A*47
$GNVTG,234.60,T,,M,0.008,N,0.014,K,A*2D
$GNGGA,113452.400,2520.064867,N,05128.161401,E,1,20,0.75,22.098,M,-24.283,M,,*66
$GNRMC,113452.400,A,2520.064867,N,05128.161401,E,0.009,234.60,200726,,,A,V*36
$GNGLL,2520.064867,N,05128.161401,E,113452.400,A,A*40
$GNVTG,234.60,T,,M,0.009,N,0.016,K,A*2E
$GNGGA,113452.500,2520.064867,N,05128.161401,E,1,20,0.75,22.098,M,-24.283,M,,*67
$GNRMC,113452.500,A,2520.064867,N,05128.161401,E,0.007,234.60,200726,,,A,V*39
$GNGLL,2520.064867,N,05128.161401,E,113452.500,A,A*41
$GNVTG,234.60,T,,M,0.007,N,0.013,K,A*25
$GNGGA,113452.600,2520.064867,N,05128.161401,E,1,20,0.75,22.098,M,-24.283,M,,*64
$GNRMC,113452.600,A,2520.064867,N,05128.161401,E,0.009,234.60,200726,,,A,V*34
$GNGLL,2520.064867,N,05128.161401,E,113452.600,A,A*42
$GNVTG,234.60,T,,M,0.009,N,0.018,K,A*20
$GNGGA,113452.700,2520.064867,N,05128.161400,E,1,20,0.75,22.098,M,-24.283,M,,*64
$GNRMC,113452.700,A,2520.064867,N,05128.161400,E,0.009,234.60,200726,,,A,V*34
$GNGLL,2520.064867,N,05128.161400,E,113452.700,A,A*42
$GNVTG,234.60,T,,M,0.009,N,0.016,K,A*2E
$GNGGA,113452.800,2520.064867,N,05128.161400,E,1,20,0.75,22.098,M,-24.283,M,,*6B
$GNRMC,113452.800,A,2520.064867,N,05128.161400,E,0.010,234.60,200726,,,A,V*33
$GNGLL,2520.064867,N,05128.161400,E,113452.800,A,A*4D
$GNVTG,234.60,T,,M,0.010,N,0.018,K,A*28
$GNGGA,113452.900,2520.064867,N,05128.161400,E,1,20,0.75,22.098,M,-24.283,M,,*6A
$GNRMC,113452.900,A,2520.064867,N,05128.161400,E,0.007,234.60,200726,,,A,V*34
$GNGLL,2520.064867,N,05128.161400,E,113452.900,A,A*4C
$GNVTG,234.60,T,,M,0.007,N,0.014,K,A*22
$GNGGA,113453.000,2520.064867,N,05128.161400,E,1,20,0.75,22.098,M,-24.283,M,,*62
$GNRMC,113453.000,A,2520.064867,N,05128.161400,E,0.008,234.60,200726,,,A,V*33
$GNGLL,2520.064867,N,05128.161400,E,113453.000,A,A*44
$GNVTG,234.60,T,,M,0.008,N,0.014,K,A*2D
$GNGSA,A,3,02,03,04,09,16,26,28,31,,,,,1.70,0.75,1.53,1*05
$GNGSA,A,3,68,78,79,82,,,,,,,,,1.70,0.75,1.53,2*04
$GNGSA,A,3,19,23,,,,,,,,,,,1.70,0.75,1.53,3*09
$GNGSA,A,3,06,07,10,12,23,32,,,,,,,1.70,0.75,1.53,4*04
$GNGSA,A,3,,,,,,,,,,,,,1.70,0.75,1.53,5*06
$GPGSV,2,1,08,02,39,195,28,03,56,351,29,04,40,295,35,09,13,273,36,1*6C
$GPGSV,2,2,08,16,20,135,33,26,31,103,33,28,17,039,27,31,46,043,38,1*65
$GPGSV,1,1,00,8*6D
$GLGSV,1,1,04,68,36,020,40,78,41,074,38,79,35,145,37,82,08,185,27,1*74
$GAGSV,1,1,02,19,38,033,36,23,16,135,37,7*72
$GAGSV,1,1,00,1*75
$GBGSV,2,1,07,06,11,114,30,07,34,042,38,10,43,049,38,12,31,312,32,1*7E
$GBGSV,2,2,07,20,,,25,23,27,054,33,32,40,056,39,1*7D
$GBGSV,1,1,00,5*72
$GQGSV,1,1,00,1*65
$GQGSV,1,1,00,8*6C
$GNGGA,113453.100,2520.064867,N,05128.161400,E,1,20,0.75,22.097,M,-24.282,M,,*6D
$GNRMC,113453.100,A,2520.064867,N,05128.161400,E,0.012,234.60,200726,,,A,V*39
$GNGLL,2520.064867,N,05128.161400,E,113453.100,A,A*45
$GNVTG,234.60,T,,M,0.012,N,0.023,K,A*22
$GNGGA,113453.200,2520.064867,N,05128.161400,E,1,20,0.75,22.097,M,-24.282,M,,*6E
$GNRMC,113453.200,A,2520.064867,N,05128.161400,E,0.011,234.60,200726,,,A,V*39
$GNGLL,2520.064867,N,05128.161400,E,113453.200,A,A*46
$GNVTG,234.60,T,,M,0.011,N,0.020,K,A*22
$GNGGA,113453.300,2520.064867,N,05128.161399,E,1,20,0.75,22.097,M,-24.282,M,,*68
$GNRMC,113453.300,A,2520.064867,N,05128.161399,E,0.010,234.60,200726,,,A,V*3E
$GNGLL,2520.064867,N,05128.161399,E,113453.300,A,A*40
$GNVTG,234.60,T,,M,0.010,N,0.018,K,A*28
$GNGGA,113453.400,2520.064867,N,05128.161399,E,1,20,0.75,22.097,M,-24.282,M,,*6F
$GNRMC,113453.400,A,2520.064867,N,05128.161399,E,0.007,234.60,200726,,,A,V*3F
$GNGLL,2520.064867,N,05128.161399,E,113453.400,A,A*47
$GNVTG,234.60,T,,M,0.007,N,0.013,K,A*25
$GNGGA,113453.500,2520.064867,N,05128.161399,E,1,20,0.75,22.097,M,-24.282,M,,*6E
$GNRMC,113453.500,A,2520.064867,N,05128.161399,E,0.008,234.60,200726,,,A,V*31
$GNGLL,2520.064867,N,05128.161399,E,113453.500,A,A*46
$GNVTG,234.60,T,,M,0.008,N,0.014,K,A*2D
$GNGGA,113453.600,2520.064867,N,05128.161399,E,1,20,0.75,22.097,M,-24.282,M,,*6D
$GNRMC,113453.600,A,2520.064867,N,05128.161399,E,0.010,234.60,200726,,,A,V*3B
$GNGLL,2520.064867,N,05128.161399,E,113453.600,A,A*45
$GNVTG,234.60,T,,M,0.010,N,0.018,K,A*28
$GNGGA,113453.700,2520.064867,N,05128.161399,E,1,20,0.75,22.097,M,-24.282,M,,*6C
$GNRMC,113453.700,A,2520.064867,N,05128.161399,E,0.009,234.60,200726,,,A,V*32
$GNGLL,2520.064867,N,05128.161399,E,113453.700,A,A*44
$GNVTG,234.60,T,,M,0.009,N,0.016,K,A*2E
$GNGGA,113453.800,2520.064867,N,05128.161398,E,1,20,0.75,22.097,M,-24.282,M,,*62
$GNRMC,113453.800,A,2520.064867,N,05128.161398,E,0.010,234.60,200726,,,A,V*34
$GNGLL,2520.064867,N,05128.161398,E,113453.800,A,A*4A
$GNVTG,234.60,T,,M,0.010,N,0.018,K,A*28
$GNGGA,113453.900,2520.064867,N,05128.161398,E,1,20,0.75,22.097,M,-24.282,M,,*63
$GNRMC,113453.900,A,2520.064867,N,05128.161398,E,0.008,234.60,200726,,,A,V*3C
$GNGLL,2520.064867,N,05128.161398,E,113453.900,A,A*4B
$GNVTG,234.60,T,,M,0.008,N,0.015,K,A*2C
$GNGGA,113454.000,2520.064867,N,05128.161398,E,1,20,0.75,22.097,M,-24.282,M,,*6D
$GNRMC,113454.000,A,2520.064867,N,05128.161398,E,0.006,234.60,200726,,,A,V*3C
$GNGLL,2520.064867,N,05128.161398,E,113454.000,A,A*45
$GNVTG,234.60,T,,M,0.006,N,0.010,K,A*27
$GNGSA,A,3,02,03,04,09,16,26,28,31,,,,,1.70,0.75,1.53,1*05
$GNGSA,A,3,68,78,79,82,,,,,,,,,1.70,0.75,1.53,2*04
$GNGSA,A,3,19,23,,,,,,,,,,,1.70,0.75,1.53,3*09
$GNGSA,A,3,06,07,10,12,23,32,,,,,,,1.70,0.75,1.53,4*04
$GNGSA,A,3,,,,,,,,,,,,,1.70,0.75,1.53,5*06
$GPGSV,2,1,08,02,39,195,28,03,56,351,29,04,40,295,34,09,13,273,36,1*6D
$GPGSV,2,2,08,16,20,135,33,26,31,103,33,28,17,039,28,31,46,043,39,1*6B
$GPGSV,1,1,00,8*6D
$GLGSV,1,1,04,68,36,020,39,78,41,074,38,79,35,145,37,82,08,185,27,1*7A
$GAGSV,1,1,02,19,38,033,36,23,16,135,37,7*72
$GAGSV,1,1,00,1*75
$GBGSV,2,1,07,06,11,114,30,07,34,042,38,10,43,049,38,12,31,312,33,1*7F
$GBGSV,2,2,07,20,,,27,23,27,054,33,32,40,056,39,1*7F
$GBGSV,1,1,00,5*72
$GQGSV,1,1,00,1*65
$GQGSV,1,1,00,8*6C
$GNGGA,113454.100,2520.064867,N,05128.161398,E,1,20,0.75,22.098,M,-24.283,M,,*62
$GNRMC,113454.100,A,2520.064867,N,05128.161398,E,0.006,234.60,200726,,,A,V*3D
$GNGLL,2520.064867,N,05128.161398,E,113454.100,A,A*44
$GNVTG,234.60,T,,M,0.006,N,0.011,K,A*26
$GNGGA,113454.200,2520.064867,N,05128.161398,E,1,20,0.75,22.098,M,-24.283,M,,*61
$GNRMC,113454.200,A,2520.064867,N,05128.161398,E,0.010,234.60,200726,,,A,V*39
$GNGLL,2520.064867,N,05128.161398,E,113454.200,A,A*47
$GNVTG,234.60,T,,M,0.010,N,0.019,K,A*29
$GNGGA,113454.300,2520.064867,N,05128.161398,E,1,20,0.75,22.098,M,-24.283,M,,*60
$GNRMC,113454.300,A,2520.064867,N,05128.161398,E,0.008,234.60,200726,,,A,V*31
$GNGLL,2520.064867,N,05128.161398,E,113454.300,A,A*46
$GNVTG,234.60,T,,M,0.008,N,0.014,K,A*2D
$GNGGA,113454.400,2520.064867,N,05128.161398,E,1,20,0.75,22.098,M,-24.283,M,,*67
$GNRMC,113454.400,A,2520.064867,N,05128.161398,E,0.006,234.60,200726,,,A,V*38
$GNGLL,2520.064867,N,05128.161398,E,113454.400,A,A*41
$GNVTG,234.60,T,,M,0.006,N,0.011,K,A*26
$GNGGA,113454.500,2520.064867,N,05128.161397,E,1,20,0.75,22.098,M,-24.283,M,,*69
$GNRMC,113454.500,A,2520.064867,N,05128.161397,E,0.009,234.60,200726,,,A,V*39
$GNGLL,2520.064867,N,05128.161397,E,113454.500,A,A*4F
$GNVTG,234.60,T,,M,0.009,N,0.017,K,A*2F
$GNGGA,113454.600,2520.064867,N,05128.161397,E,1,20,0.75,22.098,M,-24.283,M,,*6A
$GNRMC,113454.600,A,2520.064867,N,05128.161397,E,0.006,234.60,200726,,,A,V*35
$GNGLL,2520.064867,N,05128.161397,E,113454.600,A,A*4C
$GNVTG,234.60,T,,M,0.006,N,0.011,K,A*26
$GNGGA,113454.700,2520.064867,N,05128.161397,E,1,20,0.75,22.098,M,-24.283,M,,*6B
$GNRMC,113454.700,A,2520.064867,N,05128.161397,E,0.010,234.60,200726,,,A,V*33
$GNGLL,2520.064867,N,05128.161397,E,113454.700,A,A*4D
$GNVTG,234.60,T,,M,0.010,N,0.018,K,A*28
$GNGGA,113454.800,2520.064867,N,05128.161397,E,1,20,0.75,22.098,M,-24.283,M,,*64
$GNRMC,113454.800,A,2520.064867,N,05128.161397,E,0.010,234.60,200726,,,A,V*3C
$GNGLL,2520.064867,N,05128.161397,E,113454.800,A,A*42
$GNVTG,234.60,T,,M,0.010,N,0.019,K,A*29
$GNGGA,113454.900,2520.064867,N,05128.161397,E,1,20,0.75,22.098,M,-24.283,M,,*65
$GNRMC,113454.900,A,2520.064867,N,05128.161397,E,0.012,234.60,200726,,,A,V*3F
$GNGLL,2520.064867,N,05128.161397,E,113454.900,A,A*43
$GNVTG,234.60,T,,M,0.012,N,0.022,K,A*23
$GNGGA,113455.000,2520.064867,N,05128.161396,E,1,20,0.75,22.098,M,-24.283,M,,*6C
$GNRMC,113455.000,A,2520.064867,N,05128.161396,E,0.008,234.60,200726,,,A,V*3D
$GNGLL,2520.064867,N,05128.161396,E,113455.000,A,A*4A
$GNVTG,234.60,T,,M,0.008,N,0.016,K,A*2F
$GNGSA,A,3,02,03,04,09,16,26,28,31,,,,,1.70,0.75,1.53,1*05
$GNGSA,A,3,68,78,79,82,,,,,,,,,1.70,0.75,1.53,2*04
$GNGSA,A,3,19,23,,,,,,,,,,,1.70,0.75,1.53,3*09
$GNGSA,A,3,06,07,10,12,23,32,,,,,,,1.70,0.75,1.53,4*04
$GNGSA,A,3,,,,,,,,,,,,,1.70,0.75,1.53,5*06
$GPGSV,2,1,08,02,39,195,28,03,56,351,28,04,40,295,34,09,13,273,37,1*6D
$GPGSV,2,2,08,16,20,135,33,26,31,103,33,28,17,039,26,31,46,043,38,1*64
$GPGSV,1,1,00,8*6D
$GLGSV,1,1,04,68,36,020,39,78,41,074,37,79,35,145,37,82,08,185,28,1*7A
$GAGSV,1,1,02,19,38,033,36,23,16,135,37,7*72
$GAGSV,1,1,00,1*75
$GBGSV,2,1,07,06,11,114,30,07,34,042,38,10,43,049,38,12,31,312,32,1*7E
$GBGSV,2,2,07,20,,,26,23,27,054,34,32,40,056,39,1*79
$GBGSV,1,1,00,5*72
$GQGSV,1,1,00,1*65
$GQGSV,1,1,00,8*6C
$GNGGA,113455.100,2520.064867,N,05128.161396,E,1,20,0.75,22.098,M,-24.283,M,,*6D
$GNRMC,113455.100,A,2520.064867,N,05128.161396,E,0.007,234.60,200726,,,A,V*33
$GNGLL,2520.064867,N,05128.161396,E,113455.100,A,A*4B
$GNVTG,234.60,T,,M,0.007,N,0.013,K,A*25
$GNGGA,113455.200,2520.064867,N,05128.161396,E,1,20,0.75,22.098,M,-24.283,M,,*6E
$GNRMC,113455.200,A,2520.064867,N,05128.161396,E,0.008,234.60,200726,,,A,V*3F
$GNGLL,2520.064867,N,05128.161396,E,113455.200,A,A*48
$GNVTG,234.60,T,,M,0.008,N,0.015,K,A*2C
$GNGGA,113455.300,2520.064867,N,05128.161396,E,1,20,0.75,22.098,M,-24.283,M,,*6F
$GNRMC,113455.300,A,2520.064867,N,05128.161396,E,0.007,234.60,200726,,,A,V*31
$GNGLL,2520.064867,N,05128.161396,E,113455.300,A,A*49
$GNVTG,234.60,T,,M,0.007,N,0.014,K,A*22
$GNGGA,113455.400,2520.064867,N,05128.161396,E,1,20,0.75,22.098,M,-24.283,M,,*68
$GNRMC,113455.400,A,2520.064867,N,05128.161396,E,0.005,234.60,200726,,,A,V*34
$GNGLL,2520.064867,N,05128.161396,E,113455.400,A,A*4E
$GNVTG,234.60,T,,M,0.005,N,0.009,K,A*2C
$GNGGA,113455.500,2520.064867,N,05128.161395,E,1,20,0.75,22.098,M,-24.283,M,,*6A
$GNRMC,113455.500,A,2520.064867,N,05128.161395,E,0.010,234.60,200726,,,A,V*32
$GNGLL,2520.064867,N,05128.161395,E,113455.500,A,A*4C
$GNVTG,234.60,T,,M,0.010,N,0.018,K,A*28
$GNGGA,113455.600,2520.064867,N,05128.161395,E,1,20,0.75,22.098,M,-24.283,M,,*69
$GNRMC,113455.600,A,2520.064867,N,05128.161395,E,0.013,234.60,200726,,,A,V*32
$GNGLL,2520.064867,N,05128.161395,E,113455.600,A,A*4F
$GNVTG,234.60,T,,M,0.013,N,0.024,K,A*24
$GNGGA,113455.700,2520.064867,N,05128.161395,E,1,20,0.75,22.098,M,-24.283,M,,*68
$GNRMC,113455.700,A,2520.064867,N,05128.161395,E,0.011,234.60,200726,,,A,V*31
$GNGLL,2520.064867,N,05128.161395,E,113455.700,A,A*4E
$GNVTG,234.60,T,,M,0.011,N,0.020,K,A*22
$GNGGA,113455.800,2520.064867,N,05128.161395,E,1,20,0.75,22.098,M,-24.283,M,,*67
$GNRMC,113455.800,A,2520.064867,N,05128.161395,E,0.008,234.60,200726,,,A,V*36
$GNGLL,2520.064867,N,05128.161395,E,113455.800,A,A*41
$GNVTG,234.60,T,,M,0.008,N,0.016,K,A*2F
$GNGGA,113455.900,2520.064867,N,05128.161395,E,1,20,0.75,22.097,M,-24.283,M,,*69
$GNRMC,113455.900,A,2520.064867,N,05128.161395,E,0.006,234.60,200726,,,A,V*39
$GNGLL,2520.064867,N,05128.161395,E,113455.900,A,A*40
$GNVTG,234.60,T,,M,0.006,N,0.010,K,A*27
$GNGGA,113456.000,2520.064867,N,05128.161394,E,1,20,0.75,22.097,M,-24.283,M,,*62
$GNRMC,113456.000,A,2520.064867,N,05128.161394,E,0.008,234.60,200726,,,A,V*3C
$GNGLL,2520.064867,N,05128.161394,E,113456.000,A,A*4B
$GNVTG,234.60,T,,M,0.008,N,0.015,K,A*2C
$GNGSA,A,3,02,03,04,09,16,26,28,31,,,,,1.70,0.75,1.53,1*05
$GNGSA,A,3,68,78,79,82,,,,,,,,,1.70,0.75,1.53,2*04
$GNGSA,A,3,19,23,,,,,,,,,,,1.70,0.75,1.53,3*09
$GNGSA,A,3,06,07,10,12,23,32,,,,,,,1.70,0.75,1.53,4*04
$GNGSA,A,3,,,,,,,,,,,,,1.70,0.75,1.53,5*06
$GPGSV,2,1,08,02,39,195,28,03,56,351,28,04,40,295,34,09,13,273,36,1*6C
$GPGSV,2,2,08,16,20,135,33,26,31,103,32,28,17,039,28,31,46,043,38,1*6B
$GPGSV,1,1,00,8*6D
$GLGSV,1,1,04,68,36,020,40,78,41,074,38,79,35,145,37,82,08,185,27,1*74
$GAGSV,1,1,02,19,38,033,37,23,16,135,37,7*73
$GAGSV,1,1,00,1*75
$GBGSV,2,1,07,06,11,114,29,07,34,042,38,10,43,049,38,12,31,312,32,1*76
$GBGSV,2,2,07,20,,,25,23,27,054,32,32,40,056,38,1*7D
$GBGSV,1,1,00,5*72
$GQGSV,1,1,00,1*65
$GQGSV,1,1,00,8*6C
$GNGGA,113456.100,2520.064866,N,05128.161394,E,1,20,0.75,22.097,M,-24.283,M,,*62
$GNRMC,113456.100,A,2520.064866,N,05128.161394,E,0.005,234.60,200726,,,A,V*31
$GNGLL,2520.064866,N,05128.161394,E,113456.100,A,A*4B
$GNVTG,234.60,T,,M,0.005,N,0.010,K,A*24
$GNGGA,113456.200,2520.064866,N,05128.161394,E,1,20,0.75,22.097,M,-24.283,M,,*61
$GNRMC,113456.200,A,2520.064866,N,05128.161394,E,0.007,234.60,200726,,,A,V*30
$GNGLL,2520.064866,N,05128.161394,E,113456.200,A,A*48
$GNVTG,234.60,T,,M,0.007,N,0.013,K,A*25
$GNGGA,113456.300,2520.064866,N,05128.161394,E,1,20,0.75,22.097,M,-24.283,M,,*60
$GNRMC,113456.300,A,2520.064866,N,05128.161394,E,0.007,234.60,200726,,,A,V*31
$GNGLL,2520.064866,N,05128.161394,E,113456.300,A,A*49
$GNVTG,234.60,T,,M,0.007,N,0.013,K,A*25
$GNGGA,113456.400,2520.064866,N,05128.161394,E,1,20,0.75,22.097,M,-24.283,M,,*67
$GNRMC,113456.400,A,2520.064866,N,05128.161394,E,0.003,234.60,200726,,,A,V*32
$GNGLL,2520.064866,N,05128.161394,E,113456.400,A,A*4E
$GNVTG,234.60,T,,M,0.003,N,0.006,K,A*25
$GNGGA,113456.500,2520.064866,N,05128.161394,E,1,20,0.75,22.097,M,-24.283,M,,*66
$GNRMC,113456.500,A,2520.064866,N,05128.161394,E,0.003,234.60,200726,,,A,V*33
$GNGLL,2520.064866,N,05128.161394,E,113456.500,A,A*4F
$GNVTG,234.60,T,,M,0.003,N,0.006,K,A*25
$GNGGA,113456.600,2520.064866,N,05128.161394,E,1,20,0.75,22.097,M,-24.283,M,,*65
$GNRMC,113456.600,A,2520.064866,N,05128.161394,E,0.006,234.60,200726,,,A,V*35
$GNGLL,2520.064866,N,05128.161394,E,113456.600,A,A*4C
$GNVTG,234.60,T,,M,0.006,N,0.012,K,A*25
$GNGGA,113456.700,2520.064866,N,05128.161394,E,1,20,0.75,22.097,M,-24.283,M,,*64
$GNRMC,113456.700,A,2520.064866,N,05128.161394,E,0.004,234.60,200726,,,A,V*36
$GNGLL,2520.064866,N,05128.161394,E,113456.700,A,A*4D
$GNVTG,234.60,T,,M,0.004,N,0.008,K,A*2C
$GNGGA,113456.800,2520.064866,N,05128.161394,E,1,20,0.75,22.097,M,-24.283,M,,*6B
$GNRMC,113456.800,A,2520.064866,N,05128.161394,E,0.006,234.60,200726,,,A,V*3B
$GNGLL,2520.064866,N,05128.161394,E,113456.800,A,A*42
$GNVTG,234.60,T,,M,0.006,N,0.011,K,A*26
$GNGGA,113456.900,2520.064866,N,05128.161393,E,1,20,0.75,22.097,M,-24.283,M,,*6D
$GNRMC,113456.900,A,2520.064866,N,05128.161393,E,0.008,234.60,200726,,,A,V*33
$GNGLL,2520.064866,N,05128.161393,E,113456.900,A,A*44
$GNVTG,234.60,T,,M,0.008,N,0.016,K,A*2F
$GNGGA,113457.000,2520.064866,N,05128.161393,E,1,20,0.75,22.097,M,-24.283,M,,*65
$GNRMC,113457.000,A,2520.064866,N,05128.161393,E,0.006,234.60,200726,,,A,V*35
$GNGLL,2520.064866,N,05128.161393,E,113457.000,A,A*4C
$GNVTG,234.60,T,,M,0.006,N,0.010,K,A*27
$GNGSA,A,3,02,03,04,09,16,26,28,31,,,,,1.70,0.75,1.53,1*05
$GNGSA,A,3,68,78,79,82,,,,,,,,,1.70,0.75,1.53,2*04
$GNGSA,A,3,19,23,,,,,,,,,,,1.70,0.75,1.53,3*09
$GNGSA,A,3,06,07,10,12,23,32,,,,,,,1.70,0.75,1.53,4*04
$GNGSA,A,3,,,,,,,,,,,,,1.70,0.75,1.53,5*06
$GPGSV,2,1,08,02,39,195,29,03,56,351,28,04,40,295,35,09,13,273,35,1*6F
$GPGSV,2,2,08,16,20,135,33,26,31,103,31,28,17,039,28,31,46,043,38,1*68
$GPGSV,1,1,00,8*6D
$GLGSV,1,1,04,68,36,020,39,78,41,074,38,79,35,145,37,82,08,185,28,1*75
$GAGSV,1,1,02,19,38,033,37,23,16,135,37,7*73
$GAGSV,1,1,00,1*75
$GBGSV,2,1,07,06,11,114,30,07,34,042,37,10,43,049,38,12,31,312,31,1*72
$GBGSV,2,2,07,20,,,25,23,27,054,33,32,40,056,39,1*7D
$GBGSV,1,1,00,5*72
$GQGSV,1,1,00,1*65
$GQGSV,1,1,00,8*6C
$GNGGA,113457.100,2520.064866,N,05128.161393,E,1,20,0.75,22.097,M,-24.283,M,,*64
$GNRMC,113457.100,A,2520.064866,N,05128.161393,E,0.006,234.60,200726,,,A,V*34
$GNGLL,2520.064866,N,05128.161393,E,113457.100,A,A*4D
$GNVTG,234.60,T,,M,0.006,N,0.010,K,A*27
$GNGGA,113457.200,2520.064866,N,05128.161393,E,1,20,0.75,22.097,M,-24.283,M,,*67
$GNRMC,113457.200,A,2520.064866,N,05128.161393,E,0.009,234.60,200726,,,A,V*38
$GNGLL,2520.064866,N,05128.161393,E,113457.200,A,A*4E
$GNVTG,234.60,T,,M,0.009,N,0.016,K,A*2E
$GNGGA,113457.300,2520.064866,N,05128.161393,E,1,20,0.75,22.097,M,-24.283,M,,*66
$GNRMC,113457.300,A,2520.064866,N,05128.161393,E,0.006,234.60,200726,,,A,V*36
$GNGLL,2520.064866,N,05128.161393,E,113457.300,A,A*4F
$GNVTG,234.60,T,,M,0.006,N,0.012,K,A*25
$GNGGA,113457.400,2520.064866,N,05128.161393,E,1,20,0.75,22.097,M,-24.283,M,,*61
$GNRMC,113457.400,A,2520.064866,N,05128.161393,E,0.005,234.60,200726,,,A,V*32
$GNGLL,2520.064866,N,05128.161393,E,113457.400,A,A*48
$GNVTG,234.60,T,,M,0.005,N,0.010,K,A*24
$GNGGA,113457.500,2520.064866,N,05128.161393,E,1,20,0.75,22.097,M,-24.283,M,,*60
$GNRMC,113457.500,A,2520.064866,N,05128.161393,E,0.004,234.60,200726,,,A,V*32
$GNGLL,2520.064866,N,05128.161393,E,113457.500,A,A*49
$GNVTG,234.60,T,,M,0.004,N,0.007,K,A*23
$GNGGA,113457.600,2520.064866,N,05128.161393,E,1,20,0.75,22.097,M,-24.283,M,,*63
$GNRMC,113457.600,A,2520.064866,N,05128.161393,E,0.006,234.60,200726,,,A,V*33
$GNGLL,2520.064866,N,05128.161393,E,113457.600,A,A*4A
$GNVTG,234.60,T,,M,0.006,N,0.011,K,A*26
$GNGGA,113457.700,2520.064866,N,05128.161393,E,1,20,0.75,22.097,M,-24.283,M,,*62
$GNRMC,113457.700,A,2520.064866,N,05128.161393,E,0.005,234.60,200726,,,A,V*31
$GNGLL,2520.064866,N,05128.161393,E,113457.700,A,A*4B
$GNVTG,234.60,T,,M,0.005,N,0.010,K,A*24
$GNGGA,113457.800,2520.064866,N,05128.161392,E,1,20,0.75,22.097,M,-24.283,M,,*6C
$GNRMC,113457.800,A,2520.064866,N,05128.161392,E,0.008,234.60,200726,,,A,V*32
$GNGLL,2520.064866,N,05128.161392,E,113457.800,A,A*45
$GNVTG,234.60,T,,M,0.008,N,0.014,K,A*2D
$GNGGA,113457.900,2520.064866,N,05128.161392,E,1,20,0.75,22.097,M,-24.283,M,,*6D
$GNRMC,113457.900,A,2520.064866,N,05128.161392,E,0.007,234.60,200726,,,A,V*3C
$GNGLL,2520.064866,N,05128.161392,E,113457.900,A,A*44
$GNVTG,234.60,T,,M,0.007,N,0.013,K,A*25
$GNGGA,113458.000,2520.064866,N,05128.161392,E,1,20,0.75,22.097,M,-24.283,M,,*6B
$GNRMC,113458.000,A,2520.064866,N,05128.161392,E,0.011,234.60,200726,,,A,V*3D
$GNGLL,2520.064866,N,05128.161392,E,113458.000,A,A*42
$GNVTG,234.60,T,,M,0.011,N,0.020,K,A*22
$GNGSA,A,3,02,03,04,09,16,26,28,31,,,,,1.70,0.75,1.53,1*05
$GNGSA,A,3,68,78,79,82,,,,,,,,,1.70,0.75,1.53,2*04
$GNGSA,A,3,19,23,,,,,,,,,,,1.70,0.75,1.53,3*09
$GNGSA,A,3,06,07,10,12,23,32,,,,,,,1.70,0.75,1.53,4*04
$GNGSA,A,3,,,,,,,,,,,,,1.70,0.75,1.53,5*06
$GPGSV,2,1,08,02,39,195,29,03,56,351,28,04,40,295,34,09,13,273,36,1*6D
$GPGSV,2,2,08,16,20,135,33,26,31,103,29,28,17,039,26,31,46,043,39,1*6E
$GPGSV,1,1,00,8*6D
$GLGSV,1,1,04,68,36,020,39,78,41,074,40,79,35,145,38,82,08,185,29,1*74
$GAGSV,1,1,02,19,38,033,36,23,16,135,38,7*7D
$GAGSV,1,1,00,1*75
$GBGSV,2,1,07,06,11,114,30,07,34,042,39,10,43,049,38,12,31,312,32,1*7F
$GBGSV,2,2,07,20,,,25,23,27,054,36,32,40,056,38,1*79
$GBGSV,1,1,00,5*72
$GQGSV,1,1,00,1*65
$GQGSV,1,1,00,8*6C
$GNGGA,113458.100,2520.064866,N,05128.161392,E,1,20,0.75,22.097,M,-24.283,M,,*6A
$GNRMC,113458.100,A,2520.064866,N,05128.161392,E,0.006,234.60,200726,,,A,V*3A
$GNGLL,2520.064866,N,05128.161392,E,113458.100,A,A*43
$GNVTG,234.60,T,,M,0.006,N,0.011,K,A*26
$GNGGA,113458.200,2520.064866,N,05128.161392,E,1,20,0.75,22.097,M,-24.283,M,,*69
$GNRMC,113458.200,A,2520.064866,N,05128.161392,E,0.009,234.60,200726,,,A,V*36
$GNGLL,2520.064866,N,05128.161392,E,113458.200,A,A*40
$GNVTG,234.60,T,,M,0.009,N,0.016,K,A*2E
$GNGGA,113458.300,2520.064866,N,05128.161392,E,1,20,0.75,22.097,M,-24.283,M,,*68
$GNRMC,113458.300,A,2520.064866,N,05128.161392,E,0.011,234.60,200726,,,A,V*3E
$GNGLL,2520.064866,N,05128.161392,E,113458.300,A,A*41
$GNVTG,234.60,T,,M,0.011,N,0.021,K,A*23
$GNGGA,113458.400,2520.064866,N,05128.161392,E,1,20,0.75,22.098,M,-24.283,M,,*60
$GNRMC,113458.400,A,2520.064866,N,05128.161392,E,0.011,234.60,200726,,,A,V*39
$GNGLL,2520.064866,N,05128.161392,E,113458.400,A,A*46
$GNVTG,234.60,T,,M,0.011,N,0.020,K,A*22
$GNGGA,113458.500,2520.064867,N,05128.161391,E,1,20,0.75,22.098,M,-24.283,M,,*63
$GNRMC,113458.500,A,2520.064867,N,05128.161391,E,0.009,234.60,200726,,,A,V*33
$GNGLL,2520.064867,N,05128.161391,E,113458.500,A,A*45
$GNVTG,234.60,T,,M,0.009,N,0.017,K,A*2F
$GNGGA,113458.600,2520.064867,N,05128.161391,E,1,20,0.75,22.098,M,-24.283,M,,*60
$GNRMC,113458.600,A,2520.064867,N,05128.161391,E,0.009,234.60,200726,,,A,V*30
$GNGLL,2520.064867,N,05128.161391,E,113458.600,A,A*46
$GNVTG,234.60,T,,M,0.009,N,0.017,K,A*2F
$GNGGA,113458.700,2520.064867,N,05128.161391,E,1,20,0.75,22.098,M,-24.283,M,,*61
$GNRMC,113458.700,A,2520.064867,N,05128.161391,E,0.011,234.60,200726,,,A,V*38
$GNGLL,2520.064867,N,05128.161391,E,113458.700,A,A*47
$GNVTG,234.60,T,,M,0.011,N,0.020,K,A*22
$GNGGA,113458.800,2520.064867,N,05128.161391,E,1,20,0.75,22.098,M,-24.283,M,,*6E
$GNRMC,113458.800,A,2520.064867,N,05128.161391,E,0.008,234.60,200726,,,A,V*3F
$GNGLL,2520.064867,N,05128.161391,E,113458.800,A,A*48
$GNVTG,234.60,T,,M,0.008,N,0.016,K,A*2F
$GNGGA,113458.900,2520.064867,N,05128.161391,E,1,20,0.75,22.098,M,-24.283,M,,*6F
$GNRMC,113458.900,A,2520.064867,N,05128.161391,E,0.008,234.60,200726,,,A,V*3E
$GNGLL,2520.064867,N,05128.161391,E,113458.900,A,A*49
$GNVTG,234.60,T,,M,0.008,N,0.016,K,A*2F
$GNGGA,113459.000,2520.064867,N,05128.161391,E,1,20,0.75,22.098,M,-24.283,M,,*67
$GNRMC,113459.000,A,2520.064867,N,05128.161391,E,0.009,234.60,200726,,,A,V*37
$GNGLL,2520.064867,N,05128.161391,E,113459.000,A,A*41
$GNVTG,234.60,T,,M,0.009,N,0.016,K,A*2E
$GNGSA,A,3,02,03,04,09,16,26,28,31,,,,,1.70,0.75,1.53,1*05
$GNGSA,A,3,68,78,79,82,,,,,,,,,1.70,0.75,1.53,2*04
$GNGSA,A,3,19,23,,,,,,,,,,,1.70,0.75,1.53,3*09
$GNGSA,A,3,06,07,10,12,23,32,,,,,,,1.70,0.75,1.53,4*04
$GNGSA,A,3,,,,,,,,,,,,,1.70,0.75,1.53,5*06
$GPGSV,2,1,08,02,39,195,29,03,56,351,28,04,40,295,34,09,13,273,36,1*6D
$GPGSV,2,2,08,16,20,135,34,26,31,103,31,28,17,039,26,31,46,043,37,1*6E
$GPGSV,1,1,00,8*6D
$GLGSV,1,1,04,68,36,020,39,78,41,074,39,79,35,145,38,82,08,185,28,1*7B
$GAGSV,1,1,02,19,38,033,36,23,16,135,38,7*7D
$GAGSV,1,1,00,1*75
$GBGSV,2,1,07,06,11,114,27,07,34,042,38,10,43,049,37,12,31,312,32,1*77
$GBGSV,2,2,07,20,,,27,23,27,054,34,32,40,056,38,1*79
$GBGSV,1,1,00,5*72
$GQGSV,1,1,00,1*65
$GQGSV,1,1,00,8*6C
$GNGGA,113459.100,2520.064867,N,05128.161390,E,1,20,0.75,22.098,M,-24.283,M,,*67
$GNRMC,113459.100,A,2520.064867,N,05128.161390,E,0.013,234.60,200726,,,A,V*3C
$GNGLL,2520.064867,N,05128.161390,E,113459.100,A,A*41
$GNVTG,234.60,T,,M,0.013,N,0.024,K,A*24
$GNGGA,113459.200,2520.064867,N,05128.161390,E,1,20,0.75,22.098,M,-24.283,M,,*64
$GNRMC,113459.200,A,2520.064867,N,05128.161390,E,0.008,234.60,200726,,,A,V*35
$GNGLL,2520.064867,N,05128.161390,E,113459.200,A,A*42
$GNVTG,234.60,T,,M,0.008,N,0.015,K,A*2C
$GNGGA,113459.300,2520.064867,N,05128.161390,E,1,20,0.75,22.098,M,-24.283,M,,*65
$GNRMC,113459.300,A,2520.064867,N,05128.161390,E,0.008,234.60,200726,,,A,V*34
$GNGLL,2520.064867,N,05128.161390,E,113459.300,A,A*43
$GNVTG,234.60,T,,M,0.008,N,0.015,K,A*2C
$GNGGA,113459.400,2520.064867,N,05128.161390,E,1,20,0.75,22.098,M,-24.283,M,,*62
$GNRMC,113459.400,A,2520.064867,N,05128.161390,E,0.010,234.60,200726,,,A,V*3A
$GNGLL,2520.064867,N,05128.161390,E,113459.400,A,A*44
$GNVTG,234.60,T,,M,0.010,N,0.019,K,A*29
$GNGGA,113459.500,2520.064867,N,05128.161390,E,1,20,0.75,22.098,M,-24.283,M,,*63
$GNRMC,113459.500,A,2520.064867,N,05128.161390,E,0.006,234.60,200726,,,A,V*3C
$GNGLL,2520.064867,N,05128.161390,E,113459.500,A,A*45
$GNVTG,234.60,T,,M,0.006,N,0.011,K,A*26
$GNGGA,113459.600,2520.064867,N,05128.161390,E,1,20,0.75,22.098,M,-24.283,M,,*60
$GNRMC,113459.600,A,2520.064867,N,05128.161390,E,0.005,234.60,200726,,,A,V*3C
$GNGLL,2520.064867,N,05128.161390,E,113459.600,A,A*46
$GNVTG,234.60,T,,M,0.005,N,0.009,K,A*2C
$GNGGA,113459.700,2520.064867,N,05128.161390,E,1,20,0.75,22.098,M,-24.283,M,,*61
$GNRMC,113459.700,A,2520.064867,N,05128.161390,E,0.007,234.60,200726,,,A,V*3F
$GNGLL,2520.064867,N,05128.161390,E,113459.700,A,A*47
$GNVTG,234.60,T,,M,0.007,N,0.013,K,A*25
$GNGGA,113459.800,2520.064867,N,05128.161389,E,1,20,0.75,22.098,M,-24.283,M,,*66
$GNRMC,113459.800,A,2520.064867,N,05128.161389,E,0.006,234.60,200726,,,A,V*39
$GNGLL,2520.064867,N,05128.161389,E,113459.800,A,A*40
$GNVTG,234.60,T,,M,0.006,N,0.012,K,A*25
$GNGGA,113459.900,2520.064867,N,05128.161389,E,1,20,0.75,22.098,M,-24.283,M,,*67
$GNRMC,113459.900,A,2520.064867,N,05128.161389,E,0.009,234.60,200726,,,A,V*37
$GNGLL,2520.064867,N,05128.161389,E,113459.900,A,A*41
$GNVTG,234.60,T,,M,0.009,N,0.017,K,A*2F
$GNGGA,113500.000,2520.064867,N,05128.161389,E,1,20,0.75,22.098,M,-24.283,M,,*63
$GNRMC,113500.000,A,2520.064867,N,05128.161389,E,0.008,234.60,200726,,,A,V*32
$GNGLL,2520.064867,N,05128.161389,E,113500.000,A,A*45
$GNVTG,234.60,T,,M,0.008,N,0.014,K,A*2D
$GNGSA,A,3,02,03,04,09,16,26,28,31,,,,,1.70,0.75,1.53,1*05
$GNGSA,A,3,68,78,79,82,,,,,,,,,1.70,0.75,1.53,2*04
$GNGSA,A,3,19,23,,,,,,,,,,,1.70,0.75,1.53,3*09
$GNGSA,A,3,06,07,10,12,23,32,,,,,,,1.70,0.75,1.53,4*04
$GNGSA,A,3,,,,,,,,,,,,,1.70,0.75,1.53,5*06
$GPGSV,2,1,08,02,39,195,29,03,56,351,27,04,40,295,33,09,13,273,36,1*65
$GPGSV,2,2,08,16,20,135,35,26,31,103,31,28,17,039,24,31,46,043,38,1*62
$GPGSV,1,1,00,8*6D
$GLGSV,1,1,04,68,36,020,39,78,41,074,36,79,35,145,38,82,08,185,29,1*75
$GAGSV,1,1,02,19,38,033,37,23,16,135,38,7*7C
$GAGSV,1,1,00,1*75
$GBGSV,2,1,07,06,11,114,30,07,34,042,38,10,43,049,38,12,31,312,33,1*7F
$GBGSV,2,2,07,20,,,29,23,27,054,34,32,40,056,39,1*76
$GBGSV,1,1,00,5*72
$GQGSV,1,1,00,1*65
$GQGSV,1,1,00,8*6C
$GNGGA,113500.100,2520.064867,N,05128.161389,E,1,20,0.75,22.098,M,-24.283,M,,*62
$GNRMC,113500.100,A,2520.064867,N,05128.161389,E,0.009,234.60,200726,,,A,V*32
$GNGLL,2520.064867,N,05128.161389,E,113500.100,A,A*44
$GNVTG,234.60,T,,M,0.009,N,0.017,K,A*2F
$GNGGA,113500.200,2520.064867,N,05128.161389,E,1,20,0.75,22.098,M,-24.283,M,,*61
$GNRMC,113500.200,A,2520.064867,N,05128.161389,E,0.009,234.60,200726,,,A,V*31
$GNGLL,2520.064867,N,05128.161389,E,113500.200,A,A*47
$GNVTG,234.60,T,,M,0.009,N,0.017,K,A*2F
$GNGGA,113500.300,2520.064867,N,05128.161389,E,1,20,0.75,22.098,M,-24.283,M,,*60
$GNRMC,113500.300,A,2520.064867,N,05128.161389,E,0.008,234.60,200726,,,A,V*31
$GNGLL,2520.064867,N,05128.161389,E,113500.300,A,A*46
$GNVTG,234.60,T,,M,0.008,N,0.015,K,A*2C
$GNGGA,113500.400,2520.064867,N,05128.161388,E,1,20,0.75,22.098,M,-24.283,M,,*66
$GNRMC,113500.400,A,2520.064867,N,05128.161388,E,0.009,234.60,200726,,,A,V*36
$GNGLL,2520.064867,N,05128.161388,E,113500.400,A,A*40
$GNVTG,234.60,T,,M,0.009,N,0.017,K,A*2F
$GNGGA,113500.500,2520.064867,N,05128.161388,E,1,20,0.75,22.098,M,-24.283,M,,*67
$GNRMC,113500.500,A,2520.064867,N,05128.161388,E,0.004,234.60,200726,,,A,V*3A
$GNGLL,2520.064867,N,05128.161388,E,113500.500,A,A*41
$GNVTG,234.60,T,,M,0.004,N,0.008,K,A*2C
$GNGGA,113500.600,2520.064867,N,05128.161388,E,1,20,0.75,22.098,M,-24.283,M,,*64
$GNRMC,113500.600,A,2520.064867,N,05128.161388,E,0.004,234.60,200726,,,A,V*39
$GNGLL,2520.064867,N,05128.161388,E,113500.600,A,A*42
$GNVTG,234.60,T,,M,0.004,N,0.006,K,A*22
$GNGGA,113500.700,2520.064867,N,05128.161388,E,1,20,0.75,22.098,M,-24.283,M,,*65
$GNRMC,113500.700,A,2520.064867,N,05128.161388,E,0.006,234.60,200726,,,A,V*3A
$GNGLL,2520.064867,N,05128.161388,E,113500.700,A,A*43
$GNVTG,234.60,T,,M,0.006,N,0.010,K,A*27
$GNGGA,113500.800,2520.064867,N,05128.161388,E,1,20,0.75,22.098,M,-24.283,M,,*6A
$GNRMC,113500.800,A,2520.064867,N,05128.161388,E,0.008,234.60,200726,,,A,V*3B
$GNGLL,2520.064867,N,05128.161388,E,113500.800,A,A*4C
$GNVTG,234.60,T,,M,0.008,N,0.015,K,A*2C
$GNGGA,113500.900,2520.064867,N,05128.161388,E,1,20,0.75,22.098,M,-24.283,M,,*6B
$GNRMC,113500.900,A,2520.064867,N,05128.161388,E,0.006,234.60,200726,,,A,V*34
$GNGLL,2520.064867,N,05128.161388,E,113500.900,A,A*4D
$GNVTG,234.60,T,,M,0.006,N,0.010,K,A*27
$GNGGA,113501.000,2520.064867,N,05128.161388,E,1,20,0.75,22.098,M,-24.283,M,,*63
$GNRMC,113501.000,A,2520.064867,N,05128.161388,E,0.006,234.60,200726,,,A,V*3C
$GNGLL,2520.064867,N,05128.161388,E,113501.000,A,A*45
$GNVTG,234.60,T,,M,0.006,N,0.011,K,A*26
$GNGSA,A,3,02,03,04,09,16,26,28,31,,,,,1.70,0.75,1.53,1*05
$GNGSA,A,3,68,78,79,82,,,,,,,,,1.70,0.75,1.53,2*04
$GNGSA,A,3,19,23,,,,,,,,,,,1.70,0.75,1.53,3*09
$GNGSA,A,3,06,07,10,12,23,32,,,,,,,1.70,0.75,1.53,4*04
$GNGSA,A,3,,,,,,,,,,,,,1.70,0.75,1.53,5*06
$GPGSV,2,1,08,02,39,195,27,03,56,351,28,04,40,295,34,09,13,273,36,1*63
$GPGSV,2,2,08,16,20,135,34,26,31,103,30,28,17,039,24,31,46,043,39,1*63
$GPGSV,1,1,00,8*6D
$GLGSV,1,1,04,68,36,020,39,78,41,074,37,79,35,145,38,82,08,185,27,1*7A
$GAGSV,1,1,02,19,38,033,37,23,16,135,38,7*7C
$GAGSV,1,1,00,1*75
$GBGSV,2,1,07,06,11,114,30,07,34,042,37,10,43,049,38,12,31,312,32,1*71
$GBGSV,2,2,07,20,,,28,23,27,054,33,32,40,056,37,1*7E
$GBGSV,1,1,00,5*72
$GQGSV,1,1,00,1*65
$GQGSV,1,1,00,8*6C
$GNGGA,113501.100,2520.064867,N,05128.161388,E,1,20,0.75,22.098,M,-24.283,M,,*62
$GNRMC,113501.100,A,2520.064867,N,05128.161388,E,0.007,234.60,200726,,,A,V*3C
$GNGLL,2520.064867,N,05128.161388,E,113501.100,A,A*44
$GNVTG,234.60,T,,M,0.007,N,0.013,K,A*25
$GNGGA,113501.200,2520.064867,N,05128.161388,E,1,20,0.75,22.098,M,-24.283,M,,*61
$GNRMC,113501.200,A,2520.064867,N,05128.161388,E,0.008,234.60,200726,,,A,V*30
$GNGLL,2520.064867,N,05128.161388,E,113501.200,A,A*47
$GNVTG,234.60,T,,M,0.008,N,0.015,K,A*2C
$GNGGA,113501.300,2520.064867,N,05128.161387,E,1,20,0.75,22.098,M,-24.283,M,,*6F
$GNRMC,113501.300,A,2520.064867,N,05128.161387,E,0.007,234.60,200726,,,A,V*31
$GNGLL,2520.064867,N,05128.161387,E,113501.300,A,A*49
$GNVTG,234.60,T,,M,0.007,N,0.013,K,A*25
$GNGGA,113501.400,2520.064867,N,05128.161387,E,1,20,0.75,22.098,M,-24.283,M,,*68
$GNRMC,113501.400,A,2520.064867,N,05128.161387,E,0.006,234.60,200726,,,A,V*37
$GNGLL,2520.064867,N,05128.161387,E,113501.400,A,A*4E
$GNVTG,234.60,T,,M,0.006,N,0.011,K,A*26
$GNGGA,113501.500,2520.064867,N,05128.161387,E,1,20,0.75,22.098,M,-24.283,M,,*69
$GNRMC,113501.500,A,2520.064867,N,05128.161387,E,0.006,234.60,200726,,,A,V*36
$GNGLL,2520.064867,N,05128.161387,E,113501.500,A,A*4F
$GNVTG,234.60,T,,M,0.006,N,0.011,K,A*26
$GNGGA,113501.600,2520.064867,N,05128.161387,E,1,20,0.75,22.098,M,-24.283,M,,*6A
$GNRMC,113501.600,A,2520.064867,N,05128.161387,E,0.005,234.60,200726,,,A,V*36
$GNGLL,2520.064867,N,05128.161387,E,113501.600,A,A*4C
$GNVTG,234.60,T,,M,0.005,N,0.009,K,A*2C
$GNGGA,113501.700,2520.064867,N,05128.161387,E,1,20,0.75,22.098,M,-24.283,M,,*6B
$GNRMC,113501.700,A,2520.064867,N,05128.161387,E,0.006,234.60,200726,,,A,V*34
$GNGLL,2520.064867,N,05128.161387,E,113501.700,A,A*4D
$GNVTG,234.60,T,,M,0.006,N,0.012,K,A*25
$GNGGA,113501.800,2520.064867,N,05128.161387,E,1,20,0.75,22.098,M,-24.283,M,,*64
$GNRMC,113501.800,A,2520.064867,N,05128.161387,E,0.007,234.60,200726,,,A,V*3A
$GNGLL,2520.064867,N,05128.161387,E,113501.800,A,A*42
$GNVTG,234.60,T,,M,0.007,N,0.013,K,A*25
$GNGGA,113501.900,2520.064867,N,05128.161387,E,1,20,0.75,22.098,M,-24.283,M,,*65
$GNRMC,113501.900,A,2520.064867,N,05128.161387,E,0.006,234.60,200726,,,A,V*3A
$GNGLL,2520.064867,N,05128.161387,E,113501.900,A,A*43
$GNVTG,234.60,T,,M,0.006,N,0.012,K,A*25
$GNGGA,113502.000,2520.064867,N,05128.161387,E,1,20,0.75,22.098,M,-24.283,M,,*6F
$GNRMC,113502.000,A,2520.064867,N,05128.161387,E,0.011,234.60,200726,,,A,V*36
$GNGLL,2520.064867,N,05128.161387,E,113502.000,A,A*49
$GNVTG,234.60,T,,M,0.011,N,0.020,K,A*22
$GNGSA,A,3,02,03,04,09,16,26,28,31,,,,,1.70,0.75,1.53,1*05
$GNGSA,A,3,68,78,79,82,,,,,,,,,1.70,0.75,1.53,2*04
$GNGSA,A,3,19,23,,,,,,,,,,,1.70,0.75,1.53,3*09
$GNGSA,A,3,06,07,10,12,23,32,,,,,,,1.70,0.75,1.53,4*04
$GNGSA,A,3,,,,,,,,,,,,,1.70,0.75,1.53,5*06
$GPGSV,2,1,08,02,39,195,28,03,56,351,29,04,40,295,33,09,13,273,36,1*6A
$GPGSV,2,2,08,16,20,135,33,26,31,103,28,28,17,039,25,31,46,043,38,1*6D
$GPGSV,1,1,00,8*6D
$GLGSV,2,1,05,68,36,020,40,78,41,074,37,79,35,145,38,82,08,185,27,1*76
$GLGSV,2,2,05,83,,,24,1*70
$GAGSV,1,1,02,19,38,033,37,23,16,135,37,7*73
$GAGSV,1,1,00,1*75
$GBGSV,2,1,07,06,11,114,27,07,34,042,38,10,43,049,37,12,31,312,34,1*71
$GBGSV,2,2,07,20,,,28,23,27,054,34,32,40,056,38,1*76
$GBGSV,1,1,00,5*72
$GQGSV,1,1,00,1*65
$GQGSV,1,1,00,8*6C
$GNGGA,113502.100,2520.064867,N,05128.161387,E,1,20,0.75,22.097,M,-24.282,M,,*60
$GNRMC,113502.100,A,2520.064867,N,05128.161387,E,0.010,234.60,200726,,,A,V*36
$GNGLL,2520.064867,N,05128.161387,E,113502.100,A,A*48
$GNVTG,234.60,T,,M,0.010,N,0.018,K,A*28
$GNGGA,113502.200,2520.064867,N,05128.161386,E,1,20,0.75,22.097,M,-24.282,M,,*62
$GNRMC,113502.200,A,2520.064867,N,05128.161386,E,0.009,234.60,200726,,,A,V*3C
$GNGLL,2520.064867,N,05128.161386,E,113502.200,A,A*4A
$GNVTG,234.60,T,,M,0.009,N,0.017,K,A*2F
$GNGGA,113502.300,2520.064868,N,05128.161386,E,1,20,0.75,22.097,M,-24.282,M,,*6C
$GNRMC,113502.300,A,2520.064868,N,05128.161386,E,0.008,234.60,200726,,,A,V*33
$GNGLL,2520.064868,N,05128.161386,E,113502.300,A,A*44
$GNVTG,234.60,T,,M,0.008,N,0.015,K,A*2C
$GNGGA,113502.400,2520.064867,N,05128.161386,E,1,20,0.75,22.097,M,-24.282,M,,*64
$GNRMC,113502.400,A,2520.064867,N,05128.161386,E,0.007,234.60,200726,,,A,V*34
$GNGLL,2520.064867,N,05128.161386,E,113502.400,A,A*4C
$GNVTG,234.60,T,,M,0.007,N,0.014,K,A*22
$GNGGA,113502.500,2520.064868,N,05128.161386,E,1,20,0.75,22.097,M,-24.282,M,,*6A
$GNRMC,113502.500,A,2520.064868,N,05128.161386,E,0.005,234.60,200726,,,A,V*38
$GNGLL,2520.064868,N,05128.161386,E,113502.500,A,A*42
$GNVTG,234.60,T,,M,0.005,N,0.010,K,A*24
$GNGGA,113502.600,2520.064867,N,05128.161386,E,1,20,0.75,22.097,M,-24.282,M,,*66
$GNRMC,113502.600,A,2520.064867,N,05128.161386,E,0.006,234.60,200726,,,A,V*37
$GNGLL,2520.064867,N,05128.161386,E,113502.600,A,A*4E
$GNVTG,234.60,T,,M,0.006,N,0.012,K,A*25
$GNGGA,113502.700,2520.064868,N,05128.161386,E,1,20,0.75,22.097,M,-24.282,M,,*68
$GNRMC,113502.700,A,2520.064868,N,05128.161386,E,0.007,234.60,200726,,,A,V*38
$GNGLL,2520.064868,N,05128.161386,E,113502.700,A,A*40
$GNVTG,234.60,T,,M,0.007,N,0.013,K,A*25
$GNGGA,113502.800,2520.064868,N,05128.161386,E,1,20,0.75,22.097,M,-24.282,M,,*67
$GNRMC,113502.800,A,2520.064868,N,05128.161386,E,0.006,234.60,200726,,,A,V*36
$GNGLL,2520.064868,N,05128.161386,E,113502.800,A,A*4F
$GNVTG,234.60,T,,M,0.006,N,0.012,K,A*25
$GNGGA,113502.900,2520.064868,N,05128.161386,E,1,20,0.75,22.097,M,-24.282,M,,*66
$GNRMC,113502.900,A,2520.064868,N,05128.161386,E,0.009,234.60,200726,,,A,V*38
$GNGLL,2520.064868,N,05128.161386,E,113502.900,A,A*4E
$GNVTG,234.60,T,,M,0.009,N,0.016,K,A*2E
$GNGGA,113503.000,2520.064868,N,05128.161385,E,1,20,0.75,22.097,M,-24.282,M,,*6D
$GNRMC,113503.000,A,2520.064868,N,05128.161385,E,0.011,234.60,200726,,,A,V*3A
$GNGLL,2520.064868,N,05128.161385,E,113503.000,A,A*45
$GNVTG,234.60,T,,M,0.011,N,0.020,K,A*22
$GNGSA,A,3,02,03,04,09,16,26,28,31,,,,,1.70,0.75,1.53,1*05
$GNGSA,A,3,68,78,79,82,,,,,,,,,1.70,0.75,1.53,2*04
$GNGSA,A,3,19,23,,,,,,,,,,,1.70,0.75,1.53,3*09
$GNGSA,A,3,06,07,10,12,23,32,,,,,,,1.70,0.75,1.53,4*04
$GNGSA,A,3,,,,,,,,,,,,,1.70,0.75,1.53,5*06
$GPGSV,2,1,08,02,39,195,29,03,56,351,28,04,40,295,33,09,13,273,36,1*6A
$GPGSV,2,2,08,16,20,135,34,26,31,103,33,28,17,039,29,31,46,043,39,1*6D
$GPGSV,1,1,00,8*6D
$GLGSV,2,1,05,68,36,020,39,78,41,074,38,79,35,145,37,82,08,185,27,1*78
$GLGSV,2,2,05,83,,,23,1*77
$GAGSV,1,1,02,19,38,033,36,23,16,135,37,7*72
$GAGSV,1,1,00,1*75
$GBGSV,2,1,07,06,11,114,30,07,34,042,38,10,43,049,38,12,31,312,32,1*7E
$GBGSV,2,2,07,20,,,25,23,27,054,30,32,40,056,38,1*7F
$GBGSV,1,1,00,5*72
$GQGSV,1,1,00,1*65
$GQGSV,1,1,00,8*6C
$GNGGA,113503.100,2520.064868,N,05128.161385,E,1,20,0.75,22.098,M,-24.283,M,,*62
$GNRMC,113503.100,A,2520.064868,N,05128.161385,E,0.008,234.60,200726,,,A,V*33
$GNGLL,2520.064868,N,05128.161385,E,113503.100,A,A*44
$GNVTG,234.60,T,,M,0.008,N,0.014,K,A*2D
$GNGGA,113503.200,2520.064868,N,05128.161385,E,1,20,0.75,22.098,M,-24.283,M,,*61
$GNRMC,113503.200,A,2520.064868,N,05128.161385,E,0.007,234.60,200726,,,A,V*3F
$GNGLL,2520.064868,N,05128.161385,E,113503.200,A,A*47
$GNVTG,234.60,T,,M,0.007,N,0.013,K,A*25
$GNGGA,113503.300,2520.064868,N,05128.161385,E,1,20,0.75,22.098,M,-24.283,M,,*60
$GNRMC,113503.300,A,2520.064868,N,05128.161385,E,0.004,234.60,200726,,,A,V*3D
$GNGLL,2520.064868,N,05128.161385,E,113503.300,A,A*46
$GNVTG,234.60,T,,M,0.004,N,0.007,K,A*23
$GNGGA,113503.400,2520.064868,N,05128.161385,E,1,20,0.75,22.099,M,-24.283,M,,*66
$GNRMC,113503.400,A,2520.064868,N,05128.161385,E,0.004,234.60,200726,,,A,V*3A
$GNGLL,2520.064868,N,05128.161385,E,113503.400,A,A*41
$GNVTG,234.60,T,,M,0.004,N,0.008,K,A*2C
$GNGGA,113503.500,2520.064868,N,05128.161385,E,1,20,0.75,22.099,M,-24.283,M,,*67
$GNRMC,113503.500,A,2520.064868,N,05128.161385,E,0.007,234.60,200726,,,A,V*38
$GNGLL,2520.064868,N,05128.161385,E,113503.500,A,A*40
$GNVTG,234.60,T,,M,0.007,N,0.014,K,A*22
$GNGGA,113503.600,2520.064868,N,05128.161385,E,1,20,0.75,22.099,M,-24.283,M,,*64
$GNRMC,113503.600,A,2520.064868,N,05128.161385,E,0.008,234.60,200726,,,A,V*34
$GNGLL,2520.064868,N,05128.161385,E,113503.600,A,A*43
$GNVTG,234.60,T,,M,0.008,N,0.014,K,A*2D
$GNGGA,113503.700,2520.064868,N,05128.161385,E,1,20,0.75,22.099,M,-24.283,M,,*65
$GNRMC,113503.700,A,2520.064868,N,05128.161385,E,0.008,234.60,200726,,,A,V*35
$GNGLL,2520.064868,N,05128.161385,E,113503.700,A,A*42
$GNVTG,234.60,T,,M,0.008,N,0.015,K,A*2C
$GNGGA,113503.800,2520.064868,N,05128.161385,E,1,20,0.75,22.099,M,-24.283,M,,*6A
$GNRMC,113503.800,A,2520.064868,N,05128.161385,E,0.010,234.60,200726,,,A,V*33
$GNGLL,2520.064868,N,05128.161385,E,113503.800,A,A*4D
$GNVTG,234.60,T,,M,0.010,N,0.019,K,A*29
$GNGGA,113503.900,2520.064868,N,05128.161385,E,1,20,0.75,22.099,M,-24.283,M,,*6B
$GNRMC,113503.900,A,2520.064868,N,05128.161385,E,0.009,234.60,200726,,,A,V*3A
$GNGLL,2520.064868,N,05128.161385,E,113503.900,A,A*4C
$GNVTG,234.60,T,,M,0.009,N,0.016,K,A*2E
$GNGGA,113504.000,2520.064868,N,05128.161384,E,1,20,0.75,22.099,M,-24.283,M,,*64
$GNRMC,113504.000,A,2520.064868,N,05128.161384,E,0.007,234.60,200726,,,A,V*3B
$GNGLL,2520.064868,N,05128.161384,E,113504.000,A,A*43
$GNVTG,234.60,T,,M,0.007,N,0.013,K,A*25
$GNGSA,A,3,02,03,04,09,16,26,28,31,,,,,1.70,0.75,1.53,1*05
$GNGSA,A,3,68,78,79,82,,,,,,,,,1.70,0.75,1.53,2*04
$GNGSA,A,3,19,23,,,,,,,,,,,1.70,0.75,1.53,3*09
$GNGSA,A,3,06,07,10,12,23,32,,,,,,,1.70,0.75,1.53,4*04
$GNGSA,A,3,,,,,,,,,,,,,1.70,0.75,1.53,5*06
$GPGSV,2,1,08,02,39,195,29,03,56,351,28,04,40,295,34,09,13,273,36,1*6D
$GPGSV,2,2,08,16,20,135,33,26,31,103,32,28,17,039,29,31,46,043,39,1*6B
$GPGSV,1,1,00,8*6D
$GLGSV,2,1,05,68,36,020,40,78,41,074,38,79,35,145,36,82,08,185,27,1*77
$GLGSV,2,2,05,83,,,23,1*77
$GAGSV,1,1,02,19,38,033,36,23,16,135,36,7*73
$GAGSV,1,1,00,1*75
$GBGSV,2,1,07,06,11,114,31,07,34,042,37,10,43,049,38,12,31,312,31,1*73
$GBGSV,2,2,07,20,,,26,23,27,054,30,32,40,056,38,1*7C
$GBGSV,1,1,00,5*72
$GQGSV,1,1,00,1*65
$GQGSV,1,1,00,8*6C
$GNGGA,113504.100,2520.064868,N,05128.161384,E,1,20,0.75,22.099,M,-24.283,M,,*65
$GNRMC,113504.100,A,2520.064868,N,05128.161384,E,0.012,234.60,200726,,,A,V*3E
$GNGLL,2520.064868,N,05128.161384,E,113504.100,A,A*42
$GNVTG,234.60,T,,M,0.012,N,0.022,K,A*23
$GNGGA,113504.200,2520.064868,N,05128.161384,E,1,20,0.75,22.099,M,-24.283,M,,*66
$GNRMC,113504.200,A,2520.064868,N,05128.161384,E,0.013,234.60,200726,,,A,V*3C
$GNGLL,2520.064868,N,05128.161384,E,113504.200,A,A*41
$GNVTG,234.60,T,,M,0.013,N,0.025,K,A*25
$GNGGA,113504.300,2520.064868,N,05128.161384,E,1,20,0.75,22.099,M,-24.283,M,,*67
$GNRMC,113504.300,A,2520.064868,N,05128.161384,E,0.011,234.60,200726,,,A,V*3F
$GNGLL,2520.064868,N,05128.161384,E,113504.300,A,A*40
$GNVTG,234.60,T,,M,0.011,N,0.020,K,A*22
$GNGGA,113504.400,2520.064868,N,05128.161383,E,1,20,0.75,22.099,M,-24.283,M,,*67
$GNRMC,113504.400,A,2520.064868,N,05128.161383,E,0.010,234.60,200726,,,A,V*3E
$GNGLL,2520.064868,N,05128.161383,E,113504.400,A,A*40
$GNVTG,234.60,T,,M,0.010,N,0.019,K,A*29
$GNGGA,113504.500,2520.064868,N,05128.161383,E,1,20,0.75,22.099,M,-24.283,M,,*66
$GNRMC,113504.500,A,2520.064868,N,05128.161383,E,0.009,234.60,200726,,,A,V*37
$GNGLL,2520.064868,N,05128.161383,E,113504.500,A,A*41
$GNVTG,234.60,T,,M,0.009,N,0.016,K,A*2E
$GNGGA,113504.600,2520.064868,N,05128.161383,E,1,20,0.75,22.099,M,-24.283,M,,*65
$GNRMC,113504.600,A,2520.064868,N,05128.161383,E,0.009,234.60,200726,,,A,V*34
$GNGLL,2520.064868,N,05128.161383,E,113504.600,A,A*42
$GNVTG,234.60,T,,M,0.009,N,0.016,K,A*2E
$GNGGA,113504.700,2520.064868,N,05128.161383,E,1,20,0.75,22.099,M,-24.283,M,,*64
$GNRMC,113504.700,A,2520.064868,N,05128.161383,E,0.009,234.60,200726,,,A,V*35
$GNGLL,2520.064868,N,05128.161383,E,113504.700,A,A*43
$GNVTG,234.60,T,,M,0.009,N,0.017,K,A*2F
$GNGGA,113504.800,2520.064868,N,05128.161383,E,1,20,0.75,22.099,M,-24.283,M,,*6B
$GNRMC,113504.800,A,2520.064868,N,05128.161383,E,0.010,234.60,200726,,,A,V*32
$GNGLL,2520.064868,N,05128.161383,E,113504.800,A,A*4C
$GNVTG,234.60,T,,M,0.010,N,0.019,K,A*29
$GNGGA,113504.900,2520.064868,N,05128.161383,E,1,20,0.75,22.099,M,-24.283,M,,*6A
$GNRMC,113504.900,A,2520.064868,N,05128.161383,E,0.005,234.60,200726,,,A,V*37
$GNGLL,2520.064868,N,05128.161383,E,113504.900,A,A*4D
$GNVTG,234.60,T,,M,0.005,N,0.010,K,A*24
$GNGGA,113505.000,2520.064868,N,05128.161383,E,1,20,0.75,22.099,M,-24.283,M,,*62
$GNRMC,113505.000,A,2520.064868,N,05128.161383,E,0.004,234.60,200726,,,A,V*3E
$GNGLL,2520.064868,N,05128.161383,E,113505.000,A,A*45
$GNVTG,234.60,T,,M,0.004,N,0.007,K,A*23
$GNGSA,A,3,02,03,04,09,16,26,28,31,,,,,1.70,0.75,1.53,1*05
$GNGSA,A,3,68,78,79,82,,,,,,,,,1.70,0.75,1.53,2*04
$GNGSA,A,3,19,23,,,,,,,,,,,1.70,0.75,1.53,3*09
$GNGSA,A,3,06,07,10,12,23,32,,,,,,,1.70,0.75,1.53,4*04
$GNGSA,A,3,,,,,,,,,,,,,1.70,0.75,1.53,5*06
$GPGSV,2,1,08,02,39,195,29,03,56,351,28,04,40,295,34,09,13,273,35,1*6E
$GPGSV,2,2,08,16,20,135,33,26,31,103,32,28,17,039,29,31,46,043,40,1*65
$GPGSV,1,1,00,8*6D
$GLGSV,2,1,05,68,36,020,39,78,41,074,38,79,35,145,37,82,08,185,27,1*78
$GLGSV,2,2,05,83,,,23,1*77
$GAGSV,1,1,02,19,38,033,37,23,16,135,37,7*73
$GAGSV,1,1,00,1*75
$GBGSV,2,1,07,06,11,114,31,07,34,042,37,10,43,049,38,12,31,312,32,1*70
$GBGSV,2,2,07,20,,,26,23,27,054,29,32,40,056,38,1*74
$GBGSV,1,1,00,5*72
$GQGSV,1,1,00,1*65
$GQGSV,1,1,00,8*6C
$GNGGA,113505.100,2520.064868,N,05128.161382,E,1,20,0.75,22.099,M,-24.283,M,,*62
$GNRMC,113505.100,A,2520.064868,N,05128.161382,E,0.008,234.60,200726,,,A,V*32
$GNGLL,2520.064868,N,05128.161382,E,113505.100,A,A*45
$GNVTG,234.60,T,,M,0.008,N,0.016,K,A*2F
$GNGGA,113505.200,2520.064868,N,05128.161382,E,1,20,0.75,22.099,M,-24.283,M,,*61
$GNRMC,113505.200,A,2520.064868,N,05128.161382,E,0.008,234.60,200726,,,A,V*31
$GNGLL,2520.064868,N,05128.161382,E,113505.200,A,A*46
$GNVTG,234.60,T,,M,0.008,N,0.014,K,A*2D
$GNGGA,113505.300,2520.064868,N,05128.161382,E,1,20,0.75,22.099,M,-24.283,M,,*60
$GNRMC,113505.300,A,2520.064868,N,05128.161382,E,0.006,234.60,200726,,,A,V*3E
$GNGLL,2520.064868,N,05128.161382,E,113505.300,A,A*47
$GNVTG,234.60,T,,M,0.006,N,0.011,K,A*26
$GNGGA,113505.400,2520.064868,N,05128.161382,E,1,20,0.75,22.099,M,-24.283,M,,*67
$GNRMC,113505.400,A,2520.064868,N,05128.161382,E,0.009,234.60,200726,,,A,V*36
$GNGLL,2520.064868,N,05128.161382,E,113505.400,A,A*40
$GNVTG,234.60,T,,M,0.009,N,0.017,K,A*2F
$GNGGA,113505.500,2520.064868,N,05128.161382,E,1,20,0.75,22.099,M,-24.283,M,,*66
$GNRMC,113505.500,A,2520.064868,N,05128.161382,E,0.011,234.60,200726,,,A,V*3E
$GNGLL,2520.064868,N,05128.161382,E,113505.500,A,A*41
$GNVTG,234.60,T,,M,0.011,N,0.020,K,A*22
$GNGGA,113505.600,2520.064868,N,05128.161382,E,1,20,0.75,22.099,M,-24.283,M,,*65
$GNRMC,113505.600,A,2520.064868,N,05128.161382,E,0.009,234.60,200726,,,A,V*34
$GNGLL,2520.064868,N,05128.161382,E,113505.600,A,A*42
$GNVTG,234.60,T,,M,0.009,N,0.016,K,A*2E
$GNGGA,113505.700,2520.064869,N,05128.161381,E,1,20,0.75,22.099,M,-24.283,M,,*66
$GNRMC,113505.700,A,2520.064869,N,05128.161381,E,0.011,234.60,200726,,,A,V*3E
$GNGLL,2520.064869,N,05128.161381,E,113505.700,A,A*41
$GNVTG,234.60,T,,M,0.011,N,0.019,K,A*28
$GNGGA,113505.800,2520.064868,N,05128.161381,E,1,20,0.75,22.099,M,-24.283,M,,*68
$GNRMC,113505.800,A,2520.064868,N,05128.161381,E,0.008,234.60,200726,,,A,V*38
$GNGLL,2520.064868,N,05128.161381,E,113505.800,A,A*4F
$GNVTG,234.60,T,,M,0.008,N,0.015,K,A*2C
$GNGGA,113505.900,2520.064869,N,05128.161381,E,1,20,0.75,22.099,M,-24.283,M,,*68
$GNRMC,113505.900,A,2520.064869,N,05128.161381,E,0.009,234.60,200726,,,A,V*39
$GNGLL,2520.064869,N,05128.161381,E,113505.900,A,A*4F
$GNVTG,234.60,T,,M,0.009,N,0.017,K,A*2F
$GNGGA,113506.000,2520.064869,N,05128.161381,E,1,20,0.75,22.099,M,-24.283,M,,*62
$GNRMC,113506.000,A,2520.064869,N,05128.161381,E,0.009,234.60,200726,,,A,V*33
$GNGLL,2520.064869,N,05128.161381,E,113506.000,A,A*45
$GNVTG,234.60,T,,M,0.009,N,0.017,K,A*2F
$GNGSA,A,3,02,03,04,09,16,26,28,31,,,,,1.70,0.75,1.53,1*05
$GNGSA,A,3,68,78,79,82,,,,,,,,,1.70,0.75,1.53,2*04
$GNGSA,A,3,19,23,,,,,,,,,,,1.70,0.75,1.53,3*09
$GNGSA,A,3,06,07,10,12,23,32,,,,,,,1.70,0.75,1.53,4*04
$GNGSA,A,3,,,,,,,,,,,,,1.70,0.75,1.53,5*06
$GPGSV,2,1,08,02,39,195,29,03,56,351,28,04,40,295,35,09,13,273,36,1*6C
$GPGSV,2,2,08,16,20,135,33,26,31,103,33,28,17,039,29,31,46,043,40,1*64
$GPGSV,1,1,00,8*6D
$GLGSV,2,1,05,68,36,020,39,78,41,074,38,79,35,145,36,82,08,185,28,1*76
$GLGSV,2,2,05,83,,,24,1*70
$GAGSV,1,1,02,19,38,033,37,23,16,135,38,7*7C
$GAGSV,1,1,00,1*75
$GBGSV,2,1,07,06,11,114,30,07,34,042,37,10,43,049,39,12,31,312,32,1*70
$GBGSV,2,2,07,20,,,26,23,27,054,30,32,40,056,38,1*7C
$GBGSV,1,1,00,5*72
$GQGSV,1,1,00,1*65
$GQGSV,1,1,00,8*6C
$GNGGA,113506.100,2520.064869,N,05128.161381,E,1,20,0.75,22.099,M,-24.283,M,,*63
$GNRMC,113506.100,A,2520.064869,N,05128.161381,E,0.010,234.60,200726,,,A,V*3A
$GNGLL,2520.064869,N,05128.161381,E,113506.100,A,A*44
$GNVTG,234.60,T,,M,0.010,N,0.018,K,A*28
$GNGGA,113506.200,2520.064869,N,05128.161381,E,1,20,0.75,22.099,M,-24.283,M,,*60
$GNRMC,113506.200,A,2520.064869,N,05128.161381,E,0.008,234.60,200726,,,A,V*30
$GNGLL,2520.064869,N,05128.161381,E,113506.200,A,A*47
$GNVTG,234.60,T,,M,0.008,N,0.014,K,A*2D
$GNGGA,113506.300,2520.064869,N,05128.161381,E,1,20,0.75,22.099,M,-24.283,M,,*61
$GNRMC,113506.300,A,2520.064869,N,05128.161381,E,0.007,234.60,200726,,,A,V*3E
$GNGLL,2520.064869,N,05128.161381,E,113506.300,A,A*46
$GNVTG,234.60,T,,M,0.007,N,0.014,K,A*22
$GNGGA,113506.400,2520.064869,N,05128.161380,E,1,20,0.75,22.099,M,-24.283,M,,*67
$GNRMC,113506.400,A,2520.064869,N,05128.161380,E,0.008,234.60,200726,,,A,V*37
$GNGLL,2520.064869,N,05128.161380,E,113506.400,A,A*40
$GNVTG,234.60,T,,M,0.008,N,0.015,K,A*2C
$GNGGA,113506.500,2520.064869,N,05128.161380,E,1,20,0.75,22.099,M,-24.283,M,,*66
$GNRMC,113506.500,A,2520.064869,N,05128.161380,E,0.008,234.60,200726,,,A,V*36
$GNGLL,2520.064869,N,05128.161380,E,113506.500,A,A*41
$GNVTG,234.60,T,,M,0.008,N,0.015,K,A*2C
$GNGGA,113506.600,2520.064869,N,05128.161380,E,1,20,0.75,22.099,M,-24.283,M,,*65
$GNRMC,113506.600,A,2520.064869,N,05128.161380,E,0.010,234.60,200726,,,A,V*3C
$GNGLL,2520.064869,N,05128.161380,E,113506.600,A,A*42
$GNVTG,234.60,T,,M,0.010,N,0.018,K,A*28
$GNGGA,113506.700,2520.064869,N,05128.161380,E,1,20,0.75,22.099,M,-24.283,M,,*64
$GNRMC,113506.700,A,2520.064869,N,05128.161380,E,0.010,234.60,200726,,,A,V*3D
$GNGLL,2520.064869,N,05128.161380,E,113506.700,A,A*43
$GNVTG,234.60,T,,M,0.010,N,0.018,K,A*28
$GNGGA,113506.800,2520.064869,N,05128.161380,E,1,20,0.75,22.099,M,-24.283,M,,*6B
$GNRMC,113506.800,A,2520.064869,N,05128.161380,E,0.009,234.60,200726,,,A,V*3A
$GNGLL,2520.064869,N,05128.161380,E,113506.800,A,A*4C
$GNVTG,234.60,T,,M,0.009,N,0.017,K,A*2F
$GNGGA,113506.900,2520.064869,N,05128.161380,E,1,20,0.75,22.099,M,-24.283,M,,*6A
$GNRMC,113506.900,A,2520.064869,N,05128.161380,E,0.006,234.60,200726,,,A,V*34
$GNGLL,2520.064869,N,05128.161380,E,113506.900,A,A*4D
$GNVTG,234.60,T,,M,0.006,N,0.011,K,A*26
$GNGGA,113507.000,2520.064869,N,05128.161380,E,1,20,0.75,22.099,M,-24.283,M,,*62
$GNRMC,113507.000,A,2520.064869,N,05128.161380,E,0.007,234.60,200726,,,A,V*3D
$GNGLL,2520.064869,N,05128.161380,E,113507.000,A,A*45
$GNVTG,234.60,T,,M,0.007,N,0.013,K,A*25
$GNGSA,A,3,02,03,04,09,16,26,28,31,,,,,1.70,0.75,1.53,1*05
$GNGSA,A,3,68,78,79,82,,,,,,,,,1.70,0.75,1.53,2*04
$GNGSA,A,3,19,23,,,,,,,,,,,1.70,0.75,1.53,3*09
$GNGSA,A,3,06,07,10,12,23,32,,,,,,,1.70,0.75,1.53,4*04
$GNGSA,A,3,,,,,,,,,,,,,1.70,0.75,1.53,5*06
$GPGSV,2,1,08,02,39,195,29,03,57,351,28,04,40,295,35,09,13,273,36,1*6D
$GPGSV,2,2,08,16,20,135,33,26,31,103,32,28,17,039,29,31,46,043,40,1*65
$GPGSV,1,1,00,8*6D
$GLGSV,2,1,05,68,36,020,40,78,41,074,38,79,35,145,37,82,08,185,27,1*76
$GLGSV,2,2,05,83,,,23,1*77
$GAGSV,1,1,02,19,38,033,36,23,16,135,37,7*72
$GAGSV,1,1,00,1*75
$GBGSV,2,1,07,06,11,114,30,07,34,042,37,10,43,049,39,12,31,312,32,1*70
$GBGSV,2,2,07,20,,,25,23,27,054,30,32,40,056,38,1*7F
$GBGSV,1,1,00,5*72
$GQGSV,1,1,00,1*65
$GQGSV,1,1,00,8*6C
$GNGGA,113507.100,2520.064869,N,05128.161379,E,1,20,0.75,22.099,M,-24.283,M,,*65
$GNRMC,113507.100,A,2520.064869,N,05128.161379,E,0.009,234.60,200726,,,A,V*34
$GNGLL,2520.064869,N,05128.161379,E,113507.100,A,A*42
$GNVTG,234.60,T,,M,0.009,N,0.017,K,A*2F
$GNGGA,113507.200,2520.064869,N,05128.161379,E,1,20,0.75,22.099,M,-24.283,M,,*66
$GNRMC,113507.200,A,2520.064869,N,05128.161379,E,0.009,234.60,200726,,,A,V*37
$GNGLL,2520.064869,N,05128.161379,E,113507.200,A,A*41
$GNVTG,234.60,T,,M,0.009,N,0.016,K,A*2E
$GNGGA,113507.300,2520.064869,N,05128.161379,E,1,20,0.75,22.099,M,-24.283,M,,*67
$GNRMC,113507.300,A,2520.064869,N,05128.161379,E,0.010,234.60,200726,,,A,V*3E
$GNGLL,2520.064869,N,05128.161379,E,113507.300,A,A*40
$GNVTG,234.60,T,,M,0.010,N,0.018,K,A*28
$GNGGA,113507.400,2520.064869,N,05128.161379,E,1,20,0.75,22.099,M,-24.283,M,,*60
$GNRMC,113507.400,A,2520.064869,N,05128.161379,E,0.011,234.60,200726,,,A,V*38
$GNGLL,2520.064869,N,05128.161379,E,113507.400,A,A*47
$GNVTG,234.60,T,,M,0.011,N,0.020,K,A*22
$GNGGA,113507.500,2520.064869,N,05128.161379,E,1,20,0.75,22.099,M,-24.283,M,,*61
$GNRMC,113507.500,A,2520.064869,N,05128.161379,E,0.010,234.60,200726,,,A,V*38
$GNGLL,2520.064869,N,05128.161379,E,113507.500,A,A*46
$GNVTG,234.60,T,,M,0.010,N,0.018,K,A*28
$GNGGA,113507.600,2520.064869,N,05128.161378,E,1,20,0.75,22.099,M,-24.283,M,,*63
$GNRMC,113507.600,A,2520.064869,N,05128.161378,E,0.008,234.60,200726,,,A,V*33
$GNGLL,2520.064869,N,05128.161378,E,113507.600,A,A*44
$GNVTG,234.60,T,,M,0.008,N,0.015,K,A*2C
$GNGGA,113507.700,2520.064869,N,05128.161378,E,1,20,0.75,22.099,M,-24.283,M,,*62
$GNRMC,113507.700,A,2520.064869,N,05128.161378,E,0.011,234.60,200726,,,A,V*3A
$GNGLL,2520.064869,N,05128.161378,E,113507.700,A,A*45
$GNVTG,234.60,T,,M,0.011,N,0.020,K,A*22
$GNGGA,113507.800,2520.064869,N,05128.161378,E,1,20,0.75,22.099,M,-24.283,M,,*6D
$GNRMC,113507.800,A,2520.064869,N,05128.161378,E,0.009,234.60,200726,,,A,V*3C
$GNGLL,2520.064869,N,05128.161378,E,113507.800,A,A*4A
$GNVTG,234.60,T,,M,0.009,N,0.017,K,A*2F
$GNGGA,113507.900,2520.064869,N,05128.161378,E,1,20,0.75,22.099,M,-24.283,M,,*6C
$GNRMC,113507.900,A,2520.064869,N,05128.161378,E,0.010,234.60,200726,,,A,V*35
$GNGLL,2520.064869,N,05128.161378,E,113507.900,A,A*4B
$GNVTG,234.60,T,,M,0.010,N,0.019,K,A*29
$GNGGA,113508.000,2520.064869,N,05128.161377,E,1,20,0.75,22.099,M,-24.283,M,,*65
$GNRMC,113508.000,A,2520.064869,N,05128.161377,E,0.014,234.60,200726,,,A,V*38
$GNGLL,2520.064869,N,05128.161377,E,113508.000,A,A*42
$GNVTG,234.60,T,,M,0.014,N,0.026,K,A*21
$GNGSA,A,3,02,03,04,09,16,26,28,31,,,,,1.70,0.75,1.53,1*05
$GNGSA,A,3,68,78,79,82,,,,,,,,,1.70,0.75,1.53,2*04
$GNGSA,A,3,19,23,,,,,,,,,,,1.70,0.75,1.53,3*09
$GNGSA,A,3,06,07,10,12,23,32,,,,,,,1.70,0.75,1.53,4*04
$GNGSA,A,3,,,,,,,,,,,,,1.70,0.75,1.53,5*06
$GPGSV,2,1,08,02,39,195,30,03,57,351,29,04,40,295,35,09,13,273,36,1*64
$GPGSV,2,2,08,16,20,135,33,26,31,103,32,28,17,039,29,31,46,043,40,1*65
$GPGSV,1,1,00,8*6D
$GLGSV,2,1,05,68,36,020,40,78,41,074,37,79,35,145,36,82,08,185,28,1*77
$GLGSV,2,2,05,83,,,22,1*76
$GAGSV,1,1,02,19,38,033,36,23,16,135,36,7*73
$GAGSV,1,1,00,1*75
$GBGSV,2,1,07,06,11,114,31,07,34,042,38,10,43,049,38,12,31,312,32,1*7F
$GBGSV,2,2,07,20,,,26,23,27,054,30,32,40,056,39,1*7D
$GBGSV,1,1,00,5*72
$GQGSV,1,1,00,1*65
$GQGSV,1,1,00,8*6C
$GNGGA,113508.100,2520.064869,N,05128.161377,E,1,20,0.75,22.099,M,-24.283,M,,*64
$GNRMC,113508.100,A,2520.064869,N,05128.161377,E,0.011,234.60,200726,,,A,V*3C
$GNGLL,2520.064869,N,05128.161377,E,113508.100,A,A*43
$GNVTG,234.60,T,,M,0.011,N,0.020,K,A*22
$GNGGA,113508.200,2520.064869,N,05128.161377,E,1,20,0.75,22.099,M,-24.283,M,,*67
$GNRMC,113508.200,A,2520.064869,N,05128.161377,E,0.009,234.60,200726,,,A,V*36
$GNGLL,2520.064869,N,05128.161377,E,113508.200,A,A*40
$GNVTG,234.60,T,,M,0.009,N,0.017,K,A*2F
$GNGGA,113508.300,2520.064869,N,05128.161377,E,1,20,0.75,22.099,M,-24.283,M,,*66
$GNRMC,113508.300,A,2520.064869,N,05128.161377,E,0.010,234.60,200726,,,A,V*3F
$GNGLL,2520.064869,N,05128.161377,E,113508.300,A,A*41
$GNVTG,234.60,T,,M,0.010,N,0.018,K,A*28
$GNGGA,113508.400,2520.064869,N,05128.161377,E,1,20,0.75,22.099,M,-24.283,M,,*61
$GNRMC,113508.400,A,2520.064869,N,05128.161377,E,0.007,234.60,200726,,,A,V*3E
$GNGLL,2520.064869,N,05128.161377,E,113508.400,A,A*46
$GNVTG,234.60,T,,M,0.007,N,0.013,K,A*25
$GNGGA,113508.500,2520.064869,N,05128.161377,E,1,20,0.75,22.099,M,-24.283,M,,*60
$GNRMC,113508.500,A,2520.064869,N,05128.161377,E,0.006,234.60,200726,,,A,V*3E
$GNGLL,2520.064869,N,05128.161377,E,113508.500,A,A*47
$GNVTG,234.60,T,,M,0.006,N,0.011,K,A*26
$GNGGA,113508.600,2520.064869,N,05128.161376,E,1,20,0.75,22.099,M,-24.283,M,,*62
$GNRMC,113508.600,A,2520.064869,N,05128.161376,E,0.007,234.60,200726,,,A,V*3D
$GNGLL,2520.064869,N,05128.161376,E,113508.600,A,A*45
$GNVTG,234.60,T,,M,0.007,N,0.014,K,A*22
$GNGGA,113508.700,2520.064869,N,05128.161376,E,1,20,0.75,22.099,M,-24.283,M,,*63
$GNRMC,113508.700,A,2520.064869,N,05128.161376,E,0.007,234.60,200726,,,A,V*3C
$GNGLL,2520.064869,N,05128.161376,E,113508.700,A,A*44
$GNVTG,234.60,T,,M,0.007,N,0.013,K,A*25
$GNGGA,113508.800,2520.064869,N,05128.161376,E,1,20,0.75,22.099,M,-24.283,M,,*6C
$GNRMC,113508.800,A,2520.064869,N,05128.161376,E,0.007,234.60,200726,,,A,V*33
$GNGLL,2520.064869,N,05128.161376,E,113508.800,A,A*4B
$GNVTG,234.60,T,,M,0.007,N,0.014,K,A*22
$GNGGA,113508.900,2520.064869,N,05128.161376,E,1,20,0.75,22.099,M,-24.283,M,,*6D
$GNRMC,113508.900,A,2520.064869,N,05128.161376,E,0.008,234.60,200726,,,A,V*3D
$GNGLL,2520.064869,N,05128.161376,E,113508.900,A,A*4A
$GNVTG,234.60,T,,M,0.008,N,0.015,K,A*2C
$GNGGA,113509.000,2520.064869,N,05128.161376,E,1,20,0.75,22.099,M,-24.283,M,,*65
$GNRMC,113509.000,A,2520.064869,N,05128.161376,E,0.010,234.60,200726,,,A,V*3C
$GNGLL,2520.064869,N,05128.161376,E,113509.000,A,A*42
$GNVTG,234.60,T,,M,0.010,N,0.018,K,A*28
$GNGSA,A,3,02,03,04,09,16,26,28,31,,,,,1.70,0.75,1.53,1*05
$GNGSA,A,3,68,78,79,82,,,,,,,,,1.70,0.75,1.53,2*04
$GNGSA,A,3,19,23,,,,,,,,,,,1.70,0.75,1.53,3*09
$GNGSA,A,3,06,07,10,12,23,32,,,,,,,1.70,0.75,1.53,4*04
$GNGSA,A,3,,,,,,,,,,,,,1.70,0.75,1.53,5*06
$GPGSV,2,1,08,02,39,195,30,03,57,351,29,04,40,295,34,09,13,273,36,1*65
$GPGSV,2,2,08,16,20,135,34,26,31,103,32,28,17,039,29,31,46,043,39,1*6C
$GPGSV,1,1,00,8*6D
$GLGSV,2,1,05,68,36,020,39,78,41,074,38,79,35,145,36,82,08,185,29,1*77
$GLGSV,2,2,05,83,,,22,1*76
$GAGSV,1,1,02,19,38,033,37,23,16,135,36,7*72
$GAGSV,1,1,00,1*75
$GBGSV,2,1,07,06,11,114,31,07,34,042,37,10,43,049,38,12,31,312,32,1*70
$GBGSV,2,2,07,20,,,27,23,27,054,30,32,40,056,39,1*7C
$GBGSV,1,1,00,5*72
$GQGSV,1,1,00,1*65
$GQGSV,1,1,00,8*6C
$GNGGA,113509.100,2520.064869,N,05128.161376,E,1,20,0.75,22.099,M,-24.283,M,,*64
$GNRMC,113509.100,A,2520.064869,N,05128.161376,E,0.007,234.60,200726,,,A,V*3B
$GNGLL,2520.064869,N,05128.161376,E,113509.100,A,A*43
$GNVTG,234.60,T,,M,0.007,N,0.013,K,A*25
$GNGGA,113509.200,2520.064869,N,05128.161376,E,1,20,0.75,22.099,M,-24.283,M,,*67
$GNRMC,113509.200,A,2520.064869,N,05128.161376,E,0.007,234.60,200726,,,A,V*38
$GNGLL,2520.064869,N,05128.161376,E,113509.200,A,A*40
$GNVTG,234.60,T,,M,0.007,N,0.012,K,A*24
$GNGGA,113509.300,2520.064869,N,05128.161376,E,1,20,0.75,22.099,M,-24.283,M,,*66
$GNRMC,113509.300,A,2520.064869,N,05128.161376,E,0.007,234.60,200726,,,A,V*39
$GNGLL,2520.064869,N,05128.161376,E,113509.300,A,A*41
$GNVTG,234.60,T,,M,0.007,N,0.012,K,A*24
$GNGGA,113509.400,2520.064869,N,05128.161375,E,1,20,0.75,22.099,M,-24.283,M,,*62
$GNRMC,113509.400,A,2520.064869,N,05128.161375,E,0.006,234.60,200726,,,A,V*3C
$GNGLL,2520.064869,N,05128.161375,E,113509.400,A,A*45
$GNVTG,234.60,T,,M,0.006,N,0.011,K,A*26
$GNGGA,113509.500,2520.064869,N,05128.161375,E,1,20,0.75,22.099,M,-24.283,M,,*63
$GNRMC,113509.500,A,2520.064869,N,05128.161375,E,0.007,234.60,200726,,,A,V*3C
$GNGLL,2520.064869,N,05128.161375,E,113509.500,A,A*44
$GNVTG,234.60,T,,M,0.007,N,0.012,K,A*24
$GNGGA,113509.600,2520.064869,N,05128.161375,E,1,20,0.75,22.099,M,-24.283,M,,*60
$GNRMC,113509.600,A,2520.064869,N,05128.161375,E,0.007,234.60,200726,,,A,V*3F
$GNGLL,2520.064869,N,05128.161375,E,113509.600,A,A*47
$GNVTG,234.60,T,,M,0.007,N,0.012,K,A*24
$GNGGA,113509.700,2520.064869,N,05128.161375,E,1,20,0.75,22.099,M,-24.283,M,,*61
$GNRMC,113509.700,A,2520.064869,N,05128.161375,E,0.007,234.60,200726,,,A,V*3E
$GNGLL,2520.064869,N,05128.161375,E,113509.700,A,A*46
$GNVTG,234.60,T,,M,0.007,N,0.012,K,A*24
$GNGGA,113509.800,2520.064869,N,05128.161375,E,1,20,0.75,22.099,M,-24.283,M,,*6E
$GNRMC,113509.800,A,2520.064869,N,05128.161375,E,0.007,234.60,200726,,,A,V*31
$GNGLL,2520.064869,N,05128.161375,E,113509.800,A,A*49
$GNVTG,234.60,T,,M,0.007,N,0.013,K,A*25
$GNGGA,113509.900,2520.064869,N,05128.161375,E,1,20,0.75,22.099,M,-24.283,M,,*6F
$GNRMC,113509.900,A,2520.064869,N,05128.161375,E,0.010,234.60,200726,,,A,V*36
$GNGLL,2520.064869,N,05128.161375,E,113509.900,A,A*48
$GNVTG,234.60,T,,M,0.010,N,0.018,K,A*28
$GNGGA,113510.000,2520.064869,N,05128.161374,E,1,20,0.75,22.099,M,-24.283,M,,*6F
$GNRMC,113510.000,A,2520.064869,N,05128.161374,E,0.008,234.60,200726,,,A,V*3F
$GNGLL,2520.064869,N,05128.161374,E,113510.000,A,A*48
$GNVTG,234.60,T,,M,0.008,N,0.014,K,A*2D
$GNGSA,A,3,02,03,04,09,16,26,28,31,,,,,1.70,0.75,1.53,1*05
$GNGSA,A,3,68,78,79,82,,,,,,,,,1.70,0.75,1.53,2*04
$GNGSA,A,3,19,23,,,,,,,,,,,1.70,0.75,1.53,3*09
$GNGSA,A,3,06,07,10,12,23,32,,,,,,,1.70,0.75,1.53,4*04
$GNGSA,A,3,,,,,,,,,,,,,1.70,0.75,1.53,5*06
$GPGSV,2,1,08,02,39,195,29,03,57,351,28,04,40,295,33,09,13,273,35,1*68
$GPGSV,2,2,08,16,20,135,33,26,31,103,32,28,17,039,29,31,46,043,40,1*65
$GPGSV,1,1,00,8*6D
$GLGSV,2,1,05,68,36,020,39,78,41,074,38,79,35,145,36,82,08,185,28,1*76
$GLGSV,2,2,05,83,,,20,1*74
$GAGSV,1,1,02,19,38,033,37,23,16,135,37,7*73
$GAGSV,1,1,00,1*75
$GBGSV,2,1,07,06,11,114,31,07,34,042,38,10,43,049,38,12,31,312,32,1*7F
$GBGSV,2,2,07,20,,,27,23,27,054,30,32,40,056,39,1*7C
$GBGSV,1,1,00,5*72
$GQGSV,1,1,00,1*65
$GQGSV,1,1,00,8*6C
$GNGGA,113510.100,2520.064869,N,05128.161374,E,1,20,0.75,22.099,M,-24.283,M,,*6E
$GNRMC,113510.100,A,2520.064869,N,05128.161374,E,0.008,234.60,200726,,,A,V*3E
$GNGLL,2520.064869,N,05128.161374,E,113510.100,A,A*49
$GNVTG,234.60,T,,M,0.008,N,0.014,K,A*2D
$GNGGA,113510.200,2520.064869,N,05128.161374,E,1,20,0.75,22.099,M,-24.283,M,,*6D
$GNRMC,113510.200,A,2520.064869,N,05128.161374,E,0.011,234.60,200726,,,A,V*35
$GNGLL,2520.064869,N,05128.161374,E,113510.200,A,A*4A
$GNVTG,234.60,T,,M,0.011,N,0.020,K,A*22
$GNGGA,113510.300,2520.064869,N,05128.161374,E,1,20,0.75,22.099,M,-24.283,M,,*6C
$GNRMC,113510.300,A,2520.064869,N,05128.161374,E,0.013,234.60,200726,,,A,V*36
$GNGLL,2520.064869,N,05128.161374,E,113510.300,A,A*4B
$GNVTG,234.60,T,,M,0.013,N,0.024,K,A*24
$GNGGA,113510.400,2520.064869,N,05128.161373,E,1,20,0.75,22.099,M,-24.283,M,,*6C
$GNRMC,113510.400,A,2520.064869,N,05128.161373,E,0.011,234.60,200726,,,A,V*34
$GNGLL,2520.064869,N,05128.161373,E,113510.400,A,A*4B
$GNVTG,234.60,T,,M,0.011,N,0.020,K,A*22
$GNGGA,113510.500,2520.064869,N,05128.161373,E,1,20,0.75,22.099,M,-24.283,M,,*6D
$GNRMC,113510.500,A,2520.064869,N,05128.161373,E,0.007,234.60,200726,,,A,V*32
$GNGLL,2520.064869,N,05128.161373,E,113510.500,A,A*4A
$GNVTG,234.60,T,,M,0.007,N,0.013,K,A*25
$GNGGA,113510.600,2520.064869,N,05128.161373,E,1,20,0.75,22.099,M,-24.283,M,,*6E
$GNRMC,113510.600,A,2520.064869,N,05128.161373,E,0.008,234.60,200726,,,A,V*3E
$GNGLL,2520.064869,N,05128.161373,E,113510.600,A,A*49
$GNVTG,234.60,T,,M,0.008,N,0.014,K,A*2D
$GNGGA,113510.700,2520.064869,N,05128.161373,E,1,20,0.75,22.099,M,-24.283,M,,*6F
$GNRMC,113510.700,A,2520.064869,N,05128.161373,E,0.010,234.60,200726,,,A,V*36
$GNGLL,2520.064869,N,05128.161373,E,113510.700,A,A*48
$GNVTG,234.60,T,,M,0.010,N,0.019,K,A*29
$GNGGA,113510.800,2520.064869,N,05128.161373,E,1,20,0.75,22.099,M,-24.283,M,,*60
$GNRMC,113510.800,A,2520.064869,N,05128.161373,E,0.010,234.60,200726,,,A,V*39
$GNGLL,2520.064869,N,05128.161373,E,113510.800,A,A*47
$GNVTG,234.60,T,,M,0.010,N,0.018,K,A*28
$GNGGA,113510.900,2520.064869,N,05128.161373,E,1,20,0.75,22.099,M,-24.283,M,,*61
$GNRMC,113510.900,A,2520.064869,N,05128.161373,E,0.009,234.60,200726,,,A,V*30
$GNGLL,2520.064869,N,05128.161373,E,113510.900,A,A*46
$GNVTG,234.60,T,,M,0.009,N,0.017,K,A*2F
$GNGGA,113511.000,2520.064869,N,05128.161372,E,1,20,0.75,22.099,M,-24.283,M,,*68
$GNRMC,113511.000,A,2520.064869,N,05128.161372,E,0.012,234.60,200726,,,A,V*33
$GNGLL,2520.064869,N,05128.161372,E,113511.000,A,A*4F
$GNVTG,234.60,T,,M,0.012,N,0.022,K,A*23
$GNGSA,A,3,02,03,04,09,16,26,28,31,,,,,1.70,0.75,1.53,1*05
$GNGSA,A,3,68,78,79,82,,,,,,,,,1.70,0.75,1.53,2*04
$GNGSA,A,3,19,23,,,,,,,,,,,1.70,0.75,1.53,3*09
$GNGSA,A,3,06,07,10,12,23,32,,,,,,,1.70,0.75,1.53,4*04
$GNGSA,A,3,,,,,,,,,,,,,1.70,0.75,1.53,5*06
$GPGSV,2,1,08,02,39,195,29,03,57,351,28,04,40,295,34,09,13,273,36,1*6C
$GPGSV,2,2,08,16,20,135,33,26,31,103,32,28,17,039,29,31,46,043,40,1*65
$GPGSV,1,1,00,8*6D
$GLGSV,2,1,05,68,36,020,40,78,41,074,38,79,35,145,37,82,08,185,27,1*76
$GLGSV,2,2,05,83,,,20,1*74
$GAGSV,1,1,02,19,38,033,37,23,16,135,37,7*73
$GAGSV,1,1,00,1*75
$GBGSV,2,1,07,06,11,114,30,07,34,042,37,10,43,049,38,12,31,312,33,1*70
$GBGSV,2,2,07,20,,,27,23,27,054,29,32,40,056,38,1*75
$GBGSV,1,1,00,5*72
$GQGSV,1,1,00,1*65
$GQGSV,1,1,00,8*6C
$GNGGA,113511.100,2520.064869,N,05128.161372,E,1,20,0.75,22.099,M,-24.283,M,,*69
$GNRMC,113511.100,A,2520.064869,N,05128.161372,E,0.007,234.60,200726,,,A,V*36
$GNGLL,2520.064869,N,05128.161372,E,113511.100,A,A*4E
$GNVTG,234.60,T,,M,0.007,N,0.012,K,A*24
$GNGGA,113511.200,2520.064869,N,05128.161372,E,1,20,0.75,22.099,M,-24.283,M,,*6A
$GNRMC,113511.200,A,2520.064869,N,05128.161372,E,0.012,234.60,200726,,,A,V*31
$GNGLL,2520.064869,N,05128.161372,E,113511.200,A,A*4D
$GNVTG,234.60,T,,M,0.012,N,0.021,K,A*20
$GNGGA,113511.300,2520.064869,N,05128.161372,E,1,20,0.75,22.099,M,-24.283,M,,*6B
$GNRMC,113511.300,A,2520.064869,N,05128.161372,E,0.008,234.60,200726,,,A,V*3B
$GNGLL,2520.064869,N,05128.161372,E,113511.300,A,A*4C
$GNVTG,234.60,T,,M,0.008,N,0.015,K,A*2C
$GNGGA,113511.400,2520.064869,N,05128.161371,E,1,20,0.75,22.099,M,-24.283,M,,*6F
$GNRMC,113511.400,A,2520.064869,N,05128.161371,E,0.009,234.60,200726,,,A,V*3E
$GNGLL,2520.064869,N,05128.161371,E,113511.400,A,A*48
$GNVTG,234.60,T,,M,0.009,N,0.016,K,A*2E
$GNGGA,113511.500,2520.064869,N,05128.161371,E,1,20,0.75,22.099,M,-24.283,M,,*6E
$GNRMC,113511.500,A,2520.064869,N,05128.161371,E,0.011,234.60,200726,,,A,V*36
$GNGLL,2520.064869,N,05128.161371,E,113511.500,A,A*49
$GNVTG,234.60,T,,M,0.011,N,0.021,K,A*23
$GNGGA,113511.600,2520.064869,N,05128.161371,E,1,20,0.75,22.099,M,-24.283,M,,*6D
$GNRMC,113511.600,A,2520.064869,N,05128.161371,E,0.007,234.60,200726,,,A,V*32
$GNGLL,2520.064869,N,05128.161371,E,113511.600,A,A*4A
$GNVTG,234.60,T,,M,0.007,N,0.014,K,A*22
$GNGGA,113511.700,2520.064869,N,05128.161371,E,1,20,0.75,22.099,M,-24.283,M,,*6C
$GNRMC,113511.700,A,2520.064869,N,05128.161371,E,0.006,234.60,200726,,,A,V*32
$GNGLL,2520.064869,N,05128.161371,E,113511.700,A,A*4B
$GNVTG,234.60,T,,M,0.006,N,0.012,K,A*25
$GNGGA,113511.800,2520.064869,N,05128.161371,E,1,20,0.75,22.099,M,-24.283,M,,*63
$GNRMC,113511.800,A,2520.064869,N,05128.161371,E,0.007,234.60,200726,,,A,V*3C
$GNGLL,2520.064869,N,05128.161371,E,113511.800,A,A*44
$GNVTG,234.60,T,,M,0.007,N,0.013,K,A*25
$GNGGA,113511.900,2520.064869,N,05128.161371,E,1,20,0.75,22.099,M,-24.283,M,,*62
$GNRMC,113511.900,A,2520.064869,N,05128.161371,E,0.006,234.60,200726,,,A,V*3C
$GNGLL,2520.064869,N,05128.161371,E,113511.900,A,A*45
$GNVTG,234.60,T,,M,0.006,N,0.011,K,A*26
$GNGGA,113512.000,2520.064869,N,05128.161371,E,1,20,0.75,22.099,M,-24.283,M,,*68
$GNRMC,113512.000,A,2520.064869,N,05128.161371,E,0.004,234.60,200726,,,A,V*34
$GNGLL,2520.064869,N,05128.161371,E,113512.000,A,A*4F
$GNVTG,234.60,T,,M,0.004,N,0.008,K,A*2C
$GNGSA,A,3,02,03,04,09,16,26,28,31,,,,,1.70,0.75,1.53,1*05
$GNGSA,A,3,68,78,79,82,,,,,,,,,1.70,0.75,1.53,2*04
$GNGSA,A,3,19,23,,,,,,,,,,,1.70,0.75,1.53,3*09
$GNGSA,A,3,06,07,10,12,23,32,,,,,,,1.70,0.75,1.53,4*04
$GNGSA,A,3,,,,,,,,,,,,,1.70,0.75,1.53,5*06
$GPGSV,2,1,08,02,39,195,29,03,57,351,28,04,40,295,33,09,13,273,35,1*68
$GPGSV,2,2,08,16,20,135,34,26,31,103,32,28,17,039,29,31,46,043,40,1*62
$GPGSV,1,1,00,8*6D
$GLGSV,2,1,05,68,36,020,39,78,41,074,38,79,35,145,37,82,08,185,27,1*78
$GLGSV,2,2,05,83,,,22,1*76
$GAGSV,1,1,02,19,38,033,37,23,16,135,37,7*73
$GAGSV,1,1,00,1*75
$GBGSV,2,1,07,06,11,114,30,07,34,042,38,10,43,049,39,12,31,312,31,1*7C
$GBGSV,2,2,07,20,,,25,23,27,054,30,32,40,056,38,1*7F
$GBGSV,1,1,00,5*72
$GQGSV,1,1,00,1*65
$GQGSV,1,1,00,8*6C
$GNGGA,113512.100,2520.064869,N,05128.161371,E,1,20,0.75,22.099,M,-24.283,M,,*69
$GNRMC,113512.100,A,2520.064869,N,05128.161371,E,0.002,234.60,200726,,,A,V*33
$GNGLL,2520.064869,N,05128.161371,E,113512.100,A,A*4E
$GNVTG,234.60,T,,M,0.002,N,0.004,K,A*26
$GNGGA,113512.200,2520.064869,N,05128.161371,E,1,20,0.75,22.099,M,-24.283,M,,*6A
$GNRMC,113512.200,A,2520.064869,N,05128.161371,E,0.004,234.60,200726,,,A,V*36
$GNGLL,2520.064869,N,05128.161371,E,113512.200,A,A*4D
$GNVTG,234.60,T,,M,0.004,N,0.007,K,A*23
$GNGGA,113512.300,2520.064869,N,05128.161370,E,1,20,0.75,22.099,M,-24.283,M,,*6A
$GNRMC,113512.300,A,2520.064869,N,05128.161370,E,0.006,234.60,200726,,,A,V*34
$GNGLL,2520.064869,N,05128.161370,E,113512.300,A,A*4D
$GNVTG,234.60,T,,M,0.006,N,0.011,K,A*26
$GNGGA,113512.400,2520.064869,N,05128.161370,E,1,20,0.75,22.099,M,-24.283,M,,*6D
$GNRMC,113512.400,A,2520.064869,N,05128.161370,E,0.005,234.60,200726,,,A,V*30
$GNGLL,2520.064869,N,05128.161370,E,113512.400,A,A*4A
$GNVTG,234.60,T,,M,0.005,N,0.009,K,A*2C
$GNGGA,113512.500,2520.064869,N,05128.161370,E,1,20,0.75,22.099,M,-24.283,M,,*6C
$GNRMC,113512.500,A,2520.064869,N,05128.161370,E,0.007,234.60,200726,,,A,V*33
$GNGLL,2520.064869,N,05128.161370,E,113512.500,A,A*4B
$GNVTG,234.60,T,,M,0.007,N,0.013,K,A*25
$GNGGA,113512.600,2520.064869,N,05128.161370,E,1,20,0.75,22.099,M,-24.283,M,,*6F
$GNRMC,113512.600,A,2520.064869,N,05128.161370,E,0.006,234.60,200726,,,A,V*31
$GNGLL,2520.064869,N,05128.161370,E,113512.600,A,A*48
$GNVTG,234.60,T,,M,0.006,N,0.010,K,A*27
$GNGGA,113512.700,2520.064869,N,05128.161370,E,1,20,0.75,22.099,M,-24.283,M,,*6E
$GNRMC,113512.700,A,2520.064869,N,05128.161370,E,0.006,234.60,200726,,,A,V*30
$GNGLL,2520.064869,N,05128.161370,E,113512.700,A,A*49
$GNVTG,234.60,T,,M,0.006,N,0.012,K,A*25
$GNGGA,113512.800,2520.064869,N,05128.161370,E,1,20,0.75,22.099,M,-24.283,M,,*61
$GNRMC,113512.800,A,2520.064869,N,05128.161370,E,0.006,234.60,200726,,,A,V*3F
$GNGLL,2520.064869,N,05128.161370,E,113512.800,A,A*46
$GNVTG,234.60,T,,M,0.006,N,0.012,K,A*25
$GNGGA,113512.900,2520.064869,N,05128.161370,E,1,20,0.75,22.099,M,-24.283,M,,*60
$GNRMC,113512.900,A,2520.064869,N,05128.161370,E,0.004,234.60,200726,,,A,V*3C
$GNGLL,2520.064869,N,05128.161370,E,113512.900,A,A*47
$GNVTG,234.60,T,,M,0.004,N,0.008,K,A*2C
$GNGGA,113513.000,2520.064869,N,05128.161370,E,1,20,0.75,22.099,M,-24.283,M,,*68
$GNRMC,113513.000,A,2520.064869,N,05128.161370,E,0.005,234.60,200726,,,A,V*35
$GNGLL,2520.064869,N,05128.161370,E,113513.000,A,A*4F
$GNVTG,234.60,T,,M,0.005,N,0.009,K,A*2C
$GNGSA,A,3,02,03,04,09,16,26,28,31,,,,,1.70,0.75,1.53,1*05
$GNGSA,A,3,68,78,79,82,,,,,,,,,1.70,0.75,1.53,2*04
$GNGSA,A,3,19,23,,,,,,,,,,,1.70,0.75,1.53,3*09
$GNGSA,A,3,06,07,10,12,23,32,,,,,,,1.70,0.75,1.53,4*04
$GNGSA,A,3,,,,,,,,,,,,,1.70,0.75,1.53,5*06
$GPGSV,2,1,08,02,39,195,29,03,57,351,27,04,40,295,33,09,13,273,35,1*67
$GPGSV,2,2,08,16,20,135,32,26,31,103,33,28,17,039,28,31,46,043,40,1*64
$GPGSV,1,1,00,8*6D
$GLGSV,2,1,05,68,36,020,39,78,41,074,39,79,35,145,36,82,08,185,27,1*78
$GLGSV,2,2,05,83,,,21,1*75
$GAGSV,1,1,02,19,38,033,36,23,16,135,37,7*72
$GAGSV,1,1,00,1*75
$GBGSV,2,1,07,06,11,114,30,07,34,042,37,10,43,049,38,12,31,312,32,1*71
$GBGSV,2,2,07,20,,,25,23,27,054,29,32,40,056,38,1*77
$GBGSV,1,1,00,5*72
$GQGSV,1,1,00,1*65
$GQGSV,1,1,00,8*6C
$GNGGA,113513.100,2520.064869,N,05128.161370,E,1,20,0.75,22.099,M,-24.283,M,,*69
$GNRMC,113513.100,A,2520.064869,N,05128.161370,E,0.005,234.60,200726,,,A,V*34
$GNGLL,2520.064869,N,05128.161370,E,113513.100,A,A*4E
$GNVTG,234.60,T,,M,0.005,N,0.009,K,A*2C
$GNGGA,113513.200,2520.064869,N,05128.161370,E,1,20,0.75,22.099,M,-24.283,M,,*6A
$GNRMC,113513.200,A,2520.064869,N,05128.161370,E,0.003,234.60,200726,,,A,V*31
$GNGLL,2520.064869,N,05128.161370,E,113513.200,A,A*4D
$GNVTG,234.60,T,,M,0.003,N,0.006,K,A*25
$GNGGA,113513.300,2520.064869,N,05128.161369,E,1,20,0.75,22.099,M,-24.283,M,,*63
$GNRMC,113513.300,A,2520.064869,N,05128.161369,E,0.007,234.60,200726,,,A,V*3C
$GNGLL,2520.064869,N,05128.161369,E,113513.300,A,A*44
$GNVTG,234.60,T,,M,0.007,N,0.013,K,A*25
$GNGGA,113513.400,2520.064869,N,05128.161369,E,1,20,0.75,22.099,M,-24.283,M,,*64
$GNRMC,113513.400,A,2520.064869,N,05128.161369,E,0.007,234.60,200726,,,A,V*3B
$GNGLL,2520.064869,N,05128.161369,E,113513.400,A,A*43
$GNVTG,234.60,T,,M,0.007,N,0.013,K,A*25
$GNGGA,113513.500,2520.064869,N,05128.161369,E,1,20,0.75,22.099,M,-24.283,M,,*65
$GNRMC,113513.500,A,2520.064869,N,05128.161369,E,0.010,234.60,200726,,,A,V*3C
$GNGLL,2520.064869,N,05128.161369,E,113513.500,A,A*42
$GNVTG,234.60,T,,M,0.010,N,0.019,K,A*29
$GNGGA,113513.600,2520.064869,N,05128.161369,E,1,20,0.75,22.099,M,-24.283,M,,*66
$GNRMC,113513.600,A,2520.064869,N,05128.161369,E,0.005,234.60,200726,,,A,V*3B
$GNGLL,2520.064869,N,05128.161369,E,113513.600,A,A*41
$GNVTG,234.60,T,,M,0.005,N,0.009,K,A*2C
$GNGGA,113513.700,2520.064869,N,05128.161369,E,1,20,0.75,22.099,M,-24.283,M,,*67
$GNRMC,113513.700,A,2520.064869,N,05128.161369,E,0.010,234.60,200726,,,A,V*3E
$GNGLL,2520.064869,N,05128.161369,E,113513.700,A,A*40
$GNVTG,234.60,T,,M,0.010,N,0.018,K,A*28
$GNGGA,113513.800,2520.064869,N,05128.161368,E,1,20,0.75,22.099,M,-24.283,M,,*69
$GNRMC,113513.800,A,2520.064869,N,05128.161368,E,0.009,234.60,200726,,,A,V*38
$GNGLL,2520.064869,N,05128.161368,E,113513.800,A,A*4E
$GNVTG,234.60,T,,M,0.009,N,0.016,K,A*2E
$GNGGA,113513.900,2520.064869,N,05128.161368,E,1,20,0.75,22.099,M,-24.283,M,,*68
$GNRMC,113513.900,A,2520.064869,N,05128.161368,E,0.007,234.60,200726,,,A,V*37
$GNGLL,2520.064869,N,05128.161368,E,113513.900,A,A*4F
$GNVTG,234.60,T,,M,0.007,N,0.012,K,A*24
$GNGGA,113514.000,2520.064869,N,05128.161368,E,1,20,0.75,22.099,M,-24.283,M,,*66
$GNRMC,113514.000,A,2520.064869,N,05128.161368,E,0.009,234.60,200726,,,A,V*37
$GNGLL,2520.064869,N,05128.161368,E,113514.000,A,A*41
$GNVTG,234.60,T,,M,0.009,N,0.017,K,A*2F
$GNGSA,A,3,02,03,04,09,16,26,28,31,,,,,1.70,0.75,1.53,1*05
$GNGSA,A,3,68,78,79,82,,,,,,,,,1.70,0.75,1.53,2*04
$GNGSA,A,3,19,23,,,,,,,,,,,1.70,0.75,1.53,3*09
$GNGSA,A,3,06,07,10,12,23,32,,,,,,,1.70,0.75,1.53,4*04
$GNGSA,A,3,,,,,,,,,,,,,1.70,0.75,1.53,5*06
$GPGSV,2,1,08,02,39,195,30,03,57,351,28,04,40,295,33,09,13,273,35,1*60
$GPGSV,2,2,08,16,20,135,33,26,31,103,33,28,17,039,28,31,46,043,40,1*65
$GPGSV,1,1,00,8*6D
$GLGSV,2,1,05,68,36,020,40,78,41,074,38,79,35,145,37,82,08,185,26,1*77
$GLGSV,2,2,05,83,,,21,1*75
$GAGSV,1,1,02,19,38,033,36,23,16,135,37,7*72
$GAGSV,1,1,00,1*75
$GBGSV,2,1,07,06,11,114,30,07,34,042,37,10,43,049,38,12,31,312,32,1*71
$GBGSV,2,2,07,20,,,26,23,27,054,29,32,40,056,38,1*74
$GBGSV,1,1,00,5*72
$GQGSV,1,1,00,1*65
$GQGSV,1,1,00,8*6C
$GNGGA,113514.100,2520.064869,N,05128.161368,E,1,20,0.75,22.099,M,-24.283,M,,*67
$GNRMC,113514.100,A,2520.064869,N,05128.161368,E,0.007,234.60,200726,,,A,V*38
$GNGLL,2520.064869,N,05128.161368,E,113514.100,A,A*40
$GNVTG,234.60,T,,M,0.007,N,0.014,K,A*22
$GNGGA,113514.200,2520.064869,N,05128.161368,E,1,20,0.75,22.099,M,-24.283,M,,*64
$GNRMC,113514.200,A,2520.064869,N,05128.161368,E,0.009,234.60,200726,,,A,V*35
$GNGLL,2520.064869,N,05128.161368,E,113514.200,A,A*43
$GNVTG,234.60,T,,M,0.009,N,0.017,K,A*2F
$GNGGA,113514.300,2520.064869,N,05128.161368,E,1,20,0.75,22.099,M,-24.283,M,,*65
$GNRMC,113514.300,A,2520.064869,N,05128.161368,E,0.005,234.60,200726,,,A,V*38
$GNGLL,2520.064869,N,05128.161368,E,113514.300,A,A*42
$GNVTG,234.60,T,,M,0.005,N,0.009,K,A*2C
$GNGGA,113514.400,2520.064869,N,05128.161368,E,1,20,0.75,22.099,M,-24.283,M,,*62
$GNRMC,113514.400,A,2520.064869,N,05128.161368,E,0.007,234.60,200726,,,A,V*3D
$GNGLL,2520.064869,N,05128.161368,E,113514.400,A,A*45
$GNVTG,234.60,T,,M,0.007,N,0.013,K,A*25
$GNGGA,113514.500,2520.064869,N,05128.161367,E,1,20,0.75,22.099,M,-24.283,M,,*6C
$GNRMC,113514.500,A,2520.064869,N,05128.161367,E,0.009,234.60,200726,,,A,V*3D
$GNGLL,2520.064869,N,05128.161367,E,113514.500,A,A*4B
$GNVTG,234.60,T,,M,0.009,N,0.016,K,A*2E
$GNGGA,113514.600,2520.064869,N,05128.161367,E,1,20,0.75,22.099,M,-24.283,M,,*6F
$GNRMC,113514.600,A,2520.064869,N,05128.161367,E,0.010,234.60,200726,,,A,V*36
$GNGLL,2520.064869,N,05128.161367,E,113514.600,A,A*48
$GNVTG,234.60,T,,M,0.010,N,0.018,K,A*28
$GNGGA,113514.700,2520.064869,N,05128.161367,E,1,20,0.75,22.099,M,-24.283,M,,*6E
$GNRMC,113514.700,A,2520.064869,N,05128.161367,E,0.006,234.60,200726,,,A,V*30
$GNGLL,2520.064869,N,05128.161367,E,113514.700,A,A*49
$GNVTG,234.60,T,,M,0.006,N,0.012,K,A*25
$GNGGA,113514.800,2520.064869,N,05128.161367,E,1,20,0.75,22.099,M,-24.283,M,,*61
$GNRMC,113514.800,A,2520.064869,N,05128.161367,E,0.008,234.60,200726,,,A,V*31
$GNGLL,2520.064869,N,05128.161367,E,113514.800,A,A*46
$GNVTG,234.60,T,,M,0.008,N,0.014,K,A*2D
$GNGGA,113514.900,2520.064869,N,05128.161367,E,1,20,0.75,22.099,M,-24.283,M,,*60
$GNRMC,113514.900,A,2520.064869,N,05128.161367,E,0.007,234.60,200726,,,A,V*3F
$GNGLL,2520.064869,N,05128.161367,E,113514.900,A,A*47
$GNVTG,234.60,T,,M,0.007,N,0.014,K,A*22
$GNGGA,113515.000,2520.064869,N,05128.161367,E,1,20,0.75,22.099,M,-24.283,M,,*68
$GNRMC,113515.000,A,2520.064869,N,05128.161367,E,0.008,234.60,200726,,,A,V*38
$GNGLL,2520.064869,N,05128.161367,E,113515.000,A,A*4F
$GNVTG,234.60,T,,M,0.008,N,0.015,K,A*2C
$GNGSA,A,3,02,03,04,09,16,26,28,31,,,,,1.70,0.75,1.53,1*05
$GNGSA,A,3,68,78,79,82,,,,,,,,,1.70,0.75,1.53,2*04
$GNGSA,A,3,19,23,,,,,,,,,,,1.70,0.75,1.53,3*09
$GNGSA,A,3,06,07,10,12,23,32,,,,,,,1.70,0.75,1.53,4*04
$GNGSA,A,3,,,,,,,,,,,,,1.70,0.75,1.53,5*06
$GPGSV,2,1,08,02,39,195,29,03,57,351,28,04,40,295,34,09,13,273,36,1*6C
$GPGSV,2,2,08,16,20,135,32,26,31,103,32,28,17,039,29,31,46,043,40,1*64
$GPGSV,1,1,00,8*6D
$GLGSV,2,1,05,68,36,020,39,78,41,074,38,79,35,145,36,82,08,185,27,1*79
$GLGSV,2,2,05,83,,,23,1*77
$GAGSV,1,1,02,19,38,033,36,23,16,135,37,7*72
$GAGSV,1,1,00,1*75
$GBGSV,2,1,07,06,11,114,30,07,34,042,38,10,43,049,38,12,31,312,32,1*7E
$GBGSV,2,2,07,20,,,27,23,27,054,30,32,40,056,38,1*7D
$GBGSV,1,1,00,5*72
$GQGSV,1,1,00,1*65
$GQGSV,1,1,00,8*6C
$GNGGA,113515.100,2520.064869,N,05128.161367,E,1,20,0.75,22.099,M,-24.283,M,,*69
$GNRMC,113515.100,A,2520.064869,N,05128.161367,E,0.008,234.60,200726,,,A,V*39
$GNGLL,2520.064869,N,05128.161367,E,113515.100,A,A*4E
$GNVTG,234.60,T,,M,0.008,N,0.015,K,A*2C
$GNGGA,113515.200,2520.064869,N,05128.161366,E,1,20,0.75,22.099,M,-24.283,M,,*6B
$GNRMC,113515.200,A,2520.064869,N,05128.161366,E,0.010,234.60,200726,,,A,V*32
$GNGLL,2520.064869,N,05128.161366,E,113515.200,A,A*4C
$GNVTG,234.60,T,,M,0.010,N,0.019,K,A*29
$GNGGA,113515.300,2520.064869,N,05128.161366,E,1,20,0.75,22.099,M,-24.283,M,,*6A
$GNRMC,113515.300,A,2520.064869,N,05128.161366,E,0.006,234.60,200726,,,A,V*34
$GNGLL,2520.064869,N,05128.161366,E,113515.300,A,A*4D
$GNVTG,234.60,T,,M,0.006,N,0.011,K,A*26
$GNGGA,113515.400,2520.064869,N,05128.161366,E,1,20,0.75,22.099,M,-24.283,M,,*6D
$GNRMC,113515.400,A,2520.064869,N,05128.161366,E,0.008,234.60,200726,,,A,V*3D
$GNGLL,2520.064869,N,05128.161366,E,113515.400,A,A*4A
$GNVTG,234.60,T,,M,0.008,N,0.015,K,A*2C
$GNGGA,113515.500,2520.064869,N,05128.161366,E,1,20,0.75,22.099,M,-24.283,M,,*6C
$GNRMC,113515.500,A,2520.064869,N,05128.161366,E,0.009,234.60,200726,,,A,V*3D
$GNGLL,2520.064869,N,05128.161366,E,113515.500,A,A*4B
$GNVTG,234.60,T,,M,0.009,N,0.016,K,A*2E
$GNGGA,113515.600,2520.064869,N,05128.161366,E,1,20,0.75,22.099,M,-24.283,M,,*6F
$GNRMC,113515.600,A,2520.064869,N,05128.161366,E,0.009,234.60,200726,,,A,V*3E
$GNGLL,2520.064869,N,05128.161366,E,113515.600,A,A*48
$GNVTG,234.60,T,,M,0.009,N,0.016,K,A*2E
$GNGGA,113515.700,2520.064869,N,05128.161366,E,1,20,0.75,22.099,M,-24.283,M,,*6E
$GNRMC,113515.700,A,2520.064869,N,05128.161366,E,0.008,234.60,200726,,,A,V*3E
$GNGLL,2520.064869,N,05128.161366,E,113515.700,A,A*49
$GNVTG,234.60,T,,M,0.008,N,0.015,K,A*2C
$GNGGA,113515.800,2520.064869,N,05128.161365,E,1,20,0.75,22.099,M,-24.283,M,,*62
$GNRMC,113515.800,A,2520.064869,N,05128.161365,E,0.009,234.60,200726,,,A,V*33
$GNGLL,2520.064869,N,05128.161365,E,113515.800,A,A*45
$GNVTG,234.60,T,,M,0.009,N,0.017,K,A*2F
$GNGGA,113515.900,2520.064869,N,05128.161365,E,1,20,0.75,22.099,M,-24.283,M,,*63
$GNRMC,113515.900,A,2520.064869,N,05128.161365,E,0.008,234.60,200726,,,A,V*33
$GNGLL,2520.064869,N,05128.161365,E,113515.900,A,A*44
$GNVTG,234.60,T,,M,0.008,N,0.015,K,A*2C
$GNGGA,113516.000,2520.064869,N,05128.161365,E,1,20,0.75,22.099,M,-24.283,M,,*69
$GNRMC,113516.000,A,2520.064869,N,05128.161365,E,0.005,234.60,200726,,,A,V*34
$GNGLL,2520.064869,N,05128.161365,E,113516.000,A,A*4E
$GNVTG,234.60,T,,M,0.005,N,0.009,K,A*2C
$GNGSA,A,3,02,03,04,09,16,26,28,31,,,,,1.70,0.75,1.53,1*05
$GNGSA,A,3,68,78,79,82,,,,,,,,,1.70,0.75,1.53,2*04
$GNGSA,A,3,19,23,,,,,,,,,,,1.70,0.75,1.53,3*09
$GNGSA,A,3,06,07,10,12,23,32,,,,,,,1.70,0.75,1.53,4*04
$GNGSA,A,3,,,,,,,,,,,,,1.70,0.75,1.53,5*06
$GPGSV,2,1,08,02,39,195,29,03,57,351,28,04,40,295,34,09,13,273,36,1*6C
$GPGSV,2,2,08,16,20,135,33,26,31,103,32,28,17,039,28,31,46,043,40,1*64
$GPGSV,1,1,00,8*6D
$GLGSV,2,1,05,68,36,020,39,78,41,074,38,79,35,145,37,82,08,185,28,1*77
$GLGSV,2,2,05,83,,,23,1*77
$GAGSV,1,1,02,19,38,033,37,23,16,135,37,7*73
$GAGSV,1,1,00,1*75
$GBGSV,2,1,07,06,11,114,31,07,34,042,38,10,43,049,39,12,31,312,32,1*7E
$GBGSV,2,2,07,20,,,25,23,27,054,30,32,40,056,38,1*7F
$GBGSV,1,1,00,5*72
$GQGSV,1,1,00,1*65
$GQGSV,1,1,00,8*6C
$GNGGA,113516.100,2520.064869,N,05128.161365,E,1,20,0.75,22.099,M,-24.283,M,,*68
$GNRMC,113516.100,A,2520.064869,N,05128.161365,E,0.006,234.60,200726,,,A,V*36
$GNGLL,2520.064869,N,05128.161365,E,113516.100,A,A*4F
$GNVTG,234.60,T,,M,0.006,N,0.012,K,A*25
$GNGGA,113516.200,2520.064869,N,05128.161365,E,1,20,0.75,22.099,M,-24.283,M,,*6B
$GNRMC,113516.200,A,2520.064869,N,05128.161365,E,0.008,234.60,200726,,,A,V*3B
$GNGLL,2520.064869,N,05128.161365,E,113516.200,A,A*4C
$GNVTG,234.60,T,,M,0.008,N,0.015,K,A*2C
$GNGGA,113516.300,2520.064869,N,05128.161365,E,1,20,0.75,22.099,M,-24.283,M,,*6A
$GNRMC,113516.300,A,2520.064869,N,05128.161365,E,0.008,234.60,200726,,,A,V*3A
$GNGLL,2520.064869,N,05128.161365,E,113516.300,A,A*4D
$GNVTG,234.60,T,,M,0.008,N,0.015,K,A*2C
$GNGGA,113516.400,2520.064869,N,05128.161364,E,1,20,0.75,22.099,M,-24.283,M,,*6C
$GNRMC,113516.400,A,2520.064869,N,05128.161364,E,0.009,234.60,200726,,,A,V*3D
$GNGLL,2520.064869,N,05128.161364,E,113516.400,A,A*4B
$GNVTG,234.60,T,,M,0.009,N,0.016,K,A*2E
$GNGGA,113516.500,2520.064869,N,05128.161364,E,1,20,0.75,22.099,M,-24.283,M,,*6D
$GNRMC,113516.500,A,2520.064869,N,05128.161364,E,0.008,234.60,200726,,,A,V*3D
$GNGLL,2520.064869,N,05128.161364,E,113516.500,A,A*4A
$GNVTG,234.60,T,,M,0.008,N,0.015,K,A*2C
$GNGGA,113516.600,2520.064869,N,05128.161364,E,1,20,0.75,22.099,M,-24.283,M,,*6E
$GNRMC,113516.600,A,2520.064869,N,05128.161364,E,0.006,234.60,200726,,,A,V*30
$GNGLL,2520.064869,N,05128.161364,E,113516.600,A,A*49
$GNVTG,234.60,T,,M,0.006,N,0.011,K,A*26
$GNGGA,113516.700,2520.064869,N,05128.161364,E,1,20,0.75,22.099,M,-24.283,M,,*6F
$GNRMC,113516.700,A,2520.064869,N,05128.161364,E,0.006,234.60,200726,,,A,V*31
$GNGLL,2520.064869,N,05128.161364,E,113516.700,A,A*48
$GNVTG,234.60,T,,M,0.006,N,0.012,K,A*25
$GNGGA,113516.800,2520.064869,N,05128.161364,E,1,20,0.75,22.099,M,-24.283,M,,*60
$GNRMC,113516.800,A,2520.064869,N,05128.161364,E,0.007,234.60,200726,,,A,V*3F
$GNGLL,2520.064869,N,05128.161364,E,113516.800,A,A*47
$GNVTG,234.60,T,,M,0.007,N,0.013,K,A*25
$GNGGA,113516.900,2520.064869,N,05128.161364,E,1,20,0.75,22.099,M,-24.283,M,,*61
$GNRMC,113516.900,A,2520.064869,N,05128.161364,E,0.008,234.60,200726,,,A,V*31
$GNGLL,2520.064869,N,05128.161364,E,113516.900,A,A*46
$GNVTG,234.60,T,,M,0.008,N,0.015,K,A*2C
$GNGGA,113517.000,2520.064869,N,05128.161364,E,1,20,0.75,22.099,M,-24.283,M,,*69
$GNRMC,113517.000,A,2520.064869,N,05128.161364,E,0.009,234.60,200726,,,A,V*38
$GNGLL,2520.064869,N,05128.161364,E,113517.000,A,A*4E
$GNVTG,234.60,T,,M,0.009,N,0.016,K,A*2E
$GNGSA,A,3,02,03,04,09,16,26,28,31,,,,,1.70,0.75,1.53,1*05
$GNGSA,A,3,68,78,79,82,,,,,,,,,1.70,0.75,1.53,2*04
$GNGSA,A,3,19,23,,,,,,,,,,,1.70,0.75,1.53,3*09
$GNGSA,A,3,06,07,10,12,23,32,,,,,,,1.70,0.75,1.53,4*04
$GNGSA,A,3,,,,,,,,,,,,,1.70,0.75,1.53,5*06
$GPGSV,2,1,08,02,39,195,29,03,57,351,27,04,40,295,33,09,13,273,36,1*64
$GPGSV,2,2,08,16,20,135,33,26,31,103,32,28,17,039,29,31,46,043,40,1*65
$GPGSV,1,1,00,8*6D
$GLGSV,2,1,05,68,36,020,40,78,41,074,38,79,36,145,37,82,08,185,27,1*75
$GLGSV,2,2,05,83,,,23,1*77
$GAGSV,1,1,02,19,38,033,37,23,16,134,37,7*72
$GAGSV,1,1,00,1*75
$GBGSV,2,1,07,06,11,114,31,07,34,042,38,10,43,049,39,12,31,312,31,1*7D
$GBGSV,2,2,07,20,,,26,23,27,054,29,32,40,056,38,1*74
$GBGSV,1,1,00,5*72
$GQGSV,1,1,00,1*65
$GQGSV,1,1,00,8*6C
$GNGGA,113517.100,2520.064869,N,05128.161363,E,1,20,0.75,22.099,M,-24.283,M,,*6F
$GNRMC,113517.100,A,2520.064869,N,05128.161363,E,0.008,234.60,200726,,,A,V*3F
$GNGLL,2520.064869,N,05128.161363,E,113517.100,A,A*48
$GNVTG,234.60,T,,M,0.008,N,0.014,K,A*2D
$GNGGA,113517.200,2520.064869,N,05128.161363,E,1,20,0.75,22.100,M,-24.283,M,,*6D
$GNRMC,113517.200,A,2520.064869,N,05128.161363,E,0.007,234.60,200726,,,A,V*33
$GNGLL,2520.064869,N,05128.161363,E,113517.200,A,A*4B
$GNVTG,234.60,T,,M,0.007,N,0.013,K,A*25
$GNGGA,113517.300,2520.064869,N,05128.161363,E,1,20,0.75,22.099,M,-24.283,M,,*6D
$GNRMC,113517.300,A,2520.064869,N,05128.161363,E,0.004,234.60,200726,,,A,V*31
$GNGLL,2520.064869,N,05128.161363,E,113517.300,A,A*4A
$GNVTG,234.60,T,,M,0.004,N,0.008,K,A*2C
$GNGGA,113517.400,2520.064869,N,05128.161363,E,1,20,0.75,22.099,M,-24.283,M,,*6A
$GNRMC,113517.400,A,2520.064869,N,05128.161363,E,0.006,234.60,200726,,,A,V*34
$GNGLL,2520.064869,N,05128.161363,E,113517.400,A,A*4D
$GNVTG,234.60,T,,M,0.006,N,0.011,K,A*26
$GNGGA,113517.500,2520.064869,N,05128.161363,E,1,20,0.75,22.099,M,-24.283,M,,*6B
$GNRMC,113517.500,A,2520.064869,N,05128.161363,E,0.008,234.60,200726,,,A,V*3B
$GNGLL,2520.064869,N,05128.161363,E,113517.500,A,A*4C
$GNVTG,234.60,T,,M,0.008,N,0.015,K,A*2C
$GNGGA,113517.600,2520.064869,N,05128.161363,E,1,20,0.75,22.099,M,-24.283,M,,*68
$GNRMC,113517.600,A,2520.064869,N,05128.161363,E,0.012,234.60,200726,,,A,V*33
$GNGLL,2520.064869,N,05128.161363,E,113517.600,A,A*4F
$GNVTG,234.60,T,,M,0.012,N,0.021,K,A*20
$GNGGA,113517.700,2520.064869,N,05128.161363,E,1,20,0.75,22.099,M,-24.283,M,,*69
$GNRMC,113517.700,A,2520.064869,N,05128.161363,E,0.009,234.60,200726,,,A,V*38
$GNGLL,2520.064869,N,05128.161363,E,113517.700,A,A*4E
$GNVTG,234.60,T,,M,0.009,N,0.016,K,A*2E
$GNGGA,113517.800,2520.064869,N,05128.161363,E,1,20,0.75,22.099,M,-24.283,M,,*66
$GNRMC,113517.800,A,2520.064869,N,05128.161363,E,0.010,234.60,200726,,,A,V*3F
$GNGLL,2520.064869,N,05128.161363,E,113517.800,A,A*41
$GNVTG,234.60,T,,M,0.010,N,0.018,K,A*28
$GNGGA,113517.900,2520.064869,N,05128.161362,E,1,20,0.75,22.100,M,-24.283,M,,*67
$GNRMC,113517.900,A,2520.064869,N,05128.161362,E,0.009,234.60,200726,,,A,V*37
$GNGLL,2520.064869,N,05128.161362,E,113517.900,A,A*41
$GNVTG,234.60,T,,M,0.009,N,0.017,K,A*2F
$GNGGA,113518.000,2520.064869,N,05128.161362,E,1,20,0.75,22.100,M,-24.283,M,,*61
$GNRMC,113518.000,A,2520.064869,N,05128.161362,E,0.008,234.60,200726,,,A,V*30
$GNGLL,2520.064869,N,05128.161362,E,113518.000,A,A*47
$GNVTG,234.60,T,,M,0.008,N,0.015,K,A*2C
$GNGSA,A,3,02,03,04,09,16,26,28,31,,,,,1.70,0.75,1.53,1*05
$GNGSA,A,3,68,78,79,82,,,,,,,,,1.70,0.75,1.53,2*04
$GNGSA,A,3,19,23,,,,,,,,,,,1.70,0.75,1.53,3*09
$GNGSA,A,3,06,07,10,12,23,32,,,,,,,1.70,0.75,1.53,4*04
$GNGSA,A,3,,,,,,,,,,,,,1.70,0.75,1.53,5*06
$GPGSV,2,1,08,02,39,195,28,03,57,351,30,04,40,295,33,09,13,273,35,1*60
$GPGSV,2,2,08,16,20,135,33,26,31,103,33,28,17,039,23,31,46,043,39,1*60
$GPGSV,1,1,00,8*6D
$GLGSV,2,1,05,68,36,020,39,78,41,074,38,79,36,145,37,82,08,185,27,1*7B
$GLGSV,2,2,05,83,,,24,1*70
$GAGSV,1,1,02,19,38,033,37,23,16,134,38,7*7D
$GAGSV,1,1,00,1*75
$GBGSV,2,1,07,06,11,114,29,07,34,042,38,10,43,049,38,12,31,312,32,1*76
$GBGSV,2,2,07,20,,,27,23,27,054,34,32,40,056,39,1*78
$GBGSV,1,1,00,5*72
$GQGSV,1,1,00,1*65
$GQGSV,1,1,00,8*6C
$GNGGA,113518.100,2520.064869,N,05128.161362,E,1,20,0.75,22.099,M,-24.282,M,,*60
$GNRMC,113518.100,A,2520.064869,N,05128.161362,E,0.005,234.60,200726,,,A,V*3C
$GNGLL,2520.064869,N,05128.161362,E,113518.100,A,A*46
$GNVTG,234.60,T,,M,0.005,N,0.008,K,A*2D
$GNGGA,113518.200,2520.064869,N,05128.161362,E,1,20,0.75,22.098,M,-24.282,M,,*62
$GNRMC,113518.200,A,2520.064869,N,05128.161362,E,0.009,234.60,200726,,,A,V*33
$GNGLL,2520.064869,N,05128.161362,E,113518.200,A,A*45
$GNVTG,234.60,T,,M,0.009,N,0.017,K,A*2F
$GNGGA,113518.300,2520.064869,N,05128.161362,E,1,20,0.75,22.098,M,-24.282,M,,*63
$GNRMC,113518.300,A,2520.064869,N,05128.161362,E,0.007,234.60,200726,,,A,V*3C
$GNGLL,2520.064869,N,05128.161362,E,113518.300,A,A*44
$GNVTG,234.60,T,,M,0.007,N,0.013,K,A*25
$GNGGA,113518.400,2520.064869,N,05128.161362,E,1,20,0.75,22.098,M,-24.282,M,,*64
$GNRMC,113518.400,A,2520.064869,N,05128.161362,E,0.006,234.60,200726,,,A,V*3A
$GNGLL,2520.064869,N,05128.161362,E,113518.400,A,A*43
$GNVTG,234.60,T,,M,0.006,N,0.012,K,A*25
$GNGGA,113518.500,2520.064869,N,05128.161362,E,1,20,0.75,22.098,M,-24.282,M,,*65
$GNRMC,113518.500,A,2520.064869,N,05128.161362,E,0.006,234.60,200726,,,A,V*3B
$GNGLL,2520.064869,N,05128.161362,E,113518.500,A,A*42
$GNVTG,234.60,T,,M,0.006,N,0.010,K,A*27
$GNGGA,113518.600,2520.064869,N,05128.161361,E,1,20,0.75,22.098,M,-24.282,M,,*65
$GNRMC,113518.600,A,2520.064869,N,05128.161361,E,0.004,234.60,200726,,,A,V*39
$GNGLL,2520.064869,N,05128.161361,E,113518.600,A,A*42
$GNVTG,234.60,T,,M,0.004,N,0.007,K,A*23
$GNGGA,113518.700,2520.064869,N,05128.161361,E,1,20,0.75,22.098,M,-24.282,M,,*64
$GNRMC,113518.700,A,2520.064869,N,05128.161361,E,0.005,234.60,200726,,,A,V*39
$GNGLL,2520.064869,N,05128.161361,E,113518.700,A,A*43
$GNVTG,234.60,T,,M,0.005,N,0.008,K,A*2D
$GNGGA,113518.800,2520.064869,N,05128.161361,E,1,20,0.75,22.098,M,-24.282,M,,*6B
$GNRMC,113518.800,A,2520.064869,N,05128.161361,E,0.006,234.60,200726,,,A,V*35
$GNGLL,2520.064869,N,05128.161361,E,113518.800,A,A*4C
$GNVTG,234.60,T,,M,0.006,N,0.012,K,A*25
$GNGGA,113518.900,2520.064869,N,05128.161361,E,1,20,0.75,22.098,M,-24.282,M,,*6A
$GNRMC,113518.900,A,2520.064869,N,05128.161361,E,0.006,234.60,200726,,,A,V*34
$GNGLL,2520.064869,N,05128.161361,E,113518.900,A,A*4D
$GNVTG,234.60,T,,M,0.006,N,0.010,K,A*27
$GNGGA,113519.000,2520.064869,N,05128.161361,E,1,20,0.75,22.098,M,-24.282,M,,*62
$GNRMC,113519.000,A,2520.064869,N,05128.161361,E,0.008,234.60,200726,,,A,V*32
$GNGLL,2520.064869,N,05128.161361,E,113519.000,A,A*45
$GNVTG,234.60,T,,M,0.008,N,0.015,K,A*2C
$GNGSA,A,3,02,03,04,09,16,26,28,31,,,,,1.70,0.75,1.53,1*05
$GNGSA,A,3,68,78,79,82,,,,,,,,,1.70,0.75,1.53,2*04
$GNGSA,A,3,19,23,,,,,,,,,,,1.70,0.75,1.53,3*09
$GNGSA,A,3,06,07,10,12,23,32,,,,,,,1.70,0.75,1.53,4*04
$GNGSA,A,3,,,,,,,,,,,,,1.70,0.75,1.53,5*06
$GPGSV,2,1,08,02,39,195,28,03,57,351,27,04,40,295,32,09,13,273,35,1*67
$GPGSV,2,2,08,16,20,135,35,26,31,103,32,28,17,039,23,31,46,043,37,1*69
$GPGSV,1,1,00,8*6D
$GLGSV,2,1,05,68,36,020,39,78,41,074,39,79,36,145,38,82,08,185,28,1*7A
$GLGSV,2,2,05,83,,,23,1*77
$GAGSV,1,1,02,19,38,033,37,23,16,134,38,7*7D
$GAGSV,1,1,00,1*75
$GBGSV,2,1,07,06,11,114,29,07,34,042,38,10,43,049,37,12,31,312,33,1*78
$GBGSV,2,2,07,20,,,29,23,27,054,33,32,40,056,38,1*70
$GBGSV,1,1,00,5*72
$GQGSV,1,1,00,1*65
$GQGSV,1,1,00,8*6C
$GNGGA,113519.100,2520.064869,N,05128.161361,E,1,20,0.75,22.099,M,-24.283,M,,*63
$GNRMC,113519.100,A,2520.064869,N,05128.161361,E,0.008,234.60,200726,,,A,V*33
$GNGLL,2520.064869,N,05128.161361,E,113519.100,A,A*44
$GNVTG,234.60,T,,M,0.008,N,0.015,K,A*2C
$GNGGA,113519.200,2520.064869,N,05128.161361,E,1,20,0.75,22.099,M,-24.283,M,,*60
$GNRMC,113519.200,A,2520.064869,N,05128.161361,E,0.009,234.60,200726,,,A,V*31
$GNGLL,2520.064869,N,05128.161361,E,113519.200,A,A*47
$GNVTG,234.60,T,,M,0.009,N,0.017,K,A*2F
$GNGGA,113519.300,2520.064869,N,05128.161360,E,1,20,0.75,22.099,M,-24.283,M,,*60
$GNRMC,113519.300,A,2520.064869,N,05128.161360,E,0.007,234.60,200726,,,A,V*3F
$GNGLL,2520.064869,N,05128.161360,E,113519.300,A,A*47
$GNVTG,234.60,T,,M,0.007,N,0.013,K,A*25
$GNGGA,113519.400,2520.064869,N,05128.161360,E,1,20,0.75,22.099,M,-24.283,M,,*67
$GNRMC,113519.400,A,2520.064869,N,05128.161360,E,0.009,234.60,200726,,,A,V*36
$GNGLL,2520.064869,N,05128.161360,E,113519.400,A,A*40
$GNVTG,234.60,T,,M,0.009,N,0.017,K,A*2F
$GNGGA,113519.500,2520.064869,N,05128.161360,E,1,20,0.75,22.099,M,-24.283,M,,*66
$GNRMC,113519.500,A,2520.064869,N,05128.161360,E,0.010,234.60,200726,,,A,V*3F
$GNGLL,2520.064869,N,05128.161360,E,113519.500,A,A*41
$GNVTG,234.60,T,,M,0.010,N,0.018,K,A*28
$GNGGA,113519.600,2520.064869,N,05128.161360,E,1,20,0.75,22.099,M,-24.283,M,,*65
$GNRMC,113519.600,A,2520.064869,N,05128.161360,E,0.009,234.60,200726,,,A,V*34
$GNGLL,2520.064869,N,05128.161360,E,113519.600,A,A*42
$GNVTG,234.60,T,,M,0.009,N,0.017,K,A*2F
$GNGGA,113519.700,2520.064869,N,05128.161360,E,1,20,0.75,22.099,M,-24.283,M,,*64
$GNRMC,113519.700,A,2520.064869,N,05128.161360,E,0.008,234.60,200726,,,A,V*34
$GNGLL,2520.064869,N,05128.161360,E,113519.700,A,A*43
$GNVTG,234.60,T,,M,0.008,N,0.015,K,A*2C
$GNGGA,113519.800,2520.064869,N,05128.161359,E,1,20,0.75,22.099,M,-24.283,M,,*61
$GNRMC,113519.800,A,2520.064869,N,05128.161359,E,0.010,234.60,200726,,,A,V*38
$GNGLL,2520.064869,N,05128.161359,E,113519.800,A,A*46
$GNVTG,234.60,T,,M,0.010,N,0.019,K,A*29
$GNGGA,113519.900,2520.064869,N,05128.161359,E,1,20,0.75,22.099,M,-24.283,M,,*60
$GNRMC,113519.900,A,2520.064869,N,05128.161359,E,0.007,234.60,200726,,,A,V*3F
$GNGLL,2520.064869,N,05128.161359,E,113519.900,A,A*47
$GNVTG,234.60,T,,M,0.007,N,0.013,K,A*25
$GNGGA,113520.000,2520.064869,N,05128.161359,E,1,20,0.75,22.099,M,-24.283,M,,*63
$GNRMC,113520.000,A,2520.064869,N,05128.161359,E,0.007,234.60,200726,,,A,V*3C
$GNGLL,2520.064869,N,05128.161359,E,113520.000,A,A*44
$GNVTG,234.60,T,,M,0.007,N,0.013,K,A*25
$GNGSA,A,3,02,03,04,09,16,26,28,31,,,,,1.70,0.75,1.53,1*05
$GNGSA,A,3,68,78,79,82,,,,,,,,,1.70,0.75,1.53,2*04
$GNGSA,A,3,19,23,,,,,,,,,,,1.70,0.75,1.53,3*09
$GNGSA,A,3,06,07,10,12,23,32,,,,,,,1.70,0.75,1.53,4*04
$GNGSA,A,3,,,,,,,,,,,,,1.70,0.75,1.53,5*06
$GPGSV,2,1,08,02,39,195,30,03,57,351,29,04,40,295,32,09,13,273,35,1*60
$GPGSV,2,2,08,16,20,135,33,26,31,103,32,28,17,039,29,31,46,043,39,1*6B
$GPGSV,1,1,00,8*6D
$GLGSV,2,1,05,68,36,020,40,78,41,074,39,79,36,145,38,82,08,185,29,1*75
$GLGSV,2,2,05,83,,,21,1*75
$GAGSV,1,1,02,19,38,033,36,23,16,134,37,7*73
$GAGSV,1,1,00,1*75
$GBGSV,2,1,07,06,11,114,30,07,34,042,38,10,43,049,38,12,31,312,33,1*7F
$GBGSV,2,2,07,20,,,28,23,27,054,33,32,40,056,39,1*70
$GBGSV,1,1,00,5*72
$GQGSV,1,1,00,1*65
$GQGSV,1,1,00,8*6C
$PAIR010,0,1,2428,128138*37
$PAIR010,0,0,2428,128258*33
$PAIR010,0,3,2428,128258*30
$PAIR010,0,2,2428,128258*31
$GNGGA,113520.100,2520.064869,N,05128.161359,E,1,20,0.75,22.099,M,-24.283,M,,*62
$GNRMC,113520.100,A,2520.064869,N,05128.161359,E,0.006,234.60,200726,,,A,V*3C
$GNGLL,2520.064869,N,05128.161359,E,113520.100,A,A*45
$GNVTG,234.60,T,,M,0.006,N,0.010,K,A*27
$GNGGA,113520.200,2520.064869,N,05128.161359,E,1,20,0.75,22.099,M,-24.283,M,,*61
$GNRMC,113520.200,A,2520.064869,N,05128.161359,E,0.008,234.60,200726,,,A,V*31
$GNGLL,2520.064869,N,05128.161359,E,113520.200,A,A*46
$GNVTG,234.60,T,,M,0.008,N,0.015,K,A*2C
$GNGGA,113520.300,2520.064869,N,05128.161359,E,1,20,0.75,22.099,M,-24.283,M,,*60
$GNRMC,113520.300,A,2520.064869,N,05128.161359,E,0.011,234.60,200726,,,A,V*38
$GNGLL,2520.064869,N,05128.161359,E,113520.300,A,A*47
$GNVTG,234.60,T,,M,0.011,N,0.021,K,A*23
$GNGGA,113520.400,2520.064869,N,05128.161358,E,1,20,0.75,22.099,M,-24.283,M,,*66
$GNRMC,113520.400,A,2520.064869,N,05128.161358,E,0.009,234.60,200726,,,A,V*37
$GNGLL,2520.064869,N,05128.161358,E,113520.400,A,A*41
$GNVTG,234.60,T,,M,0.009,N,0.017,K,A*2F
$GNGGA,113520.500,2520.064869,N,05128.161358,E,1,20,0.75,22.099,M,-24.283,M,,*67
$GNRMC,113520.500,A,2520.064869,N,05128.161358,E,0.007,234.60,200726,,,A,V*38
$GNGLL,2520.064869,N,05128.161358,E,113520.500,A,A*40
$GNVTG,234.60,T,,M,0.007,N,0.013,K,A*25
$GNGGA,113520.600,2520.064869,N,05128.161358,E,1,20,0.75,22.099,M,-24.283,M,,*64
$GNRMC,113520.600,A,2520.064869,N,05128.161358,E,0.008,234.60,200726,,,A,V*34
$GNGLL,2520.064869,N,05128.161358,E,113520.600,A,A*43
$GNVTG,234.60,T,,M,0.008,N,0.015,K,A*2C
$GNGGA,113520.700,2520.064870,N,05128.161358,E,1,20,0.75,22.099,M,-24.283,M,,*6D
$GNRMC,113520.700,A,2520.064870,N,05128.161358,E,0.008,234.60,200726,,,A,V*3D
$GNGLL,2520.064870,N,05128.161358,E,113520.700,A,A*4A
$GNVTG,234.60,T,,M,0.008,N,0.015,K,A*2C
$GNGGA,113520.800,2520.064870,N,05128.161358,E,1,20,0.75,22.099,M,-24.283,M,,*62
$GNRMC,113520.800,A,2520.064870,N,05128.161358,E,0.010,234.60,200726,,,A,V*3B
$GNGLL,2520.064870,N,05128.161358,E,113520.800,A,A*45
$GNVTG,234.60,T,,M,0.010,N,0.018,K,A*28
$GNGGA,113520.900,2520.064870,N,05128.161358,E,1,20,0.75,22.099,M,-24.283,M,,*63
$GNRMC,113520.900,A,2520.064870,N,05128.161358,E,0.010,234.60,200726,,,A,V*3A
$GNGLL,2520.064870,N,05128.161358,E,113520.900,A,A*44
$GNVTG,234.60,T,,M,0.010,N,0.019,K,A*29
$GNGGA,113521.000,2520.064870,N,05128.161358,E,1,20,0.75,22.099,M,-24.283,M,,*6B
$GNRMC,113521.000,A,2520.064870,N,05128.161358,E,0.010,234.60,200726,,,A,V*32
$GNGLL,2520.064870,N,05128.161358,E,113521.000,A,A*4C
$GNVTG,234.60,T,,M,0.010,N,0.018,K,A*28
$GNGSA,A,3,02,03,04,09,16,26,28,31,,,,,1.70,0.75,1.53,1*05
$GNGSA,A,3,68,78,79,82,,,,,,,,,1.70,0.75,1.53,2*04
$GNGSA,A,3,19,23,,,,,,,,,,,1.70,0.75,1.53,3*09
$GNGSA,A,3,06,07,10,12,23,32,,,,,,,1.70,0.75,1.53,4*04
$GNGSA,A,3,,,,,,,,,,,,,1.70,0.75,1.53,5*06
$GPGSV,2,1,08,02,39,195,30,03,57,351,28,04,40,295,34,09,13,273,36,1*64
$GPGSV,2,2,08,16,20,135,34,26,31,103,31,28,17,039,25,31,46,043,40,1*6D
$GPGSV,1,1,00,8*6D
$GLGSV,2,1,05,68,36,020,39,78,41,074,39,79,36,145,38,82,08,185,27,1*75
$GLGSV,2,2,05,83,,,22,1*76
$GAGSV,1,1,02,19,38,033,37,23,16,134,37,7*72
$GAGSV,1,1,00,1*75
$GBGSV,2,1,07,06,11,114,27,07,34,042,38,10,43,049,38,12,31,312,33,1*79
$GBGSV,2,2,07,20,,,28,23,27,054,31,32,40,056,38,1*73
$GBGSV,1,1,00,5*72
$GQGSV,1,1,00,1*65
$GQGSV,1,1,00,8*6C
$GNGGA,113521.100,2520.064870,N,05128.161357,E,1,20,0.75,22.099,M,-24.283,M,,*65
$GNRMC,113521.100,A,2520.064870,N,05128.161357,E,0.010,234.60,200726,,,A,V*3C
$GNGLL,2520.064870,N,05128.161357,E,113521.100,A,A*42
$GNVTG,234.60,T,,M,0.010,N,0.018,K,A*28
$GNGGA,113521.200,2520.064870,N,05128.161357,E,1,20,0.75,22.100,M,-24.283,M,,*67
$GNRMC,113521.200,A,2520.064870,N,05128.161357,E,0.010,234.60,200726,,,A,V*3F
$GNGLL,2520.064870,N,05128.161357,E,113521.200,A,A*41
$GNVTG,234.60,T,,M,0.010,N,0.018,K,A*28
$GNGGA,113521.300,2520.064870,N,05128.161357,E,1,20,0.75,22.100,M,-24.283,M,,*66
$GNRMC,113521.300,A,2520.064870,N,05128.161357,E,0.010,234.60,200726,,,A,V*3E
$GNGLL,2520.064870,N,05128.161357,E,113521.300,A,A*40
$GNVTG,234.60,T,,M,0.010,N,0.018,K,A*28
$GNGGA,113521.400,2520.064870,N,05128.161357,E,1,20,0.75,22.100,M,-24.283,M,,*61
$GNRMC,113521.400,A,2520.064870,N,05128.161357,E,0.009,234.60,200726,,,A,V*31
$GNGLL,2520.064870,N,05128.161357,E,113521.400,A,A*47
$GNVTG,234.60,T,,M,0.009,N,0.017,K,A*2F
$GNGGA,113521.500,2520.064870,N,05128.161357,E,1,20,0.75,22.100,M,-24.283,M,,*60
$GNRMC,113521.500,A,2520.064870,N,05128.161357,E,0.008,234.60,200726,,,A,V*31
$GNGLL,2520.064870,N,05128.161357,E,113521.500,A,A*46
$GNVTG,234.60,T,,M,0.008,N,0.014,K,A*2D
$GNGGA,113521.600,2520.064870,N,05128.161356,E,1,20,0.75,22.099,M,-24.283,M,,*63
$GNRMC,113521.600,A,2520.064870,N,05128.161356,E,0.009,234.60,200726,,,A,V*32
$GNGLL,2520.064870,N,05128.161356,E,113521.600,A,A*44
$GNVTG,234.60,T,,M,0.009,N,0.016,K,A*2E
$GNGGA,113521.700,2520.064870,N,05128.161356,E,1,20,0.75,22.100,M,-24.283,M,,*63
$GNRMC,113521.700,A,2520.064870,N,05128.161356,E,0.008,234.60,200726,,,A,V*32
$GNGLL,2520.064870,N,05128.161356,E,113521.700,A,A*45
$GNVTG,234.60,T,,M,0.008,N,0.016,K,A*2F
$GNGGA,113521.800,2520.064870,N,05128.161356,E,1,20,0.75,22.100,M,-24.283,M,,*6C
$GNRMC,113521.800,A,2520.064870,N,05128.161356,E,0.007,234.60,200726,,,A,V*32
$GNGLL,2520.064870,N,05128.161356,E,113521.800,A,A*4A
$GNVTG,234.60,T,,M,0.007,N,0.014,K,A*22
$GNGGA,113521.900,2520.064870,N,05128.161356,E,1,20,0.75,22.100,M,-24.283,M,,*6D
$GNRMC,113521.900,A,2520.064870,N,05128.161356,E,0.006,234.60,200726,,,A,V*32
$GNGLL,2520.064870,N,05128.161356,E,113521.900,A,A*4B
$GNVTG,234.60,T,,M,0.006,N,0.011,K,A*26
$GNGGA,113522.000,2520.064870,N,05128.161356,E,1,20,0.75,22.100,M,-24.283,M,,*67
$GNRMC,113522.000,A,2520.064870,N,05128.161356,E,0.006,234.60,200726,,,A,V*38
$GNGLL,2520.064870,N,05128.161356,E,113522.000,A,A*41
$GNVTG,234.60,T,,M,0.006,N,0.012,K,A*25
$GNGSA,A,3,02,03,04,09,16,26,28,31,,,,,1.70,0.75,1.53,1*05
$GNGSA,A,3,68,78,79,82,,,,,,,,,1.70,0.75,1.53,2*04
$GNGSA,A,3,19,23,,,,,,,,,,,1.70,0.75,1.53,3*09
$GNGSA,A,3,06,07,10,12,23,32,,,,,,,1.70,0.75,1.53,4*04
$GNGSA,A,3,,,,,,,,,,,,,1.70,0.75,1.53,5*06
$GPGSV,2,1,08,02,39,195,28,03,57,351,28,04,40,295,34,09,13,273,35,1*6E
$GPGSV,2,2,08,16,20,135,34,26,31,103,32,28,17,039,21,31,46,043,39,1*64
$GPGSV,1,1,00,8*6D
$GLGSV,2,1,05,68,36,020,39,78,41,074,38,79,36,145,38,82,08,185,28,1*7B
$GLGSV,2,2,05,83,,,23,1*77
$GAGSV,1,1,02,19,38,033,37,23,16,134,37,7*72
$GAGSV,1,1,00,1*75
$GBGSV,2,1,07,06,11,114,28,07,34,042,38,10,43,049,38,12,31,312,32,1*77
$GBGSV,2,2,07,20,,,28,23,27,054,33,32,40,056,39,1*70
$GBGSV,1,1,00,5*72
$GQGSV,1,1,00,1*65
$GQGSV,1,1,00,8*6C
$GNGGA,113522.100,2520.064870,N,05128.161356,E,1,20,0.75,22.099,M,-24.283,M,,*67
$GNRMC,113522.100,A,2520.064870,N,05128.161356,E,0.008,234.60,200726,,,A,V*37
$GNGLL,2520.064870,N,05128.161356,E,113522.100,A,A*40
$GNVTG,234.60,T,,M,0.008,N,0.014,K,A*2D
$GNGGA,113522.200,2520.064870,N,05128.161356,E,1,20,0.75,22.099,M,-24.283,M,,*64
$GNRMC,113522.200,A,2520.064870,N,05128.161356,E,0.005,234.60,200726,,,A,V*39
$GNGLL,2520.064870,N,05128.161356,E,113522.200,A,A*43
$GNVTG,234.60,T,,M,0.005,N,0.010,K,A*24
$GNGGA,113522.300,2520.064870,N,05128.161356,E,1,20,0.75,22.099,M,-24.283,M,,*65
$GNRMC,113522.300,A,2520.064870,N,05128.161356,E,0.006,234.60,200726,,,A,V*3B
$GNGLL,2520.064870,N,05128.161356,E,113522.300,A,A*42
$GNVTG,234.60,T,,M,0.006,N,0.011,K,A*26
$GNGGA,113522.400,2520.064870,N,05128.161355,E,1,20,0.75,22.099,M,-24.283,M,,*61
$GNRMC,113522.400,A,2520.064870,N,05128.161355,E,0.007,234.60,200726,,,A,V*3E
$GNGLL,2520.064870,N,05128.161355,E,113522.400,A,A*46
$GNVTG,234.60,T,,M,0.007,N,0.013,K,A*25
$GNGGA,113522.500,2520.064870,N,05128.161355,E,1,20,0.75,22.099,M,-24.283,M,,*60
$GNRMC,113522.500,A,2520.064870,N,05128.161355,E,0.005,234.60,200726,,,A,V*3D
$GNGLL,2520.064870,N,05128.161355,E,113522.500,A,A*47
$GNVTG,234.60,T,,M,0.005,N,0.009,K,A*2C
$GNGGA,113522.600,2520.064870,N,05128.161355,E,1,20,0.75,22.099,M,-24.283,M,,*63
$GNRMC,113522.600,A,2520.064870,N,05128.161355,E,0.006,234.60,200726,,,A,V*3D
$GNGLL,2520.064870,N,05128.161355,E,113522.600,A,A*44
$GNVTG,234.60,T,,M,0.006,N,0.011,K,A*26
$GNGGA,113522.700,2520.064870,N,05128.161355,E,1,20,0.75,22.099,M,-24.283,M,,*62
$GNRMC,113522.700,A,2520.064870,N,05128.161355,E,0.010,234.60,200726,,,A,V*3B
$GNGLL,2520.064870,N,05128.161355,E,113522.700,A,A*45
$GNVTG,234.60,T,,M,0.010,N,0.019,K,A*29
$GNGGA,113522.800,2520.064870,N,05128.161355,E,1,20,0.75,22.099,M,-24.283,M,,*6D
$GNRMC,113522.800,A,2520.064870,N,05128.161355,E,0.008,234.60,200726,,,A,V*3D
$GNGLL,2520.064870,N,05128.161355,E,113522.800,A,A*4A
$GNVTG,234.60,T,,M,0.008,N,0.015,K,A*2C
$GNGGA,113522.900,2520.064870,N,05128.161355,E,1,20,0.75,22.099,M,-24.283,M,,*6C
$GNRMC,113522.900,A,2520.064870,N,05128.161355,E,0.008,234.60,200726,,,A,V*3C
$GNGLL,2520.064870,N,05128.161355,E,113522.900,A,A*4B
$GNVTG,234.60,T,,M,0.008,N,0.015,K,A*2C
$GNGGA,113523.000,2520.064870,N,05128.161354,E,1,20,0.75,22.099,M,-24.283,M,,*65
$GNRMC,113523.000,A,2520.064870,N,05128.161354,E,0.009,234.60,200726,,,A,V*34
$GNGLL,2520.064870,N,05128.161354,E,113523.000,A,A*42
$GNVTG,234.60,T,,M,0.009,N,0.016,K,A*2E
$GNGSA,A,3,02,03,04,09,16,26,28,31,,,,,1.70,0.75,1.53,1*05
$GNGSA,A,3,68,78,79,82,,,,,,,,,1.70,0.75,1.53,2*04
$GNGSA,A,3,19,23,,,,,,,,,,,1.70,0.75,1.53,3*09
$GNGSA,A,3,06,07,10,12,23,32,,,,,,,1.70,0.75,1.53,4*04
$GNGSA,A,3,,,,,,,,,,,,,1.70,0.75,1.53,5*06
$GPGSV,2,1,08,02,39,195,27,03,57,351,28,04,40,295,33,09,13,273,35,1*66
$GPGSV,2,2,08,16,20,135,34,26,31,103,33,28,17,039,24,31,46,043,39,1*60
$GPGSV,1,1,00,8*6D
$GLGSV,2,1,05,68,36,020,40,78,41,074,38,79,36,145,38,82,08,185,28,1*75
$GLGSV,2,2,05,83,,,22,1*76
$GAGSV,1,1,02,19,38,033,37,23,16,134,37,7*72
$GAGSV,1,1,00,1*75
$GBGSV,2,1,07,06,11,114,28,07,34,042,37,10,43,049,38,12,31,312,33,1*79
$GBGSV,2,2,07,20,,,28,23,27,054,31,32,40,056,39,1*72
$GBGSV,1,1,00,5*72
$GQGSV,1,1,00,1*65
$GQGSV,1,1,00,8*6C
$GNGGA,113523.100,2520.064870,N,05128.161354,E,1,20,0.75,22.099,M,-24.283,M,,*64
$GNRMC,113523.100,A,2520.064870,N,05128.161354,E,0.008,234.60,200726,,,A,V*34
$GNGLL,2520.064870,N,05128.161354,E,113523.100,A,A*43
$GNVTG,234.60,T,,M,0.008,N,0.015,K,A*2C
$GNGGA,113523.200,2520.064870,N,05128.161354,E,1,20,0.75,22.099,M,-24.283,M,,*67
$GNRMC,113523.200,A,2520.064870,N,05128.161354,E,0.005,234.60,200726,,,A,V*3A
$GNGLL,2520.064870,N,05128.161354,E,113523.200,A,A*40
$GNVTG,234.60,T,,M,0.005,N,0.009,K,A*2C
$GNGGA,113523.300,2520.064870,N,05128.161354,E,1,20,0.75,22.099,M,-24.283,M,,*66
$GNRMC,113523.300,A,2520.064870,N,05128.161354,E,0.006,234.60,200726,,,A,V*38
$GNGLL,2520.064870,N,05128.161354,E,113523.300,A,A*41
$GNVTG,234.60,T,,M,0.006,N,0.011,K,A*26
$GNGGA,113523.400,2520.064870,N,05128.161354,E,1,20,0.75,22.099,M,-24.283,M,,*61
$GNRMC,113523.400,A,2520.064870,N,05128.161354,E,0.005,234.60,200726,,,A,V*3C
$GNGLL,2520.064870,N,05128.161354,E,113523.400,A,A*46
$GNVTG,234.60,T,,M,0.005,N,0.009,K,A*2C
$GNGGA,113523.500,2520.064870,N,05128.161354,E,1,20,0.75,22.099,M,-24.283,M,,*60
$GNRMC,113523.500,A,2520.064870,N,05128.161354,E,0.005,234.60,200726,,,A,V*3D
$GNGLL,2520.064870,N,05128.161354,E,113523.500,A,A*47
$GNVTG,234.60,T,,M,0.005,N,0.009,K,A*2C
$GNGGA,113523.600,2520.064870,N,05128.161354,E,1,20,0.75,22.099,M,-24.283,M,,*63
$GNRMC,113523.600,A,2520.064870,N,05128.161354,E,0.006,234.60,200726,,,A,V*3D
$GNGLL,2520.064870,N,05128.161354,E,113523.600,A,A*44
$GNVTG,234.60,T,,M,0.006,N,0.011,K,A*26
$GNGGA,113523.700,2520.064870,N,05128.161354,E,1,20,0.75,22.099,M,-24.283,M,,*62
$GNRMC,113523.700,A,2520.064870,N,05128.161354,E,0.004,234.60,200726,,,A,V*3E
$GNGLL,2520.064870,N,05128.161354,E,113523.700,A,A*45
$GNVTG,234.60,T,,M,0.004,N,0.007,K,A*23
$GNGGA,113523.800,2520.064870,N,05128.161354,E,1,20,0.75,22.099,M,-24.283,M,,*6D
$GNRMC,113523.800,A,2520.064870,N,05128.161354,E,0.004,234.60,200726,,,A,V*31
$GNGLL,2520.064870,N,05128.161354,E,113523.800,A,A*4A
$GNVTG,234.60,T,,M,0.004,N,0.007,K,A*23
$GNGGA,113523.900,2520.064870,N,05128.161354,E,1,20,0.75,22.099,M,-24.283,M,,*6C
$GNRMC,113523.900,A,2520.064870,N,05128.161354,E,0.006,234.60,200726,,,A,V*32
$GNGLL,2520.064870,N,05128.161354,E,113523.900,A,A*4B
$GNVTG,234.60,T,,M,0.006,N,0.012,K,A*25
$GNGGA,113524.000,2520.064870,N,05128.161353,E,1,20,0.75,22.099,M,-24.283,M,,*65
$GNRMC,113524.000,A,2520.064870,N,05128.161353,E,0.008,234.60,200726,,,A,V*35
$GNGLL,2520.064870,N,05128.161353,E,113524.000,A,A*42
$GNVTG,234.60,T,,M,0.008,N,0.015,K,A*2C
$GNGSA,A,3,02,03,04,09,16,26,28,31,,,,,1.70,0.75,1.53,1*05
$GNGSA,A,3,68,78,79,82,,,,,,,,,1.70,0.75,1.53,2*04
$GNGSA,A,3,19,23,,,,,,,,,,,1.70,0.75,1.53,3*09
$GNGSA,A,3,06,07,10,12,23,32,,,,,,,1.70,0.75,1.53,4*04
$GNGSA,A,3,,,,,,,,,,,,,1.70,0.75,1.53,5*06
$GPGSV,2,1,08,02,39,195,28,03,57,351,28,04,40,295,34,09,13,273,35,1*6E
$GPGSV,2,2,08,16,20,135,33,26,31,103,32,28,17,039,23,31,46,043,39,1*61
$GPGSV,1,1,00,8*6D
$GLGSV,2,1,05,68,36,020,39,78,41,074,38,79,36,145,38,82,08,185,28,1*7B
$GLGSV,2,2,05,83,,,22,1*76
$GAGSV,1,1,02,19,38,033,37,23,16,134,37,7*72
$GAGSV,1,1,00,1*75
$GBGSV,2,1,07,06,11,114,28,07,34,042,38,10,43,049,38,12,31,312,33,1*76
$GBGSV,2,2,07,20,,,28,23,27,054,33,32,40,056,39,1*70
$GBGSV,1,1,00,5*72
$GQGSV,1,1,00,1*65
$GQGSV,1,1,00,8*6C
$GNGGA,113524.100,2520.064870,N,05128.161353,E,1,20,0.75,22.099,M,-24.283,M,,*64
$GNRMC,113524.100,A,2520.064870,N,05128.161353,E,0.008,234.60,200726,,,A,V*34
$GNGLL,2520.064870,N,05128.161353,E,113524.100,A,A*43
$GNVTG,234.60,T,,M,0.008,N,0.015,K,A*2C
$GNGGA,113524.200,2520.064870,N,05128.161353,E,1,20,0.75,22.099,M,-24.283,M,,*67
$GNRMC,113524.200,A,2520.064870,N,05128.161353,E,0.002,234.60,200726,,,A,V*3D
$GNGLL,2520.064870,N,05128.161353,E,113524.200,A,A*40
$GNVTG,234.60,T,,M,0.002,N,0.003,K,A*21
$GNGGA,113524.300,2520.064870,N,05128.161353,E,1,20,0.75,22.099,M,-24.283,M,,*66
$GNRMC,113524.300,A,2520.064870,N,05128.161353,E,0.005,234.60,200726,,,A,V*3B
$GNGLL,2520.064870,N,05128.161353,E,113524.300,A,A*41
$GNVTG,234.60,T,,M,0.005,N,0.010,K,A*24
$GNGGA,113524.400,2520.064869,N,05128.161353,E,1,20,0.75,22.099,M,-24.283,M,,*69
$GNRMC,113524.400,A,2520.064869,N,05128.161353,E,0.006,234.60,200726,,,A,V*37
$GNGLL,2520.064869,N,05128.161353,E,113524.400,A,A*4E
$GNVTG,234.60,T,,M,0.006,N,0.010,K,A*27
$GNGGA,113524.500,2520.064869,N,05128.161353,E,1,20,0.75,22.099,M,-24.283,M,,*68
$GNRMC,113524.500,A,2520.064869,N,05128.161353,E,0.004,234.60,200726,,,A,V*34
$GNGLL,2520.064869,N,05128.161353,E,113524.500,A,A*4F
$GNVTG,234.60,T,,M,0.004,N,0.008,K,A*2C
$GNGGA,113524.600,2520.064869,N,05128.161353,E,1,20,0.75,22.099,M,-24.283,M,,*6B
$GNRMC,113524.600,A,2520.064869,N,05128.161353,E,0.005,234.60,200726,,,A,V*36
$GNGLL,2520.064869,N,05128.161353,E,113524.600,A,A*4C
$GNVTG,234.60,T,,M,0.005,N,0.009,K,A*2C
$GNGGA,113524.700,2520.064869,N,05128.161353,E,1,20,0.75,22.099,M,-24.283,M,,*6A
$GNRMC,113524.700,A,2520.064869,N,05128.161353,E,0.004,234.60,200726,,,A,V*36
$GNGLL,2520.064869,N,05128.161353,E,113524.700,A,A*4D
$GNVTG,234.60,T,,M,0.004,N,0.008,K,A*2C
$GNGGA,113524.800,2520.064869,N,05128.161353,E,1,20,0.75,22.099,M,-24.283,M,,*65
$GNRMC,113524.800,A,2520.064869,N,05128.161353,E,0.007,234.60,200726,,,A,V*3A
$GNGLL,2520.064869,N,05128.161353,E,113524.800,A,A*42
$GNVTG,234.60,T,,M,0.007,N,0.014,K,A*22
$GNGGA,113524.900,2520.064869,N,05128.161352,E,1,20,0.75,22.099,M,-24.283,M,,*65
$GNRMC,113524.900,A,2520.064869,N,05128.161352,E,0.007,234.60,200726,,,A,V*3A
$GNGLL,2520.064869,N,05128.161352,E,113524.900,A,A*42
$GNVTG,234.60,T,,M,0.007,N,0.013,K,A*25
$GNGGA,113525.000,2520.064869,N,05128.161352,E,1,20,0.75,22.099,M,-24.283,M,,*6D
$GNRMC,113525.000,A,2520.064869,N,05128.161352,E,0.005,234.60,200726,,,A,V*30
$GNGLL,2520.064869,N,05128.161352,E,113525.000,A,A*4A
$GNVTG,234.60,T,,M,0.005,N,0.009,K,A*2C
$GNGSA,A,3,02,03,04,09,16,26,28,31,,,,,1.70,0.75,1.53,1*05
$GNGSA,A,3,68,78,79,82,,,,,,,,,1.70,0.75,1.53,2*04
$GNGSA,A,3,19,23,,,,,,,,,,,1.70,0.75,1.53,3*09
$GNGSA,A,3,06,07,10,12,23,32,,,,,,,1.70,0.75,1.53,4*04
$GNGSA,A,3,,,,,,,,,,,,,1.70,0.75,1.53,5*06
$GPGSV,2,1,08,02,39,195,27,03,57,351,27,04,40,295,34,09,13,273,35,1*6E
$GPGSV,2,2,08,16,21,135,34,26,31,103,32,28,17,039,21,31,46,043,39,1*65
$GPGSV,1,1,00,8*6D
$GLGSV,2,1,05,68,36,020,39,78,41,074,38,79,36,145,37,82,08,185,28,1*74
$GLGSV,2,2,05,83,,,22,1*76
$GAGSV,1,1,02,19,38,033,36,23,16,134,37,7*73
$GAGSV,1,1,00,1*75
$GBGSV,2,1,07,06,11,114,27,07,34,042,38,10,43,049,38,12,31,312,34,1*7E
$GBGSV,2,2,07,20,,,28,23,27,054,31,32,40,056,39,1*72
$GBGSV,1,1,00,5*72
$GQGSV,1,1,00,1*65
$GQGSV,1,1,00,8*6C
$GNGGA,113525.100,2520.064869,N,05128.161352,E,1,20,0.75,22.099,M,-24.283,M,,*6C
$GNRMC,113525.100,A,2520.064869,N,05128.161352,E,0.008,234.60,200726,,,A,V*3C
$GNGLL,2520.064869,N,05128.161352,E,113525.100,A,A*4B
$GNVTG,234.60,T,,M,0.008,N,0.015,K,A*2C
$GNGGA,113525.200,2520.064869,N,05128.161352,E,1,20,0.75,22.099,M,-24.283,M,,*6F
$GNRMC,113525.200,A,2520.064869,N,05128.161352,E,0.007,234.60,200726,,,A,V*30
$GNGLL,2520.064869,N,05128.161352,E,113525.200,A,A*48
$GNVTG,234.60,T,,M,0.007,N,0.012,K,A*24
$GNGGA,113525.300,2520.064869,N,05128.161352,E,1,20,0.75,22.099,M,-24.283,M,,*6E
$GNRMC,113525.300,A,2520.064869,N,05128.161352,E,0.005,234.60,200726,,,A,V*33
$GNGLL,2520.064869,N,05128.161352,E,113525.300,A,A*49
$GNVTG,234.60,T,,M,0.005,N,0.009,K,A*2C
$GNGGA,113525.400,2520.064869,N,05128.161352,E,1,20,0.75,22.099,M,-24.283,M,,*69
$GNRMC,113525.400,A,2520.064869,N,05128.161352,E,0.008,234.60,200726,,,A,V*39
$GNGLL,2520.064869,N,05128.161352,E,113525.400,A,A*4E
$GNVTG,234.60,T,,M,0.008,N,0.014,K,A*2D
$GNGGA,113525.500,2520.064869,N,05128.161352,E,1,20,0.75,22.099,M,-24.283,M,,*68
$GNRMC,113525.500,A,2520.064869,N,05128.161352,E,0.008,234.60,200726,,,A,V*38
$GNGLL,2520.064869,N,05128.161352,E,113525.500,A,A*4F
$GNVTG,234.60,T,,M,0.008,N,0.015,K,A*2C
$GNGGA,113525.600,2520.064869,N,05128.161352,E,1,20,0.75,22.099,M,-24.283,M,,*6B
$GNRMC,113525.600,A,2520.064869,N,05128.161352,E,0.004,234.60,200726,,,A,V*37
$GNGLL,2520.064869,N,05128.161352,E,113525.600,A,A*4C
$GNVTG,234.60,T,,M,0.004,N,0.008,K,A*2C
$GNGGA,113525.700,2520.064869,N,05128.161352,E,1,20,0.75,22.099,M,-24.283,M,,*6A
$GNRMC,113525.700,A,2520.064869,N,05128.161352,E,0.009,234.60,200726,,,A,V*3B
$GNGLL,2520.064869,N,05128.161352,E,113525.700,A,A*4D
$GNVTG,234.60,T,,M,0.009,N,0.016,K,A*2E
$GNGGA,113525.800,2520.064869,N,05128.161352,E,1,20,0.75,22.099,M,-24.283,M,,*65
$GNRMC,113525.800,A,2520.064869,N,05128.161352,E,0.007,234.60,200726,,,A,V*3A
$GNGLL,2520.064869,N,05128.161352,E,113525.800,A,A*42
$GNVTG,234.60,T,,M,0.007,N,0.014,K,A*22
$GNGGA,113525.900,2520.064869,N,05128.161352,E,1,20,0.75,22.099,M,-24.283,M,,*64
$GNRMC,113525.900,A,2520.064869,N,05128.161352,E,0.009,234.60,200726,,,A,V*35
$GNGLL,2520.064869,N,05128.161352,E,113525.900,A,A*43
$GNVTG,234.60,T,,M,0.009,N,0.017,K,A*2F
$GNGGA,113526.000,2520.064869,N,05128.161351,E,1,20,0.75,22.099,M,-24.283,M,,*6D
$GNRMC,113526.000,A,2520.064869,N,05128.161351,E,0.010,234.60,200726,,,A,V*34
$GNGLL,2520.064869,N,05128.161351,E,113526.000,A,A*4A
$GNVTG,234.60,T,,M,0.010,N,0.018,K,A*28
$GNGSA,A,3,02,03,04,09,16,26,28,31,,,,,1.70,0.75,1.53,1*05
$GNGSA,A,3,68,78,79,82,,,,,,,,,1.70,0.75,1.53,2*04
$GNGSA,A,3,19,23,,,,,,,,,,,1.70,0.75,1.53,3*09
$GNGSA,A,3,06,07,10,12,23,32,,,,,,,1.70,0.75,1.53,4*04
$GNGSA,A,3,,,,,,,,,,,,,1.70,0.75,1.53,5*06
$GPGSV,2,1,08,02,39,195,28,03,57,351,28,04,40,295,33,09,13,273,35,1*69
$GPGSV,2,2,08,16,21,135,33,26,31,103,32,28,17,039,26,31,46,043,40,1*6B
$GPGSV,1,1,00,8*6D
$GLGSV,2,1,05,68,36,020,41,78,41,074,39,79,36,145,37,82,08,185,27,1*75
$GLGSV,2,2,05,83,,,22,1*76
$GAGSV,1,1,02,19,38,033,36,23,16,134,37,7*73
$GAGSV,1,1,00,1*75
$GBGSV,2,1,07,06,11,114,30,07,34,042,38,10,43,049,38,12,31,312,34,1*78
$GBGSV,2,2,07,20,,,27,23,27,054,30,32,40,056,39,1*7C
$GBGSV,1,1,00,5*72
$GQGSV,1,1,00,1*65
$GQGSV,1,1,00,8*6C
$GNGGA,113526.100,2520.064869,N,05128.161351,E,1,20,0.75,22.099,M,-24.283,M,,*6C
$GNRMC,113526.100,A,2520.064869,N,05128.161351,E,0.007,234.60,200726,,,A,V*33
$GNGLL,2520.064869,N,05128.161351,E,113526.100,A,A*4B
$GNVTG,234.60,T,,M,0.007,N,0.014,K,A*22
$GNGGA,113526.200,2520.064869,N,05128.161351,E,1,20,0.75,22.099,M,-24.283,M,,*6F
$GNRMC,113526.200,A,2520.064869,N,05128.161351,E,0.007,234.60,200726,,,A,V*30
$GNGLL,2520.064869,N,05128.161351,E,113526.200,A,A*48
$GNVTG,234.60,T,,M,0.007,N,0.013,K,A*25
$GNGGA,113526.300,2520.064869,N,05128.161351,E,1,20,0.75,22.099,M,-24.283,M,,*6E
$GNRMC,113526.300,A,2520.064869,N,05128.161351,E,0.006,234.60,200726,,,A,V*30
$GNGLL,2520.064869,N,05128.161351,E,113526.300,A,A*49
$GNVTG,234.60,T,,M,0.006,N,0.012,K,A*25
$GNGGA,113526.400,2520.064869,N,05128.161351,E,1,20,0.75,22.099,M,-24.283,M,,*69
$GNRMC,113526.400,A,2520.064869,N,05128.161351,E,0.007,234.60,200726,,,A,V*36
$GNGLL,2520.064869,N,05128.161351,E,113526.400,A,A*4E
$GNVTG,234.60,T,,M,0.007,N,0.013,K,A*25
$GNGGA,113526.500,2520.064869,N,05128.161351,E,1,20,0.75,22.099,M,-24.283,M,,*68
$GNRMC,113526.500,A,2520.064869,N,05128.161351,E,0.007,234.60,200726,,,A,V*37
$GNGLL,2520.064869,N,05128.161351,E,113526.500,A,A*4F
$GNVTG,234.60,T,,M,0.007,N,0.013,K,A*25
$GNGGA,113526.600,2520.064869,N,05128.161351,E,1,20,0.75,22.099,M,-24.283,M,,*6B
$GNRMC,113526.600,A,2520.064869,N,05128.161351,E,0.008,234.60,200726,,,A,V*3B
$GNGLL,2520.064869,N,05128.161351,E,113526.600,A,A*4C
$GNVTG,234.60,T,,M,0.008,N,0.014,K,A*2D
$GNGGA,113526.700,2520.064869,N,05128.161350,E,1,20,0.75,22.099,M,-24.283,M,,*6B
$GNRMC,113526.700,A,2520.064869,N,05128.161350,E,0.011,234.60,200726,,,A,V*33
$GNGLL,2520.064869,N,05128.161350,E,113526.700,A,A*4C
$GNVTG,234.60,T,,M,0.011,N,0.021,K,A*23
$GNGGA,113526.800,2520.064869,N,05128.161350,E,1,20,0.75,22.099,M,-24.283,M,,*64
$GNRMC,113526.800,A,2520.064869,N,05128.161350,E,0.010,234.60,200726,,,A,V*3D
$GNGLL,2520.064869,N,05128.161350,E,113526.800,A,A*43
$GNVTG,234.60,T,,M,0.010,N,0.019,K,A*29
$GNGGA,113526.900,2520.064869,N,05128.161350,E,1,20,0.75,22.099,M,-24.283,M,,*65
$GNRMC,113526.900,A,2520.064869,N,05128.161350,E,0.009,234.60,200726,,,A,V*34
$GNGLL,2520.064869,N,05128.161350,E,113526.900,A,A*42
$GNVTG,234.60,T,,M,0.009,N,0.017,K,A*2F
$GNGGA,113527.000,2520.064869,N,05128.161350,E,1,20,0.75,22.099,M,-24.283,M,,*6D
$GNRMC,113527.000,A,2520.064869,N,05128.161350,E,0.011,234.60,200726,,,A,V*35
$GNGLL,2520.064869,N,05128.161350,E,113527.000,A,A*4A
$GNVTG,234.60,T,,M,0.011,N,0.020,K,A*22
$GNGSA,A,3,02,03,04,09,16,26,28,31,,,,,1.70,0.75,1.53,1*05
$GNGSA,A,3,68,78,79,82,,,,,,,,,1.70,0.75,1.53,2*04
$GNGSA,A,3,19,23,,,,,,,,,,,1.70,0.75,1.53,3*09
$GNGSA,A,3,06,07,10,12,23,32,,,,,,,1.70,0.75,1.53,4*04
$GNGSA,A,3,,,,,,,,,,,,,1.70,0.75,1.53,5*06
$GPGSV,2,1,08,02,39,195,29,03,57,351,27,04,40,295,33,09,13,273,35,1*67
$GPGSV,2,2,08,16,21,135,34,26,31,103,32,28,17,039,28,31,46,043,40,1*62
$GPGSV,1,1,00,8*6D
$GLGSV,2,1,05,68,36,020,39,78,41,074,39,79,36,145,37,82,08,185,27,1*7A
$GLGSV,2,2,05,83,,,20,1*74
$GAGSV,1,1,02,19,38,033,36,23,16,134,37,7*73
$GAGSV,1,1,00,1*75
$GBGSV,2,1,07,06,11,114,29,07,34,042,38,10,43,049,38,12,31,312,34,1*70
$GBGSV,2,2,07,20,,,27,23,27,054,30,32,40,056,39,1*7C
$GBGSV,1,1,00,5*72
$GQGSV,1,1,00,1*65
$GQGSV,1,1,00,8*6C
$GNGGA,113527.100,2520.064869,N,05128.161349,E,1,20,0.75,22.099,M,-24.283,M,,*64
$GNRMC,113527.100,A,2520.064869,N,05128.161349,E,0.011,234.60,200726,,,A,V*3C
$GNGLL,2520.064869,N,05128.161349,E,113527.100,A,A*43
$GNVTG,234.60,T,,M,0.011,N,0.020,K,A*22
$GNGGA,113527.200,2520.064869,N,05128.161349,E,1,20,0.75,22.099,M,-24.283,M,,*67
$GNRMC,113527.200,A,2520.064869,N,05128.161349,E,0.009,234.60,200726,,,A,V*36
$GNGLL,2520.064869,N,05128.161349,E,113527.200,A,A*40
$GNVTG,234.60,T,,M,0.009,N,0.017,K,A*2F
$GNGGA,113527.300,2520.064869,N,05128.161349,E,1,20,0.75,22.099,M,-24.283,M,,*66
$GNRMC,113527.300,A,2520.064869,N,05128.161349,E,0.006,234.60,200726,,,A,V*38
$GNGLL,2520.064869,N,05128.161349,E,113527.300,A,A*41
$GNVTG,234.60,T,,M,0.006,N,0.012,K,A*25
$GNGGA,113527.400,2520.064869,N,05128.161349,E,1,20,0.75,22.099,M,-24.283,M,,*61
$GNRMC,113527.400,A,2520.064869,N,05128.161349,E,0.009,234.60,200726,,,A,V*30
$GNGLL,2520.064869,N,05128.161349,E,113527.400,A,A*46
$GNVTG,234.60,T,,M,0.009,N,0.017,K,A*2F
$GNGGA,113527.500,2520.064869,N,05128.161349,E,1,20,0.75,22.099,M,-24.283,M,,*60
$GNRMC,113527.500,A,2520.064869,N,05128.161349,E,0.009,234.60,200726,,,A,V*31
$GNGLL,2520.064869,N,05128.161349,E,113527.500,A,A*47
$GNVTG,234.60,T,,M,0.009,N,0.017,K,A*2F
$GNGGA,113527.600,2520.064869,N,05128.161349,E,1,20,0.75,22.099,M,-24.283,M,,*63
$GNRMC,113527.600,A,2520.064869,N,05128.161349,E,0.007,234.60,200726,,,A,V*3C
$GNGLL,2520.064869,N,05128.161349,E,113527.600,A,A*44
$GNVTG,234.60,T,,M,0.007,N,0.012,K,A*24
$GNGGA,113527.700,2520.064868,N,05128.161349,E,1,20,0.75,22.099,M,-24.283,M,,*63
$GNRMC,113527.700,A,2520.064868,N,05128.161349,E,0.005,234.60,200726,,,A,V*3E
$GNGLL,2520.064868,N,05128.161349,E,113527.700,A,A*44
$GNVTG,234.60,T,,M,0.005,N,0.009,K,A*2C
$GNGGA,113527.800,2520.064868,N,05128.161349,E,1,20,0.75,22.099,M,-24.283,M,,*6C
$GNRMC,113527.800,A,2520.064868,N,05128.161349,E,0.007,234.60,200726,,,A,V*33
$GNGLL,2520.064868,N,05128.161349,E,113527.800,A,A*4B
$GNVTG,234.60,T,,M,0.007,N,0.013,K,A*25
$GNGGA,113527.900,2520.064868,N,05128.161349,E,1,20,0.75,22.099,M,-24.283,M,,*6D
$GNRMC,113527.900,A,2520.064868,N,05128.161349,E,0.005,234.60,200726,,,A,V*30
$GNGLL,2520.064868,N,05128.161349,E,113527.900,A,A*4A
$GNVTG,234.60,T,,M,0.005,N,0.009,K,A*2C
$GNGGA,113528.000,2520.064868,N,05128.161348,E,1,20,0.75,22.098,M,-24.283,M,,*6B
$GNRMC,113528.000,A,2520.064868,N,05128.161348,E,0.007,234.60,200726,,,A,V*35
$GNGLL,2520.064868,N,05128.161348,E,113528.000,A,A*4D
$GNVTG,234.60,T,,M,0.007,N,0.014,K,A*22
$GNGSA,A,3,02,03,04,09,16,26,28,31,,,,,1.70,0.75,1.53,1*05
$GNGSA,A,3,68,78,79,82,,,,,,,,,1.70,0.75,1.53,2*04
$GNGSA,A,3,19,23,,,,,,,,,,,1.70,0.75,1.53,3*09
$GNGSA,A,3,06,07,10,12,23,32,,,,,,,1.70,0.75,1.53,4*04
$GNGSA,A,3,,,,,,,,,,,,,1.70,0.75,1.53,5*06
$GPGSV,2,1,08,02,39,195,30,03,57,351,28,04,40,295,32,09,13,273,35,1*61
$GPGSV,2,2,08,16,21,135,33,26,31,103,34,28,17,039,28,31,46,043,40,1*63
$GPGSV,1,1,00,8*6D
$GLGSV,2,1,05,68,36,020,39,78,41,074,39,79,36,145,37,82,08,185,28,1*75
$GLGSV,2,2,05,83,,,20,1*74
$GAGSV,1,1,02,19,38,033,36,23,16,134,37,7*73
$GAGSV,1,1,00,1*75
$GBGSV,2,1,07,06,11,114,29,07,34,042,37,10,43,049,38,12,31,312,33,1*78
$GBGSV,2,2,07,20,,,27,23,27,054,29,32,40,056,38,1*75
$GBGSV,1,1,00,5*72
$GQGSV,1,1,00,1*65
$GQGSV,1,1,00,8*6C
$GNGGA,113528.100,2520.064868,N,05128.161348,E,1,20,0.75,22.098,M,-24.283,M,,*6A
$GNRMC,113528.100,A,2520.064868,N,05128.161348,E,0.006,234.60,200726,,,A,V*35
$GNGLL,2520.064868,N,05128.161348,E,113528.100,A,A*4C
$GNVTG,234.60,T,,M,0.006,N,0.012,K,A*25
$GNGGA,113528.200,2520.064868,N,05128.161348,E,1,20,0.75,22.098,M,-24.283,M,,*69
$GNRMC,113528.200,A,2520.064868,N,05128.161348,E,0.005,234.60,200726,,,A,V*35
$GNGLL,2520.064868,N,05128.161348,E,113528.200,A,A*4F
$GNVTG,234.60,T,,M,0.005,N,0.008,K,A*2D
$GNGGA,113528.300,2520.064868,N,05128.161348,E,1,20,0.75,22.098,M,-24.283,M,,*68
$GNRMC,113528.300,A,2520.064868,N,05128.161348,E,0.007,234.60,200726,,,A,V*36
$GNGLL,2520.064868,N,05128.161348,E,113528.300,A,A*4E
$GNVTG,234.60,T,,M,0.007,N,0.013,K,A*25
$GNGGA,113528.400,2520.064868,N,05128.161348,E,1,20,0.75,22.098,M,-24.283,M,,*6F
$GNRMC,113528.400,A,2520.064868,N,05128.161348,E,0.007,234.60,200726,,,A,V*31
$GNGLL,2520.064868,N,05128.161348,E,113528.400,A,A*49
$GNVTG,234.60,T,,M,0.007,N,0.014,K,A*22
$GNGGA,113528.500,2520.064868,N,05128.161348,E,1,20,0.75,22.098,M,-24.283,M,,*6E
$GNRMC,113528.500,A,2520.064868,N,05128.161348,E,0.006,234.60,200726,,,A,V*31
$GNGLL,2520.064868,N,05128.161348,E,113528.500,A,A*48
$GNVTG,234.60,T,,M,0.006,N,0.011,K,A*26
$GNGGA,113528.600,2520.064868,N,05128.161348,E,1,20,0.75,22.098,M,-24.283,M,,*6D
$GNRMC,113528.600,A,2520.064868,N,05128.161348,E,0.006,234.60,200726,,,A,V*32
$GNGLL,2520.064868,N,05128.161348,E,113528.600,A,A*4B
$GNVTG,234.60,T,,M,0.006,N,0.011,K,A*26
$GNGGA,113528.700,2520.064868,N,05128.161348,E,1,20,0.75,22.098,M,-24.283,M,,*6C
$GNRMC,113528.700,A,2520.064868,N,05128.161348,E,0.007,234.60,200726,,,A,V*32
$GNGLL,2520.064868,N,05128.161348,E,113528.700,A,A*4A
$GNVTG,234.60,T,,M,0.007,N,0.014,K,A*22
$GNGGA,113528.800,2520.064867,N,05128.161347,E,1,20,0.75,22.098,M,-24.283,M,,*63
$GNRMC,113528.800,A,2520.064867,N,05128.161347,E,0.006,234.60,200726,,,A,V*3C
$GNGLL,2520.064867,N,05128.161347,E,113528.800,A,A*45
$GNVTG,234.60,T,,M,0.006,N,0.011,K,A*26
$GNGGA,113528.900,2520.064867,N,05128.161347,E,1,20,0.75,22.098,M,-24.283,M,,*62
$GNRMC,113528.900,A,2520.064867,N,05128.161347,E,0.007,234.60,200726,,,A,V*3C
$GNGLL,2520.064867,N,05128.161347,E,113528.900,A,A*44
$GNVTG,234.60,T,,M,0.007,N,0.014,K,A*22
$GNGGA,113529.000,2520.064867,N,05128.161347,E,1,20,0.75,22.098,M,-24.283,M,,*6A
$GNRMC,113529.000,A,2520.064867,N,05128.161347,E,0.005,234.60,200726,,,A,V*36
$GNGLL,2520.064867,N,05128.161347,E,113529.000,A,A*4C
$GNVTG,234.60,T,,M,0.005,N,0.010,K,A*24
$GNGSA,A,3,02,03,04,09,16,26,28,31,,,,,1.70,0.75,1.53,1*05
$GNGSA,A,3,68,78,79,82,,,,,,,,,1.70,0.75,1.53,2*04
$GNGSA,A,3,19,23,,,,,,,,,,,1.70,0.75,1.53,3*09
$GNGSA,A,3,06,07,10,12,23,32,,,,,,,1.70,0.75,1.53,4*04
$GNGSA,A,3,,,,,,,,,,,,,1.70,0.75,1.53,5*06
$GPGSV,2,1,08,02,39,195,29,03,57,351,28,04,40,295,32,09,13,273,35,1*69
$GPGSV,2,2,08,16,21,135,35,26,31,103,32,28,17,039,29,31,46,043,41,1*63
$GPGSV,1,1,00,8*6D
$GLGSV,2,1,05,68,36,020,40,78,41,074,38,79,36,145,37,82,08,185,29,1*7B
$GLGSV,2,2,05,83,,,20,1*74
$GAGSV,1,1,02,19,38,033,37,23,16,134,36,7*73
$GAGSV,1,1,00,1*75
$GBGSV,2,1,07,06,11,114,28,07,34,042,38,10,43,049,39,12,31,312,33,1*77
$GBGSV,2,2,07,20,,,26,23,27,054,28,32,40,056,39,1*74
$GBGSV,1,1,00,5*72
$GQGSV,1,1,00,1*65
$GQGSV,1,1,00,8*6C
$GNGGA,113529.100,2520.064867,N,05128.161347,E,1,20,0.75,22.098,M,-24.283,M,,*6B
$GNRMC,113529.100,A,2520.064867,N,05128.161347,E,0.008,234.60,200726,,,A,V*3A
$GNGLL,2520.064867,N,05128.161347,E,113529.100,A,A*4D
$GNVTG,234.60,T,,M,0.008,N,0.014,K,A*2D
$GNGGA,113529.200,2520.064867,N,05128.161347,E,1,20,0.75,22.098,M,-24.283,M,,*68
$GNRMC,113529.200,A,2520.064867,N,05128.161347,E,0.006,234.60,200726,,,A,V*37
$GNGLL,2520.064867,N,05128.161347,E,113529.200,A,A*4E
$GNVTG,234.60,T,,M,0.006,N,0.012,K,A*25
$GNGGA,113529.300,2520.064867,N,05128.161347,E,1,20,0.75,22.098,M,-24.283,M,,*69
$GNRMC,113529.300,A,2520.064867,N,05128.161347,E,0.005,234.60,200726,,,A,V*35
$GNGLL,2520.064867,N,05128.161347,E,113529.300,A,A*4F
$GNVTG,234.60,T,,M,0.005,N,0.008,K,A*2D
$GNGGA,113529.400,2520.064867,N,05128.161347,E,1,20,0.75,22.098,M,-24.283,M,,*6E
$GNRMC,113529.400,A,2520.064867,N,05128.161347,E,0.004,234.60,200726,,,A,V*33
$GNGLL,2520.064867,N,05128.161347,E,113529.400,A,A*48
$GNVTG,234.60,T,,M,0.004,N,0.008,K,A*2C
$GNGGA,113529.500,2520.064867,N,05128.161347,E,1,20,0.75,22.098,M,-24.283,M,,*6F
$GNRMC,113529.500,A,2520.064867,N,05128.161347,E,0.006,234.60,200726,,,A,V*30
$GNGLL,2520.064867,N,05128.161347,E,113529.500,A,A*49
$GNVTG,234.60,T,,M,0.006,N,0.012,K,A*25
$GNGGA,113529.600,2520.064867,N,05128.161347,E,1,20,0.75,22.098,M,-24.283,M,,*6C
$GNRMC,113529.600,A,2520.064867,N,05128.161347,E,0.006,234.60,200726,,,A,V*33
$GNGLL,2520.064867,N,05128.161347,E,113529.600,A,A*4A
$GNVTG,234.60,T,,M,0.006,N,0.010,K,A*27
$GNGGA,113529.700,2520.064867,N,05128.161347,E,1,20,0.75,22.098,M,-24.283,M,,*6D
$GNRMC,113529.700,A,2520.064867,N,05128.161347,E,0.006,234.60,200726,,,A,V*32
$GNGLL,2520.064867,N,05128.161347,E,113529.700,A,A*4B
$GNVTG,234.60,T,,M,0.006,N,0.012,K,A*25
$GNGGA,113529.800,2520.064866,N,05128.161347,E,1,20,0.75,22.098,M,-24.283,M,,*63
$GNRMC,113529.800,A,2520.064866,N,05128.161347,E,0.006,234.60,200726,,,A,V*3C
$GNGLL,2520.064866,N,05128.161347,E,113529.800,A,A*45
$GNVTG,234.60,T,,M,0.006,N,0.010,K,A*27
$GNGGA,113529.900,2520.064866,N,05128.161347,E,1,20,0.75,22.098,M,-24.283,M,,*62
$GNRMC,113529.900,A,2520.064866,N,05128.161347,E,0.006,234.60,200726,,,A,V*3D
$GNGLL,2520.064866,N,05128.161347,E,113529.900,A,A*44
$GNVTG,234.60,T,,M,0.006,N,0.010,K,A*27
$GNGGA,113530.000,2520.064866,N,05128.161347,E,1,20,0.75,22.098,M,-24.283,M,,*63
$GNRMC,113530.000,A,2520.064866,N,05128.161347,E,0.008,234.60,200726,,,A,V*32
$GNGLL,2520.064866,N,05128.161347,E,113530.000,A,A*45
$GNVTG,234.60,T,,M,0.008,N,0.016,K,A*2F
$GNGSA,A,3,02,03,04,09,16,26,28,31,,,,,1.70,0.75,1.53,1*05
$GNGSA,A,3,68,78,79,82,,,,,,,,,1.70,0.75,1.53,2*04
$GNGSA,A,3,19,23,,,,,,,,,,,1.70,0.75,1.53,3*09
$GNGSA,A,3,06,07,10,12,23,32,,,,,,,1.70,0.75,1.53,4*04
$GNGSA,A,3,,,,,,,,,,,,,1.70,0.75,1.53,5*06
$GPGSV,2,1,08,02,39,195,28,03,57,351,28,04,40,295,33,09,13,273,35,1*69
$GPGSV,2,2,08,16,21,135,34,26,31,103,31,28,17,039,24,31,46,043,39,1*63
$GPGSV,1,1,00,8*6D
$GLGSV,2,1,05,68,36,020,39,78,41,074,40,79,36,145,36,82,08,185,28,1*7A
$GLGSV,2,2,05,83,,,22,1*76
$GAGSV,1,1,02,19,38,033,37,23,16,134,37,7*72
$GAGSV,1,1,00,1*75
$GBGSV,2,1,07,06,11,114,32,07,34,042,39,10,43,049,38,12,31,312,34,1*7B
$GBGSV,2,2,07,20,,,28,23,27,054,33,32,40,056,38,1*71
$GBGSV,1,1,00,5*72
$GQGSV,1,1,00,1*65
$GQGSV,1,1,00,8*6C
$GNGGA,113530.100,2520.064866,N,05128.161347,E,1,20,0.75,22.098,M,-24.283,M,,*62
$GNRMC,113530.100,A,2520.064866,N,05128.161347,E,0.008,234.60,200726,,,A,V*33
$GNGLL,2520.064866,N,05128.161347,E,113530.100,A,A*44
$GNVTG,234.60,T,,M,0.008,N,0.014,K,A*2D
$GNGGA,113530.200,2520.064866,N,05128.161347,E,1,20,0.75,22.098,M,-24.283,M,,*61
$GNRMC,113530.200,A,2520.064866,N,05128.161347,E,0.003,234.60,200726,,,A,V*3B
$GNGLL,2520.064866,N,05128.161347,E,113530.200,A,A*47
$GNVTG,234.60,T,,M,0.003,N,0.006,K,A*25
$GNGGA,113530.300,2520.064866,N,05128.161346,E,1,20,0.75,22.098,M,-24.283,M,,*61
$GNRMC,113530.300,A,2520.064866,N,05128.161346,E,0.005,234.60,200726,,,A,V*3D
$GNGLL,2520.064866,N,05128.161346,E,113530.300,A,A*47
$GNVTG,234.60,T,,M,0.005,N,0.010,K,A*24
$GNGGA,113530.400,2520.064866,N,05128.161346,E,1,20,0.75,22.098,M,-24.283,M,,*66
$GNRMC,113530.400,A,2520.064866,N,05128.161346,E,0.005,234.60,200726,,,A,V*3A
$GNGLL,2520.064866,N,05128.161346,E,113530.400,A,A*40
$GNVTG,234.60,T,,M,0.005,N,0.010,K,A*24
$GNGGA,113530.500,2520.064866,N,05128.161346,E,1,20,0.75,22.098,M,-24.283,M,,*67
$GNRMC,113530.500,A,2520.064866,N,05128.161346,E,0.005,234.60,200726,,,A,V*3B
$GNGLL,2520.064866,N,05128.161346,E,113530.500,A,A*41
$GNVTG,234.60,T,,M,0.005,N,0.009,K,A*2C
$GNGGA,113530.600,2520.064866,N,05128.161346,E,1,20,0.75,22.098,M,-24.283,M,,*64
$GNRMC,113530.600,A,2520.064866,N,05128.161346,E,0.005,234.60,200726,,,A,V*38
$GNGLL,2520.064866,N,05128.161346,E,113530.600,A,A*42
$GNVTG,234.60,T,,M,0.005,N,0.009,K,A*2C
$GNGGA,113530.700,2520.064866,N,05128.161346,E,1,20,0.75,22.098,M,-24.283,M,,*65
$GNRMC,113530.700,A,2520.064866,N,05128.161346,E,0.005,234.60,200726,,,A,V*39
$GNGLL,2520.064866,N,05128.161346,E,113530.700,A,A*43
$GNVTG,234.60,T,,M,0.005,N,0.009,K,A*2C
$GNGGA,113530.800,2520.064865,N,05128.161346,E,1,20,0.75,22.097,M,-24.283,M,,*66
$GNRMC,113530.800,A,2520.064865,N,05128.161346,E,0.008,234.60,200726,,,A,V*38
$GNGLL,2520.064865,N,05128.161346,E,113530.800,A,A*4F
$GNVTG,234.60,T,,M,0.008,N,0.015,K,A*2C
$GNGGA,113530.900,2520.064865,N,05128.161346,E,1,20,0.75,22.097,M,-24.283,M,,*67
$GNRMC,113530.900,A,2520.064865,N,05128.161346,E,0.009,234.60,200726,,,A,V*38
$GNGLL,2520.064865,N,05128.161346,E,113530.900,A,A*4E
$GNVTG,234.60,T,,M,0.009,N,0.016,K,A*2E
$GNGGA,113531.000,2520.064865,N,05128.161346,E,1,20,0.75,22.097,M,-24.283,M,,*6F
$GNRMC,113531.000,A,2520.064865,N,05128.161346,E,0.007,234.60,200726,,,A,V*3E
$GNGLL,2520.064865,N,05128.161346,E,113531.000,A,A*46
$GNVTG,234.60,T,,M,0.007,N,0.013,K,A*25
$GNGSA,A,3,02,03,04,09,16,26,28,31,,,,,1.70,0.75,1.53,1*05
$GNGSA,A,3,68,78,79,82,,,,,,,,,1.70,0.75,1.53,2*04
$GNGSA,A,3,19,23,,,,,,,,,,,1.70,0.75,1.53,3*09
$GNGSA,A,3,06,07,10,12,23,32,,,,,,,1.70,0.75,1.53,4*04
$GNGSA,A,3,,,,,,,,,,,,,1.70,0.75,1.53,5*06
$GPGSV,2,1,08,02,39,195,27,03,57,351,28,04,40,295,33,09,13,273,35,1*66
$GPGSV,2,2,08,16,21,135,34,26,31,103,32,28,17,039,23,31,46,043,40,1*69
$GPGSV,1,1,00,8*6D
$GLGSV,2,1,05,68,36,020,39,78,41,074,39,79,36,145,36,82,08,185,29,1*75
$GLGSV,2,2,05,83,,,21,1*75
$GAGSV,1,1,02,19,38,033,37,23,16,134,37,7*72
$GAGSV,1,1,00,1*75
$GBGSV,2,1,07,06,11,114,31,07,34,042,39,10,43,048,39,12,31,312,34,1*78
$GBGSV,2,2,07,20,,,27,23,27,054,31,32,40,056,39,1*7D
$GBGSV,1,1,00,5*72
$GQGSV,1,1,00,1*65
$GQGSV,1,1,00,8*6C
$GNGGA,113531.100,2520.064865,N,05128.161346,E,1,20,0.75,22.097,M,-24.283,M,,*6E
$GNRMC,113531.100,A,2520.064865,N,05128.161346,E,0.009,234.60,200726,,,A,V*31
$GNGLL,2520.064865,N,05128.161346,E,113531.100,A,A*47
$GNVTG,234.60,T,,M,0.009,N,0.017,K,A*2F
$GNGGA,113531.200,2520.064865,N,05128.161346,E,1,20,0.75,22.097,M,-24.283,M,,*6D
$GNRMC,113531.200,A,2520.064865,N,05128.161346,E,0.009,234.60,200726,,,A,V*32
$GNGLL,2520.064865,N,05128.161346,E,113531.200,A,A*44
$GNVTG,234.60,T,,M,0.009,N,0.017,K,A*2F
$GNGGA,113531.300,2520.064865,N,05128.161346,E,1,20,0.75,22.097,M,-24.283,M,,*6C
$GNRMC,113531.300,A,2520.064865,N,05128.161346,E,0.007,234.60,200726,,,A,V*3D
$GNGLL,2520.064865,N,05128.161346,E,113531.300,A,A*45
$GNVTG,234.60,T,,M,0.007,N,0.012,K,A*24
$GNGGA,113531.400,2520.064865,N,05128.161345,E,1,20,0.75,22.097,M,-24.283,M,,*68
$GNRMC,113531.400,A,2520.064865,N,05128.161345,E,0.006,234.60,200726,,,A,V*38
$GNGLL,2520.064865,N,05128.161345,E,113531.400,A,A*41
$GNVTG,234.60,T,,M,0.006,N,0.012,K,A*25
$GNGGA,113531.500,2520.064865,N,05128.161345,E,1,20,0.75,22.097,M,-24.283,M,,*69
$GNRMC,113531.500,A,2520.064865,N,05128.161345,E,0.005,234.60,200726,,,A,V*3A
$GNGLL,2520.064865,N,05128.161345,E,113531.500,A,A*40
$GNVTG,234.60,T,,M,0.005,N,0.010,K,A*24
$GNGGA,113531.600,2520.064865,N,05128.161345,E,1,20,0.75,22.097,M,-24.283,M,,*6A
$GNRMC,113531.600,A,2520.064865,N,05128.161345,E,0.004,234.60,200726,,,A,V*38
$GNGLL,2520.064865,N,05128.161345,E,113531.600,A,A*43
$GNVTG,234.60,T,,M,0.004,N,0.008,K,A*2C
$GNGGA,113531.700,2520.064864,N,05128.161345,E,1,20,0.75,22.097,M,-24.283,M,,*6A
$GNRMC,113531.700,A,2520.064864,N,05128.161345,E,0.004,234.60,200726,,,A,V*38
$GNGLL,2520.064864,N,05128.161345,E,113531.700,A,A*43
$GNVTG,234.60,T,,M,0.004,N,0.007,K,A*23
$GNGGA,113531.800,2520.064864,N,05128.161345,E,1,20,0.75,22.097,M,-24.283,M,,*65
$GNRMC,113531.800,A,2520.064864,N,05128.161345,E,0.004,234.60,200726,,,A,V*37
$GNGLL,2520.064864,N,05128.161345,E,113531.800,A,A*4C
$GNVTG,234.60,T,,M,0.004,N,0.008,K,A*2C
$GNGGA,113531.900,2520.064864,N,05128.161345,E,1,20,0.75,22.097,M,-24.283,M,,*64
$GNRMC,113531.900,A,2520.064864,N,05128.161345,E,0.004,234.60,200726,,,A,V*36
$GNGLL,2520.064864,N,05128.161345,E,113531.900,A,A*4D
$GNVTG,234.60,T,,M,0.004,N,0.008,K,A*2C
$GNGGA,113532.000,2520.064864,N,05128.161345,E,1,20,0.75,22.097,M,-24.283,M,,*6E
$GNRMC,113532.000,A,2520.064864,N,05128.161345,E,0.006,234.60,200726,,,A,V*3E
$GNGLL,2520.064864,N,05128.161345,E,113532.000,A,A*47
$GNVTG,234.60,T,,M,0.006,N,0.011,K,A*26
$GNGSA,A,3,02,03,04,09,16,26,28,31,,,,,1.70,0.75,1.53,1*05
$GNGSA,A,3,68,78,79,82,,,,,,,,,1.70,0.75,1.53,2*04
$GNGSA,A,3,19,23,,,,,,,,,,,1.70,0.75,1.53,3*09
$GNGSA,A,3,06,07,10,12,23,32,,,,,,,1.70,0.75,1.53,4*04
$GNGSA,A,3,,,,,,,,,,,,,1.70,0.75,1.53,5*06
$GPGSV,2,1,08,02,39,195,25,03,57,351,29,04,40,295,33,09,13,273,35,1*65
$GPGSV,2,2,08,16,21,135,34,26,31,103,31,28,17,039,23,31,46,043,40,1*6A
$GPGSV,1,1,00,8*6D
$GLGSV,2,1,05,68,36,020,40,78,41,074,39,79,36,145,36,82,08,185,29,1*7B
$GLGSV,2,2,05,83,,,23,1*77
$GAGSV,1,1,02,19,38,033,37,23,16,134,36,7*73
$GAGSV,1,1,00,1*75
$GBGSV,2,1,07,06,11,114,31,07,34,042,39,10,43,048,38,12,31,312,34,1*79
$GBGSV,2,2,07,20,,,27,23,27,054,30,32,40,056,39,1*7C
$GBGSV,1,1,00,5*72
$GQGSV,1,1,00,1*65
$GQGSV,1,1,00,8*6C
$GNGGA,113532.100,2520.064864,N,05128.161345,E,1,20,0.75,22.097,M,-24.283,M,,*6F
$GNRMC,113532.100,A,2520.064864,N,05128.161345,E,0.004,234.60,200726,,,A,V*3D
$GNGLL,2520.064864,N,05128.161345,E,113532.100,A,A*46
$GNVTG,234.60,T,,M,0.004,N,0.007,K,A*23
$GNGGA,113532.200,2520.064864,N,05128.161345,E,1,20,0.75,22.097,M,-24.283,M,,*6C
$GNRMC,113532.200,A,2520.064864,N,05128.161345,E,0.006,234.60,200726,,,A,V*3C
$GNGLL,2520.064864,N,05128.161345,E,113532.200,A,A*45
$GNVTG,234.60,T,,M,0.006,N,0.011,K,A*26
$GNGGA,113532.300,2520.064864,N,05128.161345,E,1,20,0.75,22.097,M,-24.283,M,,*6D
$GNRMC,113532.300,A,2520.064864,N,05128.161345,E,0.003,234.60,200726,,,A,V*38
$GNGLL,2520.064864,N,05128.161345,E,113532.300,A,A*44
$GNVTG,234.60,T,,M,0.003,N,0.006,K,A*25
$GNGGA,113532.400,2520.064864,N,05128.161345,E,1,20,0.75,22.097,M,-24.283,M,,*6A
$GNRMC,113532.400,A,2520.064864,N,05128.161345,E,0.004,234.60,200726,,,A,V*38
$GNGLL,2520.064864,N,05128.161345,E,113532.400,A,A*43
$GNVTG,234.60,T,,M,0.004,N,0.007,K,A*23
$GNGGA,113532.500,2520.064864,N,05128.161345,E,1,20,0.75,22.097,M,-24.283,M,,*6B
$GNRMC,113532.500,A,2520.064864,N,05128.161345,E,0.005,234.60,200726,,,A,V*38
$GNGLL,2520.064864,N,05128.161345,E,113532.500,A,A*42
$GNVTG,234.60,T,,M,0.005,N,0.010,K,A*24
$GNGGA,113532.600,2520.064864,N,05128.161345,E,1,20,0.75,22.097,M,-24.283,M,,*68
$GNRMC,113532.600,A,2520.064864,N,05128.161345,E,0.010,234.60,200726,,,A,V*3F
$GNGLL,2520.064864,N,05128.161345,E,113532.600,A,A*41
$GNVTG,234.60,T,,M,0.010,N,0.018,K,A*28
$GNGGA,113532.700,2520.064864,N,05128.161345,E,1,20,0.75,22.097,M,-24.283,M,,*69
$GNRMC,113532.700,A,2520.064864,N,05128.161345,E,0.006,234.60,200726,,,A,V*39
$GNGLL,2520.064864,N,05128.161345,E,113532.700,A,A*40
$GNVTG,234.60,T,,M,0.006,N,0.012,K,A*25
$GNGGA,113532.800,2520.064863,N,05128.161345,E,1,20,0.75,22.096,M,-24.283,M,,*60
$GNRMC,113532.800,A,2520.064863,N,05128.161345,E,0.007,234.60,200726,,,A,V*30
$GNGLL,2520.064863,N,05128.161345,E,113532.800,A,A*48
$GNVTG,234.60,T,,M,0.007,N,0.013,K,A*25
$GNGGA,113532.900,2520.064863,N,05128.161345,E,1,20,0.75,22.096,M,-24.283,M,,*61
$GNRMC,113532.900,A,2520.064863,N,05128.161345,E,0.006,234.60,200726,,,A,V*30
$GNGLL,2520.064863,N,05128.161345,E,113532.900,A,A*49
$GNVTG,234.60,T,,M,0.006,N,0.011,K,A*26
$GNGGA,113533.000,2520.064863,N,05128.161345,E,1,20,0.75,22.096,M,-24.283,M,,*69
$GNRMC,113533.000,A,2520.064863,N,05128.161345,E,0.007,234.60,200726,,,A,V*39
$GNGLL,2520.064863,N,05128.161345,E,113533.000,A,A*41
$GNVTG,234.60,T,,M,0.007,N,0.012,K,A*24
$GNGSA,A,3,02,03,04,09,16,26,28,31,,,,,1.70,0.75,1.53,1*05
$GNGSA,A,3,68,78,79,82,,,,,,,,,1.70,0.75,1.53,2*04
$GNGSA,A,3,19,23,,,,,,,,,,,1.70,0.75,1.53,3*09
$GNGSA,A,3,06,07,10,12,23,32,,,,,,,1.70,0.75,1.53,4*04
$GNGSA,A,3,,,,,,,,,,,,,1.70,0.75,1.53,5*06
$GPGSV,2,1,08,02,39,195,27,03,57,351,28,04,40,295,32,09,13,273,35,1*67
$GPGSV,2,2,08,16,21,135,34,26,31,103,32,28,17,039,24,31,46,043,40,1*6E
$GPGSV,1,1,00,8*6D
$GLGSV,2,1,05,68,36,020,39,78,41,074,39,79,36,145,36,82,08,185,28,1*74
$GLGSV,2,2,05,83,,,22,1*76
$GAGSV,1,1,02,19,38,033,37,23,16,134,36,7*73
$GAGSV,1,1,00,1*75
$GBGSV,2,1,07,06,11,114,30,07,34,042,39,10,43,048,39,12,31,312,35,1*78
$GBGSV,2,2,07,20,,,28,23,27,054,32,32,40,056,39,1*71
$GBGSV,1,1,00,5*72
$GQGSV,1,1,00,1*65
$GQGSV,1,1,00,8*6C
$GNGGA,113533.100,2520.064863,N,05128.161344,E,1,20,0.75,22.095,M,-24.282,M,,*6B
$GNRMC,113533.100,A,2520.064863,N,05128.161344,E,0.007,234.60,200726,,,A,V*39
$GNGLL,2520.064863,N,05128.161344,E,113533.100,A,A*41
$GNVTG,234.60,T,,M,0.007,N,0.014,K,A*22
$GNGGA,113533.200,2520.064863,N,05128.161345,E,1,20,0.75,22.095,M,-24.282,M,,*69
$GNRMC,113533.200,A,2520.064863,N,05128.161345,E,0.005,234.60,200726,,,A,V*39
$GNGLL,2520.064863,N,05128.161345,E,113533.200,A,A*43
$GNVTG,234.60,T,,M,0.005,N,0.010,K,A*24
$GNGGA,113533.300,2520.064863,N,05128.161345,E,1,20,0.75,22.096,M,-24.282,M,,*6B
$GNRMC,113533.300,A,2520.064863,N,05128.161345,E,0.006,234.60,200726,,,A,V*3B
$GNGLL,2520.064863,N,05128.161345,E,113533.300,A,A*42
$GNVTG,234.60,T,,M,0.006,N,0.010,K,A*27
$GNGGA,113533.400,2520.064863,N,05128.161345,E,1,20,0.75,22.096,M,-24.282,M,,*6C
$GNRMC,113533.400,A,2520.064863,N,05128.161345,E,0.006,234.60,200726,,,A,V*3C
$GNGLL,2520.064863,N,05128.161345,E,113533.400,A,A*45
$GNVTG,234.60,T,,M,0.006,N,0.012,K,A*25
$GNGGA,113533.500,2520.064863,N,05128.161345,E,1,20,0.75,22.096,M,-24.282,M,,*6D
$GNRMC,113533.500,A,2520.064863,N,05128.161345,E,0.004,234.60,200726,,,A,V*3F
$GNGLL,2520.064863,N,05128.161345,E,113533.500,A,A*44
$GNVTG,234.60,T,,M,0.004,N,0.008,K,A*2C
$GNGGA,113533.600,2520.064863,N,05128.161345,E,1,20,0.75,22.096,M,-24.282,M,,*6E
$GNRMC,113533.600,A,2520.064863,N,05128.161345,E,0.004,234.60,200726,,,A,V*3C
$GNGLL,2520.064863,N,05128.161345,E,113533.600,A,A*47
$GNVTG,234.60,T,,M,0.004,N,0.008,K,A*2C
$GNGGA,113533.700,2520.064863,N,05128.161345,E,1,20,0.75,22.096,M,-24.282,M,,*6F
$GNRMC,113533.700,A,2520.064863,N,05128.161345,E,0.007,234.60,200726,,,A,V*3E
$GNGLL,2520.064863,N,05128.161345,E,113533.700,A,A*46
$GNVTG,234.60,T,,M,0.007,N,0.013,K,A*25
$GNGGA,113533.800,2520.064863,N,05128.161345,E,1,20,0.75,22.096,M,-24.282,M,,*60
$GNRMC,113533.800,A,2520.064863,N,05128.161345,E,0.006,234.60,200726,,,A,V*30
$GNGLL,2520.064863,N,05128.161345,E,113533.800,A,A*49
$GNVTG,234.60,T,,M,0.006,N,0.011,K,A*26
$GNGGA,113533.900,2520.064863,N,05128.161345,E,1,20,0.75,22.096,M,-24.282,M,,*61
$GNRMC,113533.900,A,2520.064863,N,05128.161345,E,0.005,234.60,200726,,,A,V*32
$GNGLL,2520.064863,N,05128.161345,E,113533.900,A,A*48
$GNVTG,234.60,T,,M,0.005,N,0.010,K,A*24
$GNGGA,113534.000,2520.064862,N,05128.161344,E,1,20,0.75,22.096,M,-24.282,M,,*6F
$GNRMC,113534.000,A,2520.064862,N,05128.161344,E,0.005,234.60,200726,,,A,V*3C
$GNGLL,2520.064862,N,05128.161344,E,113534.000,A,A*46
$GNVTG,234.60,T,,M,0.005,N,0.009,K,A*2C
$GNGSA,A,3,02,03,04,09,16,26,28,31,,,,,1.70,0.75,1.53,1*05
$GNGSA,A,3,68,78,79,82,,,,,,,,,1.70,0.75,1.53,2*04
$GNGSA,A,3,19,23,,,,,,,,,,,1.70,0.75,1.53,3*09
$GNGSA,A,3,06,07,10,12,23,32,,,,,,,1.70,0.75,1.53,4*04
$GNGSA,A,3,,,,,,,,,,,,,1.70,0.75,1.53,5*06
$GPGSV,2,1,08,02,39,195,28,03,57,351,28,04,40,295,32,09,13,273,35,1*68
$GPGSV,2,2,08,16,21,135,33,26,31,103,33,28,17,039,23,31,46,043,40,1*6F
$GPGSV,1,1,00,8*6D
$GLGSV,2,1,05,68,36,020,39,78,41,074,39,79,36,145,36,82,08,185,28,1*74
$GLGSV,2,2,05,83,,,22,1*76
$GAGSV,1,1,02,19,38,033,37,23,16,134,37,7*72
$GAGSV,1,1,00,1*75
$GBGSV,2,1,07,06,11,114,31,07,34,042,39,10,43,048,39,12,31,312,34,1*78
$GBGSV,2,2,07,20,,,27,23,27,054,32,32,40,056,39,1*7E
$GBGSV,1,1,00,5*72
$GQGSV,1,1,00,1*65
$GQGSV,1,1,00,8*6C
$GNGGA,113534.100,2520.064862,N,05128.161344,E,1,20,0.75,22.096,M,-24.283,M,,*6F
$GNRMC,113534.100,A,2520.064862,N,05128.161344,E,0.008,234.60,200726,,,A,V*30
$GNGLL,2520.064862,N,05128.161344,E,113534.100,A,A*47
$GNVTG,234.60,T,,M,0.008,N,0.014,K,A*2D
$GNGGA,113534.200,2520.064862,N,05128.161344,E,1,20,0.75,22.096,M,-24.283,M,,*6C
$GNRMC,113534.200,A,2520.064862,N,05128.161344,E,0.006,234.60,200726,,,A,V*3D
$GNGLL,2520.064862,N,05128.161344,E,113534.200,A,A*44
$GNVTG,234.60,T,,M,0.006,N,0.011,K,A*26
$GNGGA,113534.300,2520.064862,N,05128.161344,E,1,20,0.75,22.096,M,-24.283,M,,*6D
$GNRMC,113534.300,A,2520.064862,N,05128.161344,E,0.007,234.60,200726,,,A,V*3D
$GNGLL,2520.064862,N,05128.161344,E,113534.300,A,A*45
$GNVTG,234.60,T,,M,0.007,N,0.013,K,A*25
$GNGGA,113534.400,2520.064862,N,05128.161344,E,1,20,0.75,22.096,M,-24.283,M,,*6A
$GNRMC,113534.400,A,2520.064862,N,05128.161344,E,0.008,234.60,200726,,,A,V*35
$GNGLL,2520.064862,N,05128.161344,E,113534.400,A,A*42
$GNVTG,234.60,T,,M,0.008,N,0.016,K,A*2F
$GNGGA,113534.500,2520.064862,N,05128.161344,E,1,20,0.75,22.096,M,-24.283,M,,*6B
$GNRMC,113534.500,A,2520.064862,N,05128.161344,E,0.008,234.60,200726,,,A,V*34
$GNGLL,2520.064862,N,05128.161344,E,113534.500,A,A*43
$GNVTG,234.60,T,,M,0.008,N,0.015,K,A*2C
$GNGGA,113534.600,2520.064862,N,05128.161344,E,1,20,0.75,22.096,M,-24.283,M,,*68
$GNRMC,113534.600,A,2520.064862,N,05128.161344,E,0.006,234.60,200726,,,A,V*39
$GNGLL,2520.064862,N,05128.161344,E,113534.600,A,A*40
$GNVTG,234.60,T,,M,0.006,N,0.011,K,A*26
$GNGGA,113534.700,2520.064862,N,05128.161344,E,1,20,0.75,22.096,M,-24.283,M,,*69
$GNRMC,113534.700,A,2520.064862,N,05128.161344,E,0.006,234.60,200726,,,A,V*38
$GNGLL,2520.064862,N,05128.161344,E,113534.700,A,A*41
$GNVTG,234.60,T,,M,0.006,N,0.011,K,A*26
$GNGGA,113534.800,2520.064862,N,05128.161344,E,1,20,0.75,22.096,M,-24.283,M,,*66
$GNRMC,113534.800,A,2520.064862,N,05128.161344,E,0.006,234.60,200726,,,A,V*37
$GNGLL,2520.064862,N,05128.161344,E,113534.800,A,A*4E
$GNVTG,234.60,T,,M,0.006,N,0.011,K,A*26
$GNGGA,113534.900,2520.064862,N,05128.161344,E,1,20,0.75,22.096,M,-24.283,M,,*67
$GNRMC,113534.900,A,2520.064862,N,05128.161344,E,0.004,234.60,200726,,,A,V*34
$GNGLL,2520.064862,N,05128.161344,E,113534.900,A,A*4F
$GNVTG,234.60,T,,M,0.004,N,0.008,K,A*2C
$GNGGA,113535.000,2520.064862,N,05128.161344,E,1,20,0.75,22.096,M,-24.283,M,,*6F
$GNRMC,113535.000,A,2520.064862,N,05128.161344,E,0.005,234.60,200726,,,A,V*3D
$GNGLL,2520.064862,N,05128.161344,E,113535.000,A,A*47
$GNVTG,234.60,T,,M,0.005,N,0.009,K,A*2C
$GNGSA,A,3,02,03,04,09,16,26,28,31,,,,,1.70,0.75,1.53,1*05
$GNGSA,A,3,68,78,79,82,,,,,,,,,1.70,0.75,1.53,2*04
$GNGSA,A,3,19,23,,,,,,,,,,,1.70,0.75,1.53,3*09
$GNGSA,A,3,06,07,10,12,23,32,,,,,,,1.70,0.75,1.53,4*04
$GNGSA,A,3,,,,,,,,,,,,,1.70,0.75,1.53,5*06
$GPGSV,2,1,08,02,39,195,27,03,57,351,28,04,40,295,32,09,13,273,35,1*67
$GPGSV,2,2,08,16,21,135,33,26,31,103,33,28,17,039,24,31,46,043,40,1*68
$GPGSV,1,1,00,8*6D
$GLGSV,2,1,05,68,36,020,40,78,41,074,39,79,36,145,36,82,08,185,29,1*7B
$GLGSV,2,2,05,83,,,20,1*74
$GAGSV,1,1,02,19,38,033,37,23,16,134,37,7*72
$GAGSV,1,1,00,1*75
$GBGSV,2,1,07,06,11,114,32,07,34,042,39,10,43,048,39,12,31,312,35,1*7A
$GBGSV,2,2,07,20,,,28,23,27,054,30,32,40,056,39,1*73
$GBGSV,1,1,00,5*72
$GQGSV,1,1,00,1*65
$GQGSV,1,1,00,8*6C
$GNGGA,113535.100,2520.064862,N,05128.161344,E,1,20,0.75,22.096,M,-24.283,M,,*6E
$GNRMC,113535.100,A,2520.064862,N,05128.161344,E,0.005,234.60,200726,,,A,V*3C
$GNGLL,2520.064862,N,05128.161344,E,113535.100,A,A*46
$GNVTG,234.60,T,,M,0.005,N,0.010,K,A*24
$GNGGA,113535.200,2520.064862,N,05128.161343,E,1,20,0.75,22.096,M,-24.283,M,,*6A
$GNRMC,113535.200,A,2520.064862,N,05128.161343,E,0.006,234.60,200726,,,A,V*3B
$GNGLL,2520.064862,N,05128.161343,E,113535.200,A,A*42
$GNVTG,234.60,T,,M,0.006,N,0.010,K,A*27
$GNGGA,113535.300,2520.064861,N,05128.161343,E,1,20,0.75,22.096,M,-24.283,M,,*68
$GNRMC,113535.300,A,2520.064861,N,05128.161343,E,0.005,234.60,200726,,,A,V*3A
$GNGLL,2520.064861,N,05128.161343,E,113535.300,A,A*40
$GNVTG,234.60,T,,M,0.005,N,0.009,K,A*2C
$GNGGA,113535.400,2520.064861,N,05128.161343,E,1,20,0.75,22.096,M,-24.283,M,,*6F
$GNRMC,113535.400,A,2520.064861,N,05128.161343,E,0.005,234.60,200726,,,A,V*3D
$GNGLL,2520.064861,N,05128.161343,E,113535.400,A,A*47
$GNVTG,234.60,T,,M,0.005,N,0.010,K,A*24
$GNGGA,113535.500,2520.064861,N,05128.161343,E,1,20,0.75,22.096,M,-24.283,M,,*6E
$GNRMC,113535.500,A,2520.064861,N,05128.161343,E,0.006,234.60,200726,,,A,V*3F
$GNGLL,2520.064861,N,05128.161343,E,113535.500,A,A*46
$GNVTG,234.60,T,,M,0.006,N,0.010,K,A*27
$GNGGA,113535.600,2520.064861,N,05128.161343,E,1,20,0.75,22.096,M,-24.283,M,,*6D
$GNRMC,113535.600,A,2520.064861,N,05128.161343,E,0.003,234.60,200726,,,A,V*39
$GNGLL,2520.064861,N,05128.161343,E,113535.600,A,A*45
$GNVTG,234.60,T,,M,0.003,N,0.006,K,A*25
$GNGGA,113535.700,2520.064861,N,05128.161343,E,1,20,0.75,22.096,M,-24.283,M,,*6C
$GNRMC,113535.700,A,2520.064861,N,05128.161343,E,0.005,234.60,200726,,,A,V*3E
$GNGLL,2520.064861,N,05128.161343,E,113535.700,A,A*44
$GNVTG,234.60,T,,M,0.005,N,0.009,K,A*2C
$GNGGA,113535.800,2520.064861,N,05128.161343,E,1,20,0.75,22.096,M,-24.283,M,,*63
$GNRMC,113535.800,A,2520.064861,N,05128.161343,E,0.005,234.60,200726,,,A,V*31
$GNGLL,2520.064861,N,05128.161343,E,113535.800,A,A*4B
$GNVTG,234.60,T,,M,0.005,N,0.010,K,A*24
$GNGGA,113535.900,2520.064861,N,05128.161343,E,1,20,0.75,22.096,M,-24.283,M,,*62
$GNRMC,113535.900,A,2520.064861,N,05128.161343,E,0.006,234.60,200726,,,A,V*33
$GNGLL,2520.064861,N,05128.161343,E,113535.900,A,A*4A
$GNVTG,234.60,T,,M,0.006,N,0.012,K,A*25
$GNGGA,113536.000,2520.064861,N,05128.161343,E,1,20,0.75,22.096,M,-24.283,M,,*68
$GNRMC,113536.000,A,2520.064861,N,05128.161343,E,0.008,234.60,200726,,,A,V*37
$GNGLL,2520.064861,N,05128.161343,E,113536.000,A,A*40
$GNVTG,234.60,T,,M,0.008,N,0.014,K,A*2D
$GNGSA,A,3,02,03,04,09,16,26,28,31,,,,,1.70,0.75,1.53,1*05
$GNGSA,A,3,68,78,79,82,,,,,,,,,1.70,0.75,1.53,2*04
$GNGSA,A,3,19,23,,,,,,,,,,,1.70,0.75,1.53,3*09
$GNGSA,A,3,06,07,10,12,23,32,,,,,,,1.70,0.75,1.53,4*04
$GNGSA,A,3,,,,,,,,,,,,,1.70,0.75,1.53,5*06
$GPGSV,2,1,08,02,39,195,25,03,57,351,28,04,40,295,32,09,13,273,35,1*65
$GPGSV,2,2,08,16,21,135,33,26,31,103,33,28,17,039,25,31,46,043,40,1*69
$GPGSV,1,1,00,8*6D
$GLGSV,2,1,05,68,36,020,40,78,41,074,39,79,36,145,35,82,08,185,28,1*79
$GLGSV,2,2,05,83,,,22,1*76
$GAGSV,1,1,02,19,38,033,37,23,16,134,37,7*72
$GAGSV,1,1,00,1*75
$GBGSV,2,1,07,06,11,114,32,07,34,042,39,10,43,048,39,12,31,312,34,1*7B
$GBGSV,2,2,07,20,,,26,23,27,054,32,32,40,056,39,1*7F
$GBGSV,1,1,00,5*72
$GQGSV,1,1,00,1*65
$GQGSV,1,1,00,8*6C
$GNGGA,113536.100,2520.064861,N,05128.161342,E,1,20,0.75,22.096,M,-24.283,M,,*68
$GNRMC,113536.100,A,2520.064861,N,05128.161342,E,0.007,234.60,200726,,,A,V*38
$GNGLL,2520.064861,N,05128.161342,E,113536.100,A,A*40
$GNVTG,234.60,T,,M,0.007,N,0.012,K,A*24
$GNGGA,113536.200,2520.064861,N,05128.161342,E,1,20,0.75,22.096,M,-24.283,M,,*6B
$GNRMC,113536.200,A,2520.064861,N,05128.161342,E,0.005,234.60,200726,,,A,V*39
$GNGLL,2520.064861,N,05128.161342,E,113536.200,A,A*43
$GNVTG,234.60,T,,M,0.005,N,0.010,K,A*24
$GNGGA,113536.300,2520.064861,N,05128.161342,E,1,20,0.75,22.096,M,-24.283,M,,*6A
$GNRMC,113536.300,A,2520.064861,N,05128.161342,E,0.008,234.60,200726,,,A,V*35
$GNGLL,2520.064861,N,05128.161342,E,113536.300,A,A*42
$GNVTG,234.60,T,,M,0.008,N,0.014,K,A*2D
$GNGGA,113536.400,2520.064860,N,05128.161342,E,1,20,0.75,22.096,M,-24.283,M,,*6C
$GNRMC,113536.400,A,2520.064860,N,05128.161342,E,0.009,234.60,200726,,,A,V*32
$GNGLL,2520.064860,N,05128.161342,E,113536.400,A,A*44
$GNVTG,234.60,T,,M,0.009,N,0.016,K,A*2E
$GNGGA,113536.500,2520.064860,N,05128.161342,E,1,20,0.75,22.096,M,-24.283,M,,*6D
$GNRMC,113536.500,A,2520.064860,N,05128.161342,E,0.006,234.60,200726,,,A,V*3C
$GNGLL,2520.064860,N,05128.161342,E,113536.500,A,A*45
$GNVTG,234.60,T,,M,0.006,N,0.012,K,A*25
$GNGGA,113536.600,2520.064860,N,05128.161342,E,1,20,0.75,22.096,M,-24.283,M,,*6E
$GNRMC,113536.600,A,2520.064860,N,05128.161342,E,0.005,234.60,200726,,,A,V*3C
$GNGLL,2520.064860,N,05128.161342,E,113536.600,A,A*46
$GNVTG,234.60,T,,M,0.005,N,0.009,K,A*2C
$GNGGA,113536.700,2520.064860,N,05128.161342,E,1,20,0.75,22.096,M,-24.283,M,,*6F
$GNRMC,113536.700,A,2520.064860,N,05128.161342,E,0.007,234.60,200726,,,A,V*3F
$GNGLL,2520.064860,N,05128.161342,E,113536.700,A,A*47
$GNVTG,234.60,T,,M,0.007,N,0.012,K,A*24
$GNGGA,113536.800,2520.064860,N,05128.161341,E,1,20,0.75,22.096,M,-24.283,M,,*63
$GNRMC,113536.800,A,2520.064860,N,05128.161341,E,0.007,234.60,200726,,,A,V*33
$GNGLL,2520.064860,N,05128.161341,E,113536.800,A,A*4B
$GNVTG,234.60,T,,M,0.007,N,0.014,K,A*22
$GNGGA,113536.900,2520.064860,N,05128.161341,E,1,20,0.75,22.096,M,-24.283,M,,*62
$GNRMC,113536.900,A,2520.064860,N,05128.161341,E,0.007,234.60,200726,,,A,V*32
$GNGLL,2520.064860,N,05128.161341,E,113536.900,A,A*4A
$GNVTG,234.60,T,,M,0.007,N,0.013,K,A*25
$GNGGA,113537.000,2520.064860,N,05128.161341,E,1,20,0.75,22.096,M,-24.283,M,,*6A
$GNRMC,113537.000,A,2520.064860,N,05128.161341,E,0.008,234.60,200726,,,A,V*35
$GNGLL,2520.064860,N,05128.161341,E,113537.000,A,A*42
$GNVTG,234.60,T,,M,0.008,N,0.014,K,A*2D
$GNGSA,A,3,02,03,04,09,16,26,28,31,,,,,1.70,0.75,1.53,1*05
$GNGSA,A,3,68,78,79,82,,,,,,,,,1.70,0.75,1.53,2*04
$GNGSA,A,3,19,23,,,,,,,,,,,1.70,0.75,1.53,3*09
$GNGSA,A,3,06,07,10,12,23,32,,,,,,,1.70,0.75,1.53,4*04
$GNGSA,A,3,,,,,,,,,,,,,1.70,0.75,1.53,5*06
$GPGSV,2,1,08,02,39,195,27,03,57,352,26,04,40,295,33,09,13,273,35,1*6B
$GPGSV,2,2,08,16,21,135,34,26,31,102,34,28,17,039,27,31,46,043,41,1*6B
$GPGSV,1,1,00,8*6D
$GLGSV,2,1,05,68,36,021,40,78,41,074,40,79,36,145,36,82,08,185,27,1*7A
$GLGSV,2,2,05,83,,,20,1*74
$GAGSV,1,1,02,19,38,033,38,23,16,134,37,7*7D
$GAGSV,1,1,00,1*75
$GBGSV,2,1,07,06,11,114,31,07,34,042,38,10,43,048,38,12,31,312,33,1*7F
$GBGSV,2,2,07,20,,,27,23,27,054,30,32,40,056,39,1*7C
$GBGSV,1,1,00,5*72
$GQGSV,1,1,00,1*65
$GQGSV,1,1,00,8*6C
$GNGGA,113537.100,2520.064860,N,05128.161341,E,1,20,0.75,22.096,M,-24.283,M,,*6B
$GNRMC,113537.100,A,2520.064860,N,05128.161341,E,0.009,234.60,200726,,,A,V*35
$GNGLL,2520.064860,N,05128.161341,E,113537.100,A,A*43
$GNVTG,234.60,T,,M,0.009,N,0.017,K,A*2F
$GNGGA,113537.200,2520.064860,N,05128.161340,E,1,20,0.75,22.096,M,-24.283,M,,*69
$GNRMC,113537.200,A,2520.064860,N,05128.161340,E,0.010,234.60,200726,,,A,V*3F
$GNGLL,2520.064860,N,05128.161340,E,113537.200,A,A*41
$GNVTG,234.60,T,,M,0.010,N,0.019,K,A*29
$GNGGA,113537.300,2520.064860,N,05128.161340,E,1,20,0.75,22.096,M,-24.283,M,,*68
$GNRMC,113537.300,A,2520.064860,N,05128.161340,E,0.012,234.60,200726,,,A,V*3C
$GNGLL,2520.064860,N,05128.161340,E,113537.300,A,A*40
$GNVTG,234.60,T,,M,0.012,N,0.022,K,A*23
$GNGGA,113537.400,2520.064860,N,05128.161340,E,1,20,0.75,22.096,M,-24.283,M,,*6F
$GNRMC,113537.400,A,2520.064860,N,05128.161340,E,0.008,234.60,200726,,,A,V*30
$GNGLL,2520.064860,N,05128.161340,E,113537.400,A,A*47
$GNVTG,234.60,T,,M,0.008,N,0.015,K,A*2C
$GNGGA,113537.500,2520.064860,N,05128.161340,E,1,20,0.75,22.096,M,-24.283,M,,*6E
$GNRMC,113537.500,A,2520.064860,N,05128.161340,E,0.007,234.60,200726,,,A,V*3E
$GNGLL,2520.064860,N,05128.161340,E,113537.500,A,A*46
$GNVTG,234.60,T,,M,0.007,N,0.013,K,A*25
$GNGGA,113537.600,2520.064860,N,05128.161340,E,1,20,0.75,22.096,M,-24.283,M,,*6D
$GNRMC,113537.600,A,2520.064860,N,05128.161340,E,0.010,234.60,200726,,,A,V*3B
$GNGLL,2520.064860,N,05128.161340,E,113537.600,A,A*45
$GNVTG,234.60,T,,M,0.010,N,0.018,K,A*28
$GNGGA,113537.700,2520.064860,N,05128.161339,E,1,20,0.75,22.096,M,-24.283,M,,*62
$GNRMC,113537.700,A,2520.064860,N,05128.161339,E,0.010,234.60,200726,,,A,V*34
$GNGLL,2520.064860,N,05128.161339,E,113537.700,A,A*4A
$GNVTG,234.60,T,,M,0.010,N,0.019,K,A*29
$GNGGA,113537.800,2520.064860,N,05128.161339,E,1,20,0.75,22.096,M,-24.283,M,,*6D
$GNRMC,113537.800,A,2520.064860,N,05128.161339,E,0.006,234.60,200726,,,A,V*3C
$GNGLL,2520.064860,N,05128.161339,E,113537.800,A,A*45
$GNVTG,234.60,T,,M,0.006,N,0.011,K,A*26
$GNGGA,113537.900,2520.064860,N,05128.161339,E,1,20,0.75,22.096,M,-24.283,M,,*6C
$GNRMC,113537.900,A,2520.064860,N,05128.161339,E,0.007,234.60,200726,,,A,V*3C
$GNGLL,2520.064860,N,05128.161339,E,113537.900,A,A*44
$GNVTG,234.60,T,,M,0.007,N,0.014,K,A*22
$GNGGA,113538.000,2520.064860,N,05128.161339,E,1,20,0.75,22.096,M,-24.283,M,,*6A
$GNRMC,113538.000,A,2520.064860,N,05128.161339,E,0.008,234.60,200726,,,A,V*35
$GNGLL,2520.064860,N,05128.161339,E,113538.000,A,A*42
$GNVTG,234.60,T,,M,0.008,N,0.016,K,A*2F
$GNGSA,A,3,02,03,04,09,16,26,28,31,,,,,1.70,0.75,1.53,1*05
$GNGSA,A,3,68,78,79,82,,,,,,,,,1.70,0.75,1.53,2*04
$GNGSA,A,3,19,23,,,,,,,,,,,1.70,0.75,1.53,3*09
$GNGSA,A,3,06,07,10,12,23,32,,,,,,,1.70,0.75,1.53,4*04
$GNGSA,A,3,,,,,,,,,,,,,1.70,0.75,1.53,5*06
$GPGSV,2,1,08,02,39,195,29,03,57,352,26,04,40,295,32,09,13,273,35,1*64
$GPGSV,2,2,08,16,21,135,34,26,31,102,32,28,17,039,25,31,46,043,41,1*6F
$GPGSV,1,1,00,8*6D
$GLGSV,2,1,05,68,36,021,41,78,41,074,38,79,36,145,35,82,08,185,29,1*79
$GLGSV,2,2,05,83,,,20,1*74
$GAGSV,1,1,02,19,38,033,37,23,16,134,36,7*73
$GAGSV,1,1,00,1*75
$GBGSV,2,1,07,06,11,114,28,07,34,042,40,10,43,048,38,12,31,312,34,1*7F
$GBGSV,2,2,07,20,,,25,23,27,054,30,32,40,056,38,1*7F
$GBGSV,1,1,00,5*72
$GQGSV,1,1,00,1*65
$GQGSV,1,1,00,8*6C
$GNGGA,113538.100,2520.064860,N,05128.161339,E,1,20,0.75,22.096,M,-24.283,M,,*6B
$GNRMC,113538.100,A,2520.064860,N,05128.161339,E,0.006,234.60,200726,,,A,V*3A
$GNGLL,2520.064860,N,05128.161339,E,113538.100,A,A*43
$GNVTG,234.60,T,,M,0.006,N,0.011,K,A*26
$GNGGA,113538.200,2520.064860,N,05128.161339,E,1,20,0.75,22.096,M,-24.283,M,,*68
$GNRMC,113538.200,A,2520.064860,N,05128.161339,E,0.005,234.60,200726,,,A,V*3A
$GNGLL,2520.064860,N,05128.161339,E,113538.200,A,A*40
$GNVTG,234.60,T,,M,0.005,N,0.009,K,A*2C
$GNGGA,113538.300,2520.064860,N,05128.161339,E,1,20,0.75,22.096,M,-24.283,M,,*69
$GNRMC,113538.300,A,2520.064860,N,05128.161339,E,0.005,234.60,200726,,,A,V*3B
$GNGLL,2520.064860,N,05128.161339,E,113538.300,A,A*41
$GNVTG,234.60,T,,M,0.005,N,0.009,K,A*2C
$GNGGA,113538.400,2520.064860,N,05128.161339,E,1,20,0.75,22.096,M,-24.283,M,,*6E
$GNRMC,113538.400,A,2520.064860,N,05128.161339,E,0.002,234.60,200726,,,A,V*3B
$GNGLL,2520.064860,N,05128.161339,E,113538.400,A,A*46
$GNVTG,234.60,T,,M,0.002,N,0.004,K,A*26
$GNGGA,113538.500,2520.064860,N,05128.161339,E,1,20,0.75,22.096,M,-24.283,M,,*6F
$GNRMC,113538.500,A,2520.064860,N,05128.161339,E,0.002,234.60,200726,,,A,V*3A
$GNGLL,2520.064860,N,05128.161339,E,113538.500,A,A*47
$GNVTG,234.60,T,,M,0.002,N,0.003,K,A*21
$GNGGA,113538.600,2520.064860,N,05128.161339,E,1,20,0.75,22.096,M,-24.283,M,,*6C
$GNRMC,113538.600,A,2520.064860,N,05128.161339,E,0.001,234.60,200726,,,A,V*3A
$GNGLL,2520.064860,N,05128.161339,E,113538.600,A,A*44
$GNVTG,234.60,T,,M,0.001,N,0.003,K,A*22
$GNGGA,113538.700,2520.064860,N,05128.161338,E,1,20,0.75,22.096,M,-24.283,M,,*6C
$GNRMC,113538.700,A,2520.064860,N,05128.161338,E,0.005,234.60,200726,,,A,V*3E
$GNGLL,2520.064860,N,05128.161338,E,113538.700,A,A*44
$GNVTG,234.60,T,,M,0.005,N,0.009,K,A*2C
$GNGGA,113538.800,2520.064859,N,05128.161338,E,1,20,0.75,22.096,M,-24.283,M,,*69
$GNRMC,113538.800,A,2520.064859,N,05128.161338,E,0.003,234.60,200726,,,A,V*3D
$GNGLL,2520.064859,N,05128.161338,E,113538.800,A,A*41
$GNVTG,234.60,T,,M,0.003,N,0.005,K,A*26
$GNGGA,113538.900,2520.064859,N,05128.161338,E,1,20,0.75,22.096,M,-24.283,M,,*68
$GNRMC,113538.900,A,2520.064859,N,05128.161338,E,0.004,234.60,200726,,,A,V*3B
$GNGLL,2520.064859,N,05128.161338,E,113538.900,A,A*40
$GNVTG,234.60,T,,M,0.004,N,0.007,K,A*23
$GNGGA,113539.000,2520.064859,N,05128.161338,E,1,20,0.75,22.096,M,-24.283,M,,*60
$GNRMC,113539.000,A,2520.064859,N,05128.161338,E,0.005,234.60,200726,,,A,V*32
$GNGLL,2520.064859,N,05128.161338,E,113539.000,A,A*48
$GNVTG,234.60,T,,M,0.005,N,0.009,K,A*2C
$GNGSA,A,3,02,03,04,09,16,26,28,31,,,,,1.70,0.75,1.53,1*05
$GNGSA,A,3,68,78,79,82,,,,,,,,,1.70,0.75,1.53,2*04
$GNGSA,A,3,19,23,,,,,,,,,,,1.70,0.75,1.53,3*09
$GNGSA,A,3,06,07,10,12,23,32,,,,,,,1.70,0.75,1.53,4*04
$GNGSA,A,3,,,,,,,,,,,,,1.70,0.75,1.53,5*06
$GPGSV,2,1,08,02,39,195,29,03,57,352,26,04,40,295,32,09,13,273,35,1*64
$GPGSV,2,2,08,16,21,135,35,26,31,102,33,28,17,039,26,31,46,043,41,1*6C
$GPGSV,1,1,00,8*6D
$GLGSV,2,1,05,68,36,021,40,78,41,074,38,79,36,145,35,82,08,185,29,1*78
$GLGSV,2,2,05,83,,,19,1*7E
$GAGSV,1,1,02,19,38,033,37,23,16,134,36,7*73
$GAGSV,1,1,00,1*75
$GBGSV,2,1,07,06,11,114,28,07,34,042,39,10,43,048,38,12,31,312,33,1*76
$GBGSV,2,2,07,20,,,25,23,27,054,33,32,40,056,37,1*73
$GBGSV,1,1,00,5*72
$GQGSV,1,1,00,1*65
$GQGSV,1,1,00,8*6C
$GNGGA,113539.100,2520.064859,N,05128.161338,E,1,20,0.75,22.096,M,-24.283,M,,*61
$GNRMC,113539.100,A,2520.064859,N,05128.161338,E,0.006,234.60,200726,,,A,V*30
$GNGLL,2520.064859,N,05128.161338,E,113539.100,A,A*49
$GNVTG,234.60,T,,M,0.006,N,0.011,K,A*26
$GNGGA,113539.200,2520.064859,N,05128.161338,E,1,20,0.75,22.096,M,-24.283,M,,*62
$GNRMC,113539.200,A,2520.064859,N,05128.161338,E,0.008,234.60,200726,,,A,V*3D
$GNGLL,2520.064859,N,05128.161338,E,113539.200,A,A*4A
$GNVTG,234.60,T,,M,0.008,N,0.015,K,A*2C
$GNGGA,113539.300,2520.064859,N,05128.161338,E,1,20,0.75,22.096,M,-24.283,M,,*63
$GNRMC,113539.300,A,2520.064859,N,05128.161338,E,0.006,234.60,200726,,,A,V*32
$GNGLL,2520.064859,N,05128.161338,E,113539.300,A,A*4B
$GNVTG,234.60,T,,M,0.006,N,0.011,K,A*26
$GNGGA,113539.400,2520.064859,N,05128.161337,E,1,20,0.75,22.096,M,-24.283,M,,*6B
$GNRMC,113539.400,A,2520.064859,N,05128.161337,E,0.009,234.60,200726,,,A,V*35
$GNGLL,2520.064859,N,05128.161337,E,113539.400,A,A*43
$GNVTG,234.60,T,,M,0.009,N,0.017,K,A*2F
$GNGGA,113539.500,2520.064859,N,05128.161337,E,1,20,0.75,22.096,M,-24.283,M,,*6A
$GNRMC,113539.500,A,2520.064859,N,05128.161337,E,0.009,234.60,200726,,,A,V*34
$GNGLL,2520.064859,N,05128.161337,E,113539.500,A,A*42
$GNVTG,234.60,T,,M,0.009,N,0.017,K,A*2F
$GNGGA,113539.600,2520.064859,N,05128.161337,E,1,20,0.75,22.096,M,-24.283,M,,*69
$GNRMC,113539.600,A,2520.064859,N,05128.161337,E,0.007,234.60,200726,,,A,V*39
$GNGLL,2520.064859,N,05128.161337,E,113539.600,A,A*41
$GNVTG,234.60,T,,M,0.007,N,0.012,K,A*24
$GNGGA,113539.700,2520.064859,N,05128.161337,E,1,20,0.75,22.096,M,-24.283,M,,*68
$GNRMC,113539.700,A,2520.064859,N,05128.161337,E,0.006,234.60,200726,,,A,V*39
$GNGLL,2520.064859,N,05128.161337,E,113539.700,A,A*40
$GNVTG,234.60,T,,M,0.006,N,0.012,K,A*25
$GNGGA,113539.800,2520.064859,N,05128.161337,E,1,20,0.75,22.096,M,-24.283,M,,*67
$GNRMC,113539.800,A,2520.064859,N,05128.161337,E,0.010,234.60,200726,,,A,V*31
$GNGLL,2520.064859,N,05128.161337,E,113539.800,A,A*4F
$GNVTG,234.60,T,,M,0.010,N,0.018,K,A*28
$GNGGA,113539.900,2520.064859,N,05128.161336,E,1,20,0.75,22.096,M,-24.283,M,,*67
$GNRMC,113539.900,A,2520.064859,N,05128.161336,E,0.007,234.60,200726,,,A,V*37
$GNGLL,2520.064859,N,05128.161336,E,113539.900,A,A*4F
$GNVTG,234.60,T,,M,0.007,N,0.013,K,A*25
$GNGGA,113540.000,2520.064859,N,05128.161336,E,1,20,0.75,22.096,M,-24.283,M,,*60
$GNRMC,113540.000,A,2520.064859,N,05128.161336,E,0.007,234.60,200726,,,A,V*30
$GNGLL,2520.064859,N,05128.161336,E,113540.000,A,A*48
$GNVTG,234.60,T,,M,0.007,N,0.013,K,A*25
$GNGSA,A,3,02,03,04,09,16,26,28,31,,,,,1.70,0.75,1.53,1*05
$GNGSA,A,3,68,78,79,82,,,,,,,,,1.70,0.75,1.53,2*04
$GNGSA,A,3,19,23,,,,,,,,,,,1.70,0.75,1.53,3*09
$GNGSA,A,3,06,07,10,12,23,32,,,,,,,1.70,0.75,1.53,4*04
$GNGSA,A,3,,,,,,,,,,,,,1.70,0.75,1.53,5*06
$GPGSV,2,1,08,02,39,195,29,03,57,352,27,04,40,295,32,09,13,273,35,1*65
$GPGSV,2,2,08,16,21,135,35,26,31,102,33,28,17,039,23,31,46,043,41,1*69
$GPGSV,1,1,00,8*6D
$GLGSV,2,1,05,68,36,021,40,78,41,074,38,79,36,145,35,82,08,185,29,1*78
$GLGSV,2,2,05,83,,,19,1*7E
$GAGSV,1,1,02,19,38,033,38,23,16,134,37,7*7D
$GAGSV,1,1,00,1*75
$GBGSV,2,1,07,06,11,114,29,07,34,042,40,10,43,048,38,12,31,312,33,1*79
$GBGSV,2,2,07,20,,,23,23,27,054,33,32,40,056,38,1*7A
$GBGSV,1,1,00,5*72
$GQGSV,1,1,00,1*65
$GQGSV,1,1,00,8*6C
$GNGGA,113540.100,2520.064859,N,05128.161336,E,1,20,0.75,22.096,M,-24.283,M,,*61
$GNRMC,113540.100,A,2520.064859,N,05128.161336,E,0.006,234.60,200726,,,A,V*30
$GNGLL,2520.064859,N,05128.161336,E,113540.100,A,A*49
$GNVTG,234.60,T,,M,0.006,N,0.012,K,A*25
$GNGGA,113540.200,2520.064858,N,05128.161336,E,1,20,0.75,22.096,M,-24.283,M,,*63
$GNRMC,113540.200,A,2520.064858,N,05128.161336,E,0.005,234.60,200726,,,A,V*31
$GNGLL,2520.064858,N,05128.161336,E,113540.200,A,A*4B
$GNVTG,234.60,T,,M,0.005,N,0.008,K,A*2D
$GNGGA,113540.300,2520.064858,N,05128.161336,E,1,20,0.75,22.096,M,-24.283,M,,*62
$GNRMC,113540.300,A,2520.064858,N,05128.161336,E,0.006,234.60,200726,,,A,V*33
$GNGLL,2520.064858,N,05128.161336,E,113540.300,A,A*4A
$GNVTG,234.60,T,,M,0.006,N,0.011,K,A*26
$GNGGA,113540.400,2520.064858,N,05128.161336,E,1,20,0.75,22.096,M,-24.283,M,,*65
$GNRMC,113540.400,A,2520.064858,N,05128.161336,E,0.006,234.60,200726,,,A,V*34
$GNGLL,2520.064858,N,05128.161336,E,113540.400,A,A*4D
$GNVTG,234.60,T,,M,0.006,N,0.011,K,A*26
$GNGGA,113540.500,2520.064858,N,05128.161336,E,1,20,0.75,22.096,M,-24.283,M,,*64
$GNRMC,113540.500,A,2520.064858,N,05128.161336,E,0.008,234.60,200726,,,A,V*3B
$GNGLL,2520.064858,N,05128.161336,E,113540.500,A,A*4C
$GNVTG,234.60,T,,M,0.008,N,0.015,K,A*2C
$GNGGA,113540.600,2520.064858,N,05128.161335,E,1,20,0.75,22.096,M,-24.283,M,,*64
$GNRMC,113540.600,A,2520.064858,N,05128.161335,E,0.009,234.60,200726,,,A,V*3A
$GNGLL,2520.064858,N,05128.161335,E,113540.600,A,A*4C
$GNVTG,234.60,T,,M,0.009,N,0.016,K,A*2E
$GNGGA,113540.700,2520.064858,N,05128.161335,E,1,20,0.75,22.096,M,-24.283,M,,*65
$GNRMC,113540.700,A,2520.064858,N,05128.161335,E,0.004,234.60,200726,,,A,V*36
$GNGLL,2520.064858,N,05128.161335,E,113540.700,A,A*4D
$GNVTG,234.60,T,,M,0.004,N,0.007,K,A*23
$GNGGA,113540.800,2520.064858,N,05128.161335,E,1,20,0.75,22.096,M,-24.283,M,,*6A
$GNRMC,113540.800,A,2520.064858,N,05128.161335,E,0.005,234.60,200726,,,A,V*38
$GNGLL,2520.064858,N,05128.161335,E,113540.800,A,A*42
$GNVTG,234.60,T,,M,0.005,N,0.009,K,A*2C
$GNGGA,113540.900,2520.064858,N,05128.161335,E,1,20,0.75,22.096,M,-24.283,M,,*6B
$GNRMC,113540.900,A,2520.064858,N,05128.161335,E,0.010,234.60,200726,,,A,V*3D
$GNGLL,2520.064858,N,05128.161335,E,113540.900,A,A*43
$GNVTG,234.60,T,,M,0.010,N,0.018,K,A*28
$GNGGA,113541.000,2520.064858,N,05128.161335,E,1,20,0.75,22.096,M,-24.283,M,,*63
$GNRMC,113541.000,A,2520.064858,N,05128.161335,E,0.007,234.60,200726,,,A,V*33
$GNGLL,2520.064858,N,05128.161335,E,113541.000,A,A*4B
$GNVTG,234.60,T,,M,0.007,N,0.013,K,A*25
$GNGSA,A,3,02,03,04,09,16,26,28,31,,,,,1.70,0.75,1.53,1*05
$GNGSA,A,3,68,78,79,82,,,,,,,,,1.70,0.75,1.53,2*04
$GNGSA,A,3,19,23,,,,,,,,,,,1.70,0.75,1.53,3*09
$GNGSA,A,3,06,07,10,12,23,32,,,,,,,1.70,0.75,1.53,4*04
$GNGSA,A,3,,,,,,,,,,,,,1.70,0.75,1.53,5*06
$GPGSV,2,1,08,02,39,195,29,03,57,352,25,04,40,296,32,09,13,273,35,1*64
$GPGSV,2,2,08,16,21,135,35,26,31,102,34,28,17,039,25,31,46,043,41,1*68
$GPGSV,1,1,00,8*6D
$GLGSV,2,1,05,68,36,021,41,78,41,074,39,79,36,145,35,82,08,185,28,1*79
$GLGSV,2,2,05,83,,,17,1*70
$GAGSV,1,1,02,19,38,033,37,23,16,134,36,7*73
$GAGSV,1,1,00,1*75
$GBGSV,2,1,07,06,11,114,27,07,34,042,39,10,43,048,38,12,31,312,34,1*7E
$GBGSV,2,2,07,20,,,24,23,27,054,32,32,40,056,37,1*73
$GBGSV,1,1,00,5*72
$GQGSV,1,1,00,1*65
$GQGSV,1,1,00,8*6C
$GNGGA,113541.100,2520.064858,N,05128.161335,E,1,20,0.75,22.095,M,-24.282,M,,*60
$GNRMC,113541.100,A,2520.064858,N,05128.161335,E,0.006,234.60,200726,,,A,V*33
$GNGLL,2520.064858,N,05128.161335,E,113541.100,A,A*4A
$GNVTG,234.60,T,,M,0.006,N,0.012,K,A*25
$GNGGA,113541.200,2520.064858,N,05128.161335,E,1,20,0.75,22.095,M,-24.282,M,,*63
$GNRMC,113541.200,A,2520.064858,N,05128.161335,E,0.005,234.60,200726,,,A,V*33
$GNGLL,2520.064858,N,05128.161335,E,113541.200,A,A*49
$GNVTG,234.60,T,,M,0.005,N,0.010,K,A*24
$GNGGA,113541.300,2520.064858,N,05128.161335,E,1,20,0.75,22.095,M,-24.282,M,,*62
$GNRMC,113541.300,A,2520.064858,N,05128.161335,E,0.006,234.60,200726,,,A,V*31
$GNGLL,2520.064858,N,05128.161335,E,113541.300,A,A*48
$GNVTG,234.60,T,,M,0.006,N,0.011,K,A*26
$GNGGA,113541.400,2520.064858,N,05128.161334,E,1,20,0.75,22.095,M,-24.282,M,,*64
$GNRMC,113541.400,A,2520.064858,N,05128.161334,E,0.003,234.60,200726,,,A,V*32
$GNGLL,2520.064858,N,05128.161334,E,113541.400,A,A*4E
$GNVTG,234.60,T,,M,0.003,N,0.006,K,A*25
$GNGGA,113541.500,2520.064858,N,05128.161334,E,1,20,0.75,22.095,M,-24.282,M,,*65
$GNRMC,113541.500,A,2520.064858,N,05128.161334,E,0.004,234.60,200726,,,A,V*34
$GNGLL,2520.064858,N,05128.161334,E,113541.500,A,A*4F
$GNVTG,234.60,T,,M,0.004,N,0.008,K,A*2C
$GNGGA,113541.600,2520.064858,N,05128.161334,E,1,20,0.75,22.095,M,-24.282,M,,*66
$GNRMC,113541.600,A,2520.064858,N,05128.161334,E,0.007,234.60,200726,,,A,V*34
$GNGLL,2520.064858,N,05128.161334,E,113541.600,A,A*4C
$GNVTG,234.60,T,,M,0.007,N,0.013,K,A*25
$GNGGA,113541.700,2520.064858,N,05128.161334,E,1,20,0.75,22.095,M,-24.282,M,,*67
$GNRMC,113541.700,A,2520.064858,N,05128.161334,E,0.008,234.60,200726,,,A,V*3A
$GNGLL,2520.064858,N,05128.161334,E,113541.700,A,A*4D
$GNVTG,234.60,T,,M,0.008,N,0.014,K,A*2D
$GNGGA,113541.800,2520.064858,N,05128.161334,E,1,20,0.75,22.095,M,-24.282,M,,*68
$GNRMC,113541.800,A,2520.064858,N,05128.161334,E,0.009,234.60,200726,,,A,V*34
$GNGLL,2520.064858,N,05128.161334,E,113541.800,A,A*42
$GNVTG,234.60,T,,M,0.009,N,0.016,K,A*2E
$GNGGA,113541.900,2520.064858,N,05128.161334,E,1,20,0.75,22.095,M,-24.282,M,,*69
$GNRMC,113541.900,A,2520.064858,N,05128.161334,E,0.007,234.60,200726,,,A,V*3B
$GNGLL,2520.064858,N,05128.161334,E,113541.900,A,A*43
$GNVTG,234.60,T,,M,0.007,N,0.014,K,A*22
$GNGGA,113542.000,2520.064858,N,05128.161333,E,1,20,0.75,22.095,M,-24.282,M,,*64
$GNRMC,113542.000,A,2520.064858,N,05128.161333,E,0.007,234.60,200726,,,A,V*36
$GNGLL,2520.064858,N,05128.161333,E,113542.000,A,A*4E
$GNVTG,234.60,T,,M,0.007,N,0.013,K,A*25
$GNGSA,A,3,02,03,04,09,16,26,28,31,,,,,1.70,0.75,1.53,1*05
$GNGSA,A,3,68,78,79,82,,,,,,,,,1.70,0.75,1.53,2*04
$GNGSA,A,3,19,23,,,,,,,,,,,1.70,0.75,1.53,3*09
$GNGSA,A,3,06,07,10,12,23,32,,,,,,,1.70,0.75,1.53,4*04
$GNGSA,A,3,,,,,,,,,,,,,1.70,0.75,1.53,5*06
$GPGSV,2,1,08,02,39,195,29,03,57,352,25,04,40,296,32,09,13,273,35,1*64
$GPGSV,2,2,08,16,21,135,35,26,31,102,32,28,17,039,25,31,46,043,41,1*6E
$GPGSV,1,1,00,8*6D
$GLGSV,2,1,05,68,36,021,40,78,41,074,39,79,36,145,36,82,08,185,27,1*74
$GLGSV,2,2,05,83,,,19,1*7E
$GAGSV,1,1,02,19,38,033,37,23,16,134,35,7*70
$GAGSV,1,1,00,1*75
$GBGSV,2,1,07,06,11,114,27,07,34,042,40,10,43,048,38,12,31,312,34,1*70
$GBGSV,2,2,07,20,,,25,23,27,054,32,32,40,056,37,1*72
$GBGSV,1,1,00,5*72
$GQGSV,1,1,00,1*65
$GQGSV,1,1,00,8*6C
$GNGGA,113542.100,2520.064858,N,05128.161333,E,1,20,0.75,22.095,M,-24.283,M,,*64
$GNRMC,113542.100,A,2520.064858,N,05128.161333,E,0.006,234.60,200726,,,A,V*36
$GNGLL,2520.064858,N,05128.161333,E,113542.100,A,A*4F
$GNVTG,234.60,T,,M,0.006,N,0.011,K,A*26
$GNGGA,113542.200,2520.064857,N,05128.161333,E,1,20,0.75,22.095,M,-24.283,M,,*68
$GNRMC,113542.200,A,2520.064857,N,05128.161333,E,0.003,234.60,200726,,,A,V*3F
$GNGLL,2520.064857,N,05128.161333,E,113542.200,A,A*43
$GNVTG,234.60,T,,M,0.003,N,0.006,K,A*25
$GNGGA,113542.300,2520.064857,N,05128.161333,E,1,20,0.75,22.095,M,-24.283,M,,*69
$GNRMC,113542.300,A,2520.064857,N,05128.161333,E,0.009,234.60,200726,,,A,V*34
$GNGLL,2520.064857,N,05128.161333,E,113542.300,A,A*42
$GNVTG,234.60,T,,M,0.009,N,0.016,K,A*2E
$GNGGA,113542.400,2520.064857,N,05128.161333,E,1,20,0.75,22.095,M,-24.283,M,,*6E
$GNRMC,113542.400,A,2520.064857,N,05128.161333,E,0.008,234.60,200726,,,A,V*32
$GNGLL,2520.064857,N,05128.161333,E,113542.400,A,A*45
$GNVTG,234.60,T,,M,0.008,N,0.015,K,A*2C
$GNGGA,113542.500,2520.064857,N,05128.161332,E,1,20,0.75,22.095,M,-24.283,M,,*6E
$GNRMC,113542.500,A,2520.064857,N,05128.161332,E,0.008,234.60,200726,,,A,V*32
$GNGLL,2520.064857,N,05128.161332,E,113542.500,A,A*45
$GNVTG,234.60,T,,M,0.008,N,0.014,K,A*2D
$GNGGA,113542.600,2520.064857,N,05128.161332,E,1,20,0.75,22.095,M,-24.283,M,,*6D
$GNRMC,113542.600,A,2520.064857,N,05128.161332,E,0.006,234.60,200726,,,A,V*3F
$GNGLL,2520.064857,N,05128.161332,E,113542.600,A,A*46
$GNVTG,234.60,T,,M,0.006,N,0.011,K,A*26
$GNGGA,113542.700,2520.064857,N,05128.161332,E,1,20,0.75,22.095,M,-24.283,M,,*6C
$GNRMC,113542.700,A,2520.064857,N,05128.161332,E,0.009,234.60,200726,,,A,V*31
$GNGLL,2520.064857,N,05128.161332,E,113542.700,A,A*47
$GNVTG,234.60,T,,M,0.009,N,0.016,K,A*2E
$GNGGA,113542.800,2520.064857,N,05128.161332,E,1,20,0.75,22.095,M,-24.283,M,,*63
$GNRMC,113542.800,A,2520.064857,N,05128.161332,E,0.006,234.60,200726,,,A,V*31
$GNGLL,2520.064857,N,05128.161332,E,113542.800,A,A*48
$GNVTG,234.60,T,,M,0.006,N,0.011,K,A*26
$GNGGA,113542.900,2520.064857,N,05128.161332,E,1,20,0.75,22.095,M,-24.283,M,,*62
$GNRMC,113542.900,A,2520.064857,N,05128.161332,E,0.007,234.60,200726,,,A,V*31
$GNGLL,2520.064857,N,05128.161332,E,113542.900,A,A*49
$GNVTG,234.60,T,,M,0.007,N,0.012,K,A*24
$GNGGA,113543.000,2520.064857,N,05128.161331,E,1,20,0.75,22.095,M,-24.283,M,,*69
$GNRMC,113543.000,A,2520.064857,N,05128.161331,E,0.006,234.60,200726,,,A,V*3B
$GNGLL,2520.064857,N,05128.161331,E,113543.000,A,A*42
$GNVTG,234.60,T,,M,0.006,N,0.011,K,A*26
$GNGSA,A,3,02,03,04,09,16,26,28,31,,,,,1.70,0.75,1.53,1*05
$GNGSA,A,3,68,78,79,82,,,,,,,,,1.70,0.75,1.53,2*04
$GNGSA,A,3,19,23,,,,,,,,,,,1.70,0.75,1.53,3*09
$GNGSA,A,3,06,07,10,12,23,32,,,,,,,1.70,0.75,1.53,4*04
$GNGSA,A,3,,,,,,,,,,,,,1.70,0.75,1.53,5*06
$GPGSV,2,1,08,02,39,195,29,03,57,352,25,04,40,296,31,09,13,273,35,1*67
$GPGSV,2,2,08,16,21,135,35,26,31,102,32,28,17,039,25,31,45,043,40,1*6C
$GPGSV,1,1,00,8*6D
$GLGSV,2,1,05,68,36,021,40,78,41,074,39,79,36,145,36,82,07,185,27,1*7B
$GLGSV,2,2,05,83,,,18,1*7F
$GAGSV,1,1,02,19,38,033,38,23,16,134,35,7*7F
$GAGSV,1,1,00,1*75
$GBGSV,2,1,07,06,11,114,28,07,34,042,39,10,43,048,38,12,31,312,33,1*76
$GBGSV,2,2,07,20,,,25,23,27,054,31,32,40,056,38,1*7E
$GBGSV,1,1,00,5*72
$GQGSV,1,1,00,1*65
$GQGSV,1,1,00,8*6C
$GNGGA,113543.100,2520.064857,N,05128.161331,E,1,20,0.75,22.095,M,-24.283,M,,*68
$GNRMC,113543.100,A,2520.064857,N,05128.161331,E,0.008,234.60,200726,,,A,V*34
$GNGLL,2520.064857,N,05128.161331,E,113543.100,A,A*43
$GNVTG,234.60,T,,M,0.008,N,0.014,K,A*2D
$GNGGA,113543.200,2520.064857,N,05128.161331,E,1,20,0.75,22.095,M,-24.283,M,,*6B
$GNRMC,113543.200,A,2520.064857,N,05128.161331,E,0.008,234.60,200726,,,A,V*37
$GNGLL,2520.064857,N,05128.161331,E,113543.200,A,A*40
$GNVTG,234.60,T,,M,0.008,N,0.016,K,A*2F
$GNGGA,113543.300,2520.064857,N,05128.161331,E,1,20,0.75,22.095,M,-24.283,M,,*6A
$GNRMC,113543.300,A,2520.064857,N,05128.161331,E,0.007,234.60,200726,,,A,V*39
$GNGLL,2520.064857,N,05128.161331,E,113543.300,A,A*41
$GNVTG,234.60,T,,M,0.007,N,0.013,K,A*25
$GNGGA,113543.400,2520.064857,N,05128.161331,E,1,20,0.75,22.095,M,-24.283,M,,*6D
$GNRMC,113543.400,A,2520.064857,N,05128.161331,E,0.008,234.60,200726,,,A,V*31
$GNGLL,2520.064857,N,05128.161331,E,113543.400,A,A*46
$GNVTG,234.60,T,,M,0.008,N,0.014,K,A*2D
$GNGGA,113543.500,2520.064856,N,05128.161330,E,1,20,0.75,22.095,M,-24.283,M,,*6C
$GNRMC,113543.500,A,2520.064856,N,05128.161330,E,0.007,234.60,200726,,,A,V*3F
$GNGLL,2520.064856,N,05128.161330,E,113543.500,A,A*47
$GNVTG,234.60,T,,M,0.007,N,0.013,K,A*25
$GNGGA,113543.600,2520.064856,N,05128.161330,E,1,20,0.75,22.095,M,-24.283,M,,*6F
$GNRMC,113543.600,A,2520.064856,N,05128.161330,E,0.007,234.60,200726,,,A,V*3C
$GNGLL,2520.064856,N,05128.161330,E,113543.600,A,A*44
$GNVTG,234.60,T,,M,0.007,N,0.012,K,A*24
$GNGGA,113543.700,2520.064856,N,05128.161330,E,1,20,0.75,22.095,M,-24.283,M,,*6E
$GNRMC,113543.700,A,2520.064856,N,05128.161330,E,0.005,234.60,200726,,,A,V*3F
$GNGLL,2520.064856,N,05128.161330,E,113543.700,A,A*45
$GNVTG,234.60,T,,M,0.005,N,0.010,K,A*24
$GNGGA,113543.800,2520.064856,N,05128.161330,E,1,20,0.75,22.095,M,-24.283,M,,*61
$GNRMC,113543.800,A,2520.064856,N,05128.161330,E,0.004,234.60,200726,,,A,V*31
$GNGLL,2520.064856,N,05128.161330,E,113543.800,A,A*4A
$GNVTG,234.60,T,,M,0.004,N,0.007,K,A*23
$GNGGA,113543.900,2520.064856,N,05128.161330,E,1,20,0.75,22.095,M,-24.283,M,,*60
$GNRMC,113543.900,A,2520.064856,N,05128.161330,E,0.005,234.60,200726,,,A,V*31
$GNGLL,2520.064856,N,05128.161330,E,113543.900,A,A*4B
$GNVTG,234.60,T,,M,0.005,N,0.009,K,A*2C
$GNGGA,113544.000,2520.064856,N,05128.161330,E,1,20,0.75,22.095,M,-24.283,M,,*6E
$GNRMC,113544.000,A,2520.064856,N,05128.161330,E,0.004,234.60,200726,,,A,V*3E
$GNGLL,2520.064856,N,05128.161330,E,113544.000,A,A*45
$GNVTG,234.60,T,,M,0.004,N,0.007,K,A*23
$GNGSA,A,3,02,03,04,09,16,26,28,31,,,,,1.70,0.75,1.53,1*05
$GNGSA,A,3,68,78,79,82,,,,,,,,,1.70,0.75,1.53,2*04
$GNGSA,A,3,19,23,,,,,,,,,,,1.70,0.75,1.53,3*09
$GNGSA,A,3,06,07,10,12,23,32,,,,,,,1.70,0.75,1.53,4*04
$GNGSA,A,3,,,,,,,,,,,,,1.70,0.75,1.53,5*06
$GPGSV,2,1,08,02,39,195,28,03,57,352,24,04,40,296,32,09,13,273,35,1*64
$GPGSV,2,2,08,16,21,135,34,26,31,102,33,28,17,039,25,31,45,043,41,1*6D
$GPGSV,1,1,00,8*6D
$GLGSV,2,1,05,68,36,021,41,78,41,074,40,79,36,145,35,82,07,185,28,1*78
$GLGSV,2,2,05,83,,,19,1*7E
$GAGSV,1,1,02,19,38,033,37,23,16,134,35,7*70
$GAGSV,1,1,00,1*75
$GBGSV,2,1,07,06,11,114,29,07,34,042,39,10,43,048,38,12,31,312,34,1*70
$GBGSV,2,2,07,20,,,24,23,27,054,32,32,40,056,38,1*7C
$GBGSV,1,1,00,5*72
$GQGSV,1,1,00,1*65
$GQGSV,1,1,00,8*6C
$GNGGA,113544.100,2520.064856,N,05128.161329,E,1,20,0.75,22.094,M,-24.282,M,,*67
$GNRMC,113544.100,A,2520.064856,N,05128.161329,E,0.007,234.60,200726,,,A,V*34
$GNGLL,2520.064856,N,05128.161329,E,113544.100,A,A*4C
$GNVTG,234.60,T,,M,0.007,N,0.013,K,A*25
$GNGGA,113544.200,2520.064856,N,05128.161329,E,1,20,0.75,22.094,M,-24.282,M,,*64
$GNRMC,113544.200,A,2520.064856,N,05128.161329,E,0.008,234.60,200726,,,A,V*38
$GNGLL,2520.064856,N,05128.161329,E,113544.200,A,A*4F
$GNVTG,234.60,T,,M,0.008,N,0.015,K,A*2C
$GNGGA,113544.300,2520.064856,N,05128.161329,E,1,20,0.75,22.094,M,-24.282,M,,*65
$GNRMC,113544.300,A,2520.064856,N,05128.161329,E,0.007,234.60,200726,,,A,V*36
$GNGLL,2520.064856,N,05128.161329,E,113544.300,A,A*4E
$GNVTG,234.60,T,,M,0.007,N,0.014,K,A*22
$GNGGA,113544.400,2520.064856,N,05128.161329,E,1,20,0.75,22.094,M,-24.282,M,,*62
$GNRMC,113544.400,A,2520.064856,N,05128.161329,E,0.008,234.60,200726,,,A,V*3E
$GNGLL,2520.064856,N,05128.161329,E,113544.400,A,A*49
$GNVTG,234.60,T,,M,0.008,N,0.014,K,A*2D
$GNGGA,113544.500,2520.064855,N,05128.161328,E,1,20,0.75,22.094,M,-24.282,M,,*61
$GNRMC,113544.500,A,2520.064855,N,05128.161328,E,0.008,234.60,200726,,,A,V*3D
$GNGLL,2520.064855,N,05128.161328,E,113544.500,A,A*4A
$GNVTG,234.60,T,,M,0.008,N,0.015,K,A*2C
$GNGGA,113544.600,2520.064855,N,05128.161328,E,1,20,0.75,22.093,M,-24.282,M,,*65
$GNRMC,113544.600,A,2520.064855,N,05128.161328,E,0.007,234.60,200726,,,A,V*31
$GNGLL,2520.064855,N,05128.161328,E,113544.600,A,A*49
$GNVTG,234.60,T,,M,0.007,N,0.013,K,A*25
$GNGGA,113544.700,2520.064855,N,05128.161328,E,1,20,0.75,22.093,M,-24.282,M,,*64
$GNRMC,113544.700,A,2520.064855,N,05128.161328,E,0.006,234.60,200726,,,A,V*31
$GNGLL,2520.064855,N,05128.161328,E,113544.700,A,A*48
$GNVTG,234.60,T,,M,0.006,N,0.012,K,A*25
$GNGGA,113544.800,2520.064855,N,05128.161328,E,1,20,0.75,22.093,M,-24.282,M,,*6B
$GNRMC,113544.800,A,2520.064855,N,05128.161328,E,0.005,234.60,200726,,,A,V*3D
$GNGLL,2520.064855,N,05128.161328,E,113544.800,A,A*47
$GNVTG,234.60,T,,M,0.005,N,0.009,K,A*2C
$GNGGA,113544.900,2520.064855,N,05128.161328,E,1,20,0.75,22.093,M,-24.282,M,,*6A
$GNRMC,113544.900,A,2520.064855,N,05128.161328,E,0.008,234.60,200726,,,A,V*31
$GNGLL,2520.064855,N,05128.161328,E,113544.900,A,A*46
$GNVTG,234.60,T,,M,0.008,N,0.015,K,A*2C
$GNGGA,113545.000,2520.064855,N,05128.161327,E,1,20,0.75,22.093,M,-24.282,M,,*6D
$GNRMC,113545.000,A,2520.064855,N,05128.161327,E,0.009,234.60,200726,,,A,V*37
$GNGLL,2520.064855,N,05128.161327,E,113545.000,A,A*41
$GNVTG,234.60,T,,M,0.009,N,0.018,K,A*20
$GNGSA,A,3,02,03,04,09,16,26,28,31,,,,,1.70,0.75,1.53,1*05
$GNGSA,A,3,68,78,79,82,,,,,,,,,1.70,0.75,1.53,2*04
$GNGSA,A,3,19,23,,,,,,,,,,,1.70,0.75,1.53,3*09
$GNGSA,A,3,06,07,10,12,23,32,,,,,,,1.70,0.75,1.53,4*04
$GNGSA,A,3,,,,,,,,,,,,,1.70,0.75,1.53,5*06
$GPGSV,2,1,08,02,39,195,29,03,57,352,25,04,40,296,32,09,13,273,35,1*64
$GPGSV,2,2,08,16,21,135,35,26,31,102,33,28,17,039,25,31,45,043,41,1*6C
$GPGSV,1,1,00,8*6D
$GLGSV,2,1,05,68,36,021,41,78,41,074,40,79,36,145,36,82,07,185,29,1*7A
$GLGSV,2,2,05,83,,,18,1*7F
$GAGSV,1,1,02,19,38,033,37,23,16,134,36,7*73
$GAGSV,1,1,00,1*75
$GBGSV,2,1,07,06,11,114,28,07,34,042,39,10,43,048,38,12,31,312,33,1*76
$GBGSV,2,2,07,20,,,24,23,27,054,31,32,40,056,37,1*70
$GBGSV,1,1,00,5*72
$GQGSV,1,1,00,1*65
$GQGSV,1,1,00,8*6C
$GNGGA,113545.100,2520.064855,N,05128.161327,E,1,20,0.75,22.094,M,-24.283,M,,*6A
$GNRMC,113545.100,A,2520.064855,N,05128.161327,E,0.010,234.60,200726,,,A,V*3E
$GNGLL,2520.064855,N,05128.161327,E,113545.100,A,A*40
$GNVTG,234.60,T,,M,0.010,N,0.018,K,A*28
$GNGGA,113545.200,2520.064855,N,05128.161327,E,1,20,0.75,22.094,M,-24.283,M,,*69
$GNRMC,113545.200,A,2520.064855,N,05128.161327,E,0.007,234.60,200726,,,A,V*3B
$GNGLL,2520.064855,N,05128.161327,E,113545.200,A,A*43
$GNVTG,234.60,T,,M,0.007,N,0.013,K,A*25
$GNGGA,113545.300,2520.064855,N,05128.161327,E,1,20,0.75,22.094,M,-24.283,M,,*68
$GNRMC,113545.300,A,2520.064855,N,05128.161327,E,0.006,234.60,200726,,,A,V*3B
$GNGLL,2520.064855,N,05128.161327,E,113545.300,A,A*42
$GNVTG,234.60,T,,M,0.006,N,0.012,K,A*25
$GNGGA,113545.400,2520.064855,N,05128.161327,E,1,20,0.75,22.094,M,-24.283,M,,*6F
$GNRMC,113545.400,A,2520.064855,N,05128.161327,E,0.006,234.60,200726,,,A,V*3C
$GNGLL,2520.064855,N,05128.161327,E,113545.400,A,A*45
$GNVTG,234.60,T,,M,0.006,N,0.011,K,A*26
$GNGGA,113545.500,2520.064855,N,05128.161326,E,1,20,0.75,22.094,M,-24.283,M,,*6F
$GNRMC,113545.500,A,2520.064855,N,05128.161326,E,0.008,234.60,200726,,,A,V*32
$GNGLL,2520.064855,N,05128.161326,E,113545.500,A,A*45
$GNVTG,234.60,T,,M,0.008,N,0.014,K,A*2D
$GNGGA,113545.600,2520.064855,N,05128.161326,E,1,20,0.75,22.094,M,-24.283,M,,*6C
$GNRMC,113545.600,A,2520.064855,N,05128.161326,E,0.006,234.60,200726,,,A,V*3F
$GNGLL,2520.064855,N,05128.161326,E,113545.600,A,A*46
$GNVTG,234.60,T,,M,0.006,N,0.010,K,A*27
$GNGGA,113545.700,2520.064855,N,05128.161326,E,1,20,0.75,22.094,M,-24.283,M,,*6D
$GNRMC,113545.700,A,2520.064855,N,05128.161326,E,0.009,234.60,200726,,,A,V*31
$GNGLL,2520.064855,N,05128.161326,E,113545.700,A,A*47
$GNVTG,234.60,T,,M,0.009,N,0.017,K,A*2F
$GNGGA,113545.800,2520.064854,N,05128.161326,E,1,20,0.75,22.094,M,-24.283,M,,*63
$GNRMC,113545.800,A,2520.064854,N,05128.161326,E,0.007,234.60,200726,,,A,V*31
$GNGLL,2520.064854,N,05128.161326,E,113545.800,A,A*49
$GNVTG,234.60,T,,M,0.007,N,0.013,K,A*25
$GNGGA,113545.900,2520.064854,N,05128.161326,E,1,20,0.75,22.094,M,-24.283,M,,*62
$GNRMC,113545.900,A,2520.064854,N,05128.161326,E,0.005,234.60,200726,,,A,V*32
$GNGLL,2520.064854,N,05128.161326,E,113545.900,A,A*48
$GNVTG,234.60,T,,M,0.005,N,0.009,K,A*2C
$GNGGA,113546.000,2520.064854,N,05128.161325,E,1,20,0.75,22.094,M,-24.283,M,,*6B
$GNRMC,113546.000,A,2520.064854,N,05128.161325,E,0.005,234.60,200726,,,A,V*3B
$GNGLL,2520.064854,N,05128.161325,E,113546.000,A,A*41
$GNVTG,234.60,T,,M,0.005,N,0.009,K,A*2C
$GNGSA,A,3,02,03,04,09,16,26,28,31,,,,,1.70,0.75,1.53,1*05
$GNGSA,A,3,68,78,79,82,,,,,,,,,1.70,0.75,1.53,2*04
$GNGSA,A,3,19,23,,,,,,,,,,,1.70,0.75,1.53,3*09
$GNGSA,A,3,06,07,10,12,23,32,,,,,,,1.70,0.75,1.53,4*04
$GNGSA,A,3,,,,,,,,,,,,,1.70,0.75,1.53,5*06
$GPGSV,2,1,08,02,39,195,28,03,57,352,25,04,40,296,32,09,13,273,35,1*65
$GPGSV,2,2,08,16,21,135,35,26,31,102,33,28,17,039,25,31,45,043,41,1*6C
$GPGSV,1,1,00,8*6D
$GLGSV,2,1,05,68,36,021,40,78,41,074,40,79,36,145,36,82,07,185,27,1*75
$GLGSV,2,2,05,83,,,18,1*7F
$GAGSV,1,1,02,19,38,033,38,23,16,134,36,7*7C
$GAGSV,1,1,00,1*75
$GBGSV,2,1,07,06,11,114,27,07,34,042,40,10,43,048,38,12,31,312,33,1*77
$GBGSV,2,2,07,20,,,23,23,27,054,30,32,40,056,38,1*79
$GBGSV,1,1,00,5*72
$GQGSV,1,1,00,1*65
$GQGSV,1,1,00,8*6C
$GNGGA,113546.100,2520.064854,N,05128.161325,E,1,20,0.75,22.094,M,-24.283,M,,*6A
$GNRMC,113546.100,A,2520.064854,N,05128.161325,E,0.006,234.60,200726,,,A,V*39
$GNGLL,2520.064854,N,05128.161325,E,113546.100,A,A*40
$GNVTG,234.60,T,,M,0.006,N,0.011,K,A*26
$GNGGA,113546.200,2520.064854,N,05128.161325,E,1,20,0.75,22.094,M,-24.283,M,,*69
$GNRMC,113546.200,A,2520.064854,N,05128.161325,E,0.007,234.60,200726,,,A,V*3B
$GNGLL,2520.064854,N,05128.161325,E,113546.200,A,A*43
$GNVTG,234.60,T,,M,0.007,N,0.013,K,A*25
$GNGGA,113546.300,2520.064854,N,05128.161325,E,1,20,0.75,22.094,M,-24.283,M,,*68
$GNRMC,113546.300,A,2520.064854,N,05128.161325,E,0.006,234.60,200726,,,A,V*3B
$GNGLL,2520.064854,N,05128.161325,E,113546.300,A,A*42
$GNVTG,234.60,T,,M,0.006,N,0.011,K,A*26
$GNGGA,113546.400,2520.064854,N,05128.161325,E,1,20,0.75,22.094,M,-24.283,M,,*6F
$GNRMC,113546.400,A,2520.064854,N,05128.161325,E,0.006,234.60,200726,,,A,V*3C
$GNGLL,2520.064854,N,05128.161325,E,113546.400,A,A*45
$GNVTG,234.60,T,,M,0.006,N,0.011,K,A*26
$GNGGA,113546.500,2520.064854,N,05128.161325,E,1,20,0.75,22.094,M,-24.283,M,,*6E
$GNRMC,113546.500,A,2520.064854,N,05128.161325,E,0.006,234.60,200726,,,A,V*3D
$GNGLL,2520.064854,N,05128.161325,E,113546.500,A,A*44
$GNVTG,234.60,T,,M,0.006,N,0.011,K,A*26
$GNGGA,113546.600,2520.064854,N,05128.161324,E,1,20,0.75,22.094,M,-24.283,M,,*6C
$GNRMC,113546.600,A,2520.064854,N,05128.161324,E,0.006,234.60,200726,,,A,V*3F
$GNGLL,2520.064854,N,05128.161324,E,113546.600,A,A*46
$GNVTG,234.60,T,,M,0.006,N,0.010,K,A*27
$GNGGA,113546.700,2520.064854,N,05128.161324,E,1,20,0.75,22.093,M,-24.283,M,,*6A
$GNRMC,113546.700,A,2520.064854,N,05128.161324,E,0.008,234.60,200726,,,A,V*30
$GNGLL,2520.064854,N,05128.161324,E,113546.700,A,A*47
$GNVTG,234.60,T,,M,0.008,N,0.015,K,A*2C
$GNGGA,113546.800,2520.064854,N,05128.161324,E,1,20,0.75,22.093,M,-24.283,M,,*65
$GNRMC,113546.800,A,2520.064854,N,05128.161324,E,0.012,234.60,200726,,,A,V*34
$GNGLL,2520.064854,N,05128.161324,E,113546.800,A,A*48
$GNVTG,234.60,T,,M,0.012,N,0.022,K,A*23
$GNGGA,113546.900,2520.064854,N,05128.161324,E,1,20,0.75,22.093,M,-24.283,M,,*64
$GNRMC,113546.900,A,2520.064854,N,05128.161324,E,0.006,234.60,200726,,,A,V*30
$GNGLL,2520.064854,N,05128.161324,E,113546.900,A,A*49
$GNVTG,234.60,T,,M,0.006,N,0.012,K,A*25
$GNGGA,113547.000,2520.064853,N,05128.161323,E,1,20,0.75,22.093,M,-24.283,M,,*6C
$GNRMC,113547.000,A,2520.064853,N,05128.161323,E,0.008,234.60,200726,,,A,V*36
$GNGLL,2520.064853,N,05128.161323,E,113547.000,A,A*41
$GNVTG,234.60,T,,M,0.008,N,0.015,K,A*2C
$GNGSA,A,3,02,03,04,09,16,26,28,31,,,,,1.70,0.75,1.53,1*05
$GNGSA,A,3,68,78,79,82,,,,,,,,,1.70,0.75,1.53,2*04
$GNGSA,A,3,19,23,,,,,,,,,,,1.70,0.75,1.53,3*09
$GNGSA,A,3,06,07,10,12,23,32,,,,,,,1.70,0.75,1.53,4*04
$GNGSA,A,3,,,,,,,,,,,,,1.70,0.75,1.53,5*06
$GPGSV,2,1,08,02,39,195,28,03,57,352,25,04,40,296,32,09,13,273,35,1*65
$GPGSV,2,2,08,16,21,135,35,26,31,102,32,28,17,039,25,31,45,043,41,1*6D
$GPGSV,1,1,00,8*6D
$GLGSV,2,1,05,68,36,021,41,78,41,074,39,79,36,145,36,82,07,185,28,1*75
$GLGSV,2,2,05,83,,,15,1*72
$GAGSV,1,1,02,19,38,033,37,23,16,134,37,7*72
$GAGSV,1,1,00,1*75
$GBGSV,2,1,07,06,11,114,27,07,34,042,39,10,43,048,38,12,31,312,33,1*79
$GBGSV,2,2,07,20,,,23,23,27,054,32,32,40,056,38,1*7B
$GBGSV,1,1,00,5*72
$GQGSV,1,1,00,1*65
$GQGSV,1,1,00,8*6C
$GNGGA,113547.100,2520.064853,N,05128.161323,E,1,20,0.75,22.093,M,-24.283,M,,*6D
$GNRMC,113547.100,A,2520.064853,N,05128.161323,E,0.011,234.60,200726,,,A,V*3F
$GNGLL,2520.064853,N,05128.161323,E,113547.100,A,A*40
$GNVTG,234.60,T,,M,0.011,N,0.021,K,A*23
$GNGGA,113547.200,2520.064853,N,05128.161323,E,1,20,0.75,22.093,M,-24.283,M,,*6E
$GNRMC,113547.200,A,2520.064853,N,05128.161323,E,0.008,234.60,200726,,,A,V*34
$GNGLL,2520.064853,N,05128.161323,E,113547.200,A,A*43
$GNVTG,234.60,T,,M,0.008,N,0.015,K,A*2C
$GNGGA,113547.300,2520.064853,N,05128.161323,E,1,20,0.75,22.093,M,-24.283,M,,*6F
$GNRMC,113547.300,A,2520.064853,N,05128.161323,E,0.009,234.60,200726,,,A,V*34
$GNGLL,2520.064853,N,05128.161323,E,113547.300,A,A*42
$GNVTG,234.60,T,,M,0.009,N,0.016,K,A*2E
$GNGGA,113547.400,2520.064853,N,05128.161322,E,1,20,0.75,22.093,M,-24.283,M,,*69
$GNRMC,113547.400,A,2520.064853,N,05128.161322,E,0.006,234.60,200726,,,A,V*3D
$GNGLL,2520.064853,N,05128.161322,E,113547.400,A,A*44
$GNVTG,234.60,T,,M,0.006,N,0.011,K,A*26
$GNGGA,113547.500,2520.064853,N,05128.161322,E,1,20,0.75,22.093,M,-24.283,M,,*68
$GNRMC,113547.500,A,2520.064853,N,05128.161322,E,0.007,234.60,200726,,,A,V*3D
$GNGLL,2520.064853,N,05128.161322,E,113547.500,A,A*45
$GNVTG,234.60,T,,M,0.007,N,0.012,K,A*24
$GNGGA,113547.600,2520.064853,N,05128.161322,E,1,20,0.75,22.093,M,-24.283,M,,*6B
$GNRMC,113547.600,A,2520.064853,N,05128.161322,E,0.008,234.60,200726,,,A,V*31
$GNGLL,2520.064853,N,05128.161322,E,113547.600,A,A*46
$GNVTG,234.60,T,,M,0.008,N,0.014,K,A*2D
$GNGGA,113547.700,2520.064853,N,05128.161322,E,1,20,0.75,22.093,M,-24.283,M,,*6A
$GNRMC,113547.700,A,2520.064853,N,05128.161322,E,0.007,234.60,200726,,,A,V*3F
$GNGLL,2520.064853,N,05128.161322,E,113547.700,A,A*47
$GNVTG,234.60,T,,M,0.007,N,0.013,K,A*25
$GNGGA,113547.800,2520.064853,N,05128.161322,E,1,20,0.75,22.093,M,-24.283,M,,*65
$GNRMC,113547.800,A,2520.064853,N,05128.161322,E,0.007,234.60,200726,,,A,V*30
$GNGLL,2520.064853,N,05128.161322,E,113547.800,A,A*48
$GNVTG,234.60,T,,M,0.007,N,0.014,K,A*22
$GNGGA,113547.900,2520.064853,N,05128.161321,E,1,20,0.75,22.093,M,-24.283,M,,*67
$GNRMC,113547.900,A,2520.064853,N,05128.161321,E,0.007,234.60,200726,,,A,V*32
$GNGLL,2520.064853,N,05128.161321,E,113547.900,A,A*4A
$GNVTG,234.60,T,,M,0.007,N,0.013,K,A*25
$GNGGA,113548.000,2520.064853,N,05128.161321,E,1,20,0.75,22.093,M,-24.283,M,,*61
$GNRMC,113548.000,A,2520.064853,N,05128.161321,E,0.009,234.60,200726,,,A,V*3A
$GNGLL,2520.064853,N,05128.161321,E,113548.000,A,A*4C
$GNVTG,234.60,T,,M,0.009,N,0.016,K,A*2E
$GNGSA,A,3,02,03,04,09,16,26,28,31,,,,,1.70,0.75,1.53,1*05
$GNGSA,A,3,68,78,79,82,,,,,,,,,1.70,0.75,1.53,2*04
$GNGSA,A,3,19,23,,,,,,,,,,,1.70,0.75,1.53,3*09
$GNGSA,A,3,06,07,10,12,23,32,,,,,,,1.70,0.75,1.53,4*04
$GNGSA,A,3,,,,,,,,,,,,,1.70,0.75,1.53,5*06
$GPGSV,2,1,08,02,39,195,28,03,57,352,25,04,40,296,33,09,13,273,35,1*64
$GPGSV,2,2,08,16,21,135,35,26,31,102,34,28,17,039,24,31,45,043,41,1*6A
$GPGSV,1,1,00,8*6D
$GLGSV,2,1,05,68,36,021,41,78,41,074,39,79,36,145,35,82,07,185,28,1*76
$GLGSV,2,2,05,83,,,16,1*71
$GAGSV,1,1,02,19,38,033,37,23,16,134,36,7*73
$GAGSV,1,1,00,1*75
$GBGSV,2,1,07,06,11,114,28,07,34,042,39,10,43,048,38,12,31,312,33,1*76
$GBGSV,2,2,07,20,,,22,23,27,054,32,32,40,056,38,1*7A
$GBGSV,1,1,00,5*72
$GQGSV,1,1,00,1*65
$GQGSV,1,1,00,8*6C
$GNGGA,113548.100,2520.064853,N,05128.161321,E,1,20,0.75,22.092,M,-24.282,M,,*60
$GNRMC,113548.100,A,2520.064853,N,05128.161321,E,0.009,234.60,200726,,,A,V*3B
$GNGLL,2520.064853,N,05128.161321,E,113548.100,A,A*4D
$GNVTG,234.60,T,,M,0.009,N,0.017,K,A*2F
$GNGGA,113548.200,2520.064853,N,05128.161321,E,1,20,0.75,22.092,M,-24.282,M,,*63
$GNRMC,113548.200,A,2520.064853,N,05128.161321,E,0.005,234.60,200726,,,A,V*34
$GNGLL,2520.064853,N,05128.161321,E,113548.200,A,A*4E
$GNVTG,234.60,T,,M,0.005,N,0.009,K,A*2C
$GNGGA,113548.300,2520.064853,N,05128.161320,E,1,20,0.75,22.092,M,-24.282,M,,*63
$GNRMC,113548.300,A,2520.064853,N,05128.161320,E,0.007,234.60,200726,,,A,V*36
$GNGLL,2520.064853,N,05128.161320,E,113548.300,A,A*4E
$GNVTG,234.60,T,,M,0.007,N,0.013,K,A*25
$GNGGA,113548.400,2520.064853,N,05128.161320,E,1,20,0.75,22.092,M,-24.282,M,,*64
$GNRMC,113548.400,A,2520.064853,N,05128.161320,E,0.008,234.60,200726,,,A,V*3E
$GNGLL,2520.064853,N,05128.161320,E,113548.400,A,A*49
$GNVTG,234.60,T,,M,0.008,N,0.015,K,A*2C
$GNGGA,113548.500,2520.064853,N,05128.161320,E,1,20,0.75,22.092,M,-24.282,M,,*65
$GNRMC,113548.500,A,2520.064853,N,05128.161320,E,0.009,234.60,200726,,,A,V*3E
$GNGLL,2520.064853,N,05128.161320,E,113548.500,A,A*48
$GNVTG,234.60,T,,M,0.009,N,0.017,K,A*2F
$GNGGA,113548.600,2520.064853,N,05128.161320,E,1,20,0.75,22.092,M,-24.282,M,,*66
$GNRMC,113548.600,A,2520.064853,N,05128.161320,E,0.010,234.60,200726,,,A,V*35
$GNGLL,2520.064853,N,05128.161320,E,113548.600,A,A*4B
$GNVTG,234.60,T,,M,0.010,N,0.018,K,A*28
$GNGGA,113548.700,2520.064853,N,05128.161319,E,1,20,0.75,22.092,M,-24.282,M,,*6D
$GNRMC,113548.700,A,2520.064853,N,05128.161319,E,0.010,234.60,200726,,,A,V*3E
$GNGLL,2520.064853,N,05128.161319,E,113548.700,A,A*40
$GNVTG,234.60,T,,M,0.010,N,0.019,K,A*29
$GNGGA,113548.800,2520.064853,N,05128.161319,E,1,20,0.75,22.092,M,-24.282,M,,*62
$GNRMC,113548.800,A,2520.064853,N,05128.161319,E,0.010,234.60,200726,,,A,V*31
$GNGLL,2520.064853,N,05128.161319,E,113548.800,A,A*4F
$GNVTG,234.60,T,,M,0.010,N,0.018,K,A*28
$GNGGA,113548.900,2520.064853,N,05128.161319,E,1,20,0.75,22.092,M,-24.282,M,,*63
$GNRMC,113548.900,A,2520.064853,N,05128.161319,E,0.006,234.60,200726,,,A,V*37
$GNGLL,2520.064853,N,05128.161319,E,113548.900,A,A*4E
$GNVTG,234.60,T,,M,0.006,N,0.012,K,A*25
$GNGGA,113549.000,2520.064853,N,05128.161319,E,1,20,0.75,22.092,M,-24.282,M,,*6B
$GNRMC,113549.000,A,2520.064853,N,05128.161319,E,0.013,234.60,200726,,,A,V*3B
$GNGLL,2520.064853,N,05128.161319,E,113549.000,A,A*46
$GNVTG,234.60,T,,M,0.013,N,0.023,K,A*23
$GNGSA,A,3,02,03,04,09,16,26,28,31,,,,,1.70,0.75,1.53,1*05
$GNGSA,A,3,68,78,79,82,,,,,,,,,1.70,0.75,1.53,2*04
$GNGSA,A,3,19,23,,,,,,,,,,,1.70,0.75,1.53,3*09
$GNGSA,A,3,06,07,10,12,23,32,,,,,,,1.70,0.75,1.53,4*04
$GNGSA,A,3,,,,,,,,,,,,,1.70,0.75,1.53,5*06
$GPGSV,2,1,08,02,39,195,28,03,57,352,24,04,40,296,31,09,13,273,35,1*67
$GPGSV,2,2,08,16,21,135,36,26,31,102,33,28,17,039,25,31,45,043,41,1*6F
$GPGSV,1,1,00,8*6D
$GLGSV,2,1,05,68,36,021,40,78,41,074,39,79,36,145,35,82,07,185,28,1*77
$GLGSV,2,2,05,83,,,15,1*72
$GAGSV,1,1,02,19,38,033,38,23,16,134,36,7*7C
$GAGSV,1,1,00,1*75
$GBGSV,2,1,07,06,11,114,25,07,34,042,39,10,43,048,38,12,31,312,34,1*7C
$GBGSV,2,2,07,20,,,23,23,27,054,31,32,40,056,37,1*77
$GBGSV,1,1,00,5*72
$GQGSV,1,1,00,1*65
$GQGSV,1,1,00,8*6C
$GNGGA,113549.100,2520.064853,N,05128.161318,E,1,20,0.75,22.093,M,-24.283,M,,*6B
$GNRMC,113549.100,A,2520.064853,N,05128.161318,E,0.010,234.60,200726,,,A,V*38
$GNGLL,2520.064853,N,05128.161318,E,113549.100,A,A*46
$GNVTG,234.60,T,,M,0.010,N,0.018,K,A*28
$GNGGA,113549.200,2520.064853,N,05128.161318,E,1,20,0.75,22.092,M,-24.283,M,,*69
$GNRMC,113549.200,A,2520.064853,N,05128.161318,E,0.008,234.60,200726,,,A,V*32
$GNGLL,2520.064853,N,05128.161318,E,113549.200,A,A*45
$GNVTG,234.60,T,,M,0.008,N,0.015,K,A*2C
$GNGGA,113549.300,2520.064853,N,05128.161318,E,1,20,0.75,22.092,M,-24.283,M,,*68
$GNRMC,113549.300,A,2520.064853,N,05128.161318,E,0.009,234.60,200726,,,A,V*32
$GNGLL,2520.064853,N,05128.161318,E,113549.300,A,A*44
$GNVTG,234.60,T,,M,0.009,N,0.017,K,A*2F
$GNGGA,113549.400,2520.064853,N,05128.161317,E,1,20,0.75,22.092,M,-24.283,M,,*60
$GNRMC,113549.400,A,2520.064853,N,05128.161317,E,0.008,234.60,200726,,,A,V*3B
$GNGLL,2520.064853,N,05128.161317,E,113549.400,A,A*4C
$GNVTG,234.60,T,,M,0.008,N,0.014,K,A*2D
$GNGGA,113549.500,2520.064853,N,05128.161317,E,1,20,0.75,22.092,M,-24.283,M,,*61
$GNRMC,113549.500,A,2520.064853,N,05128.161317,E,0.006,234.60,200726,,,A,V*34
$GNGLL,2520.064853,N,05128.161317,E,113549.500,A,A*4D
$GNVTG,234.60,T,,M,0.006,N,0.012,K,A*25
$GNGGA,113549.600,2520.064853,N,05128.161317,E,1,20,0.75,22.092,M,-24.283,M,,*62
$GNRMC,113549.600,A,2520.064853,N,05128.161317,E,0.007,234.60,200726,,,A,V*36
$GNGLL,2520.064853,N,05128.161317,E,113549.600,A,A*4E
$GNVTG,234.60,T,,M,0.007,N,0.013,K,A*25
$GNGGA,113549.700,2520.064853,N,05128.161317,E,1,20,0.75,22.092,M,-24.283,M,,*63
$GNRMC,113549.700,A,2520.064853,N,05128.161317,E,0.008,234.60,200726,,,A,V*38
$GNGLL,2520.064853,N,05128.161317,E,113549.700,A,A*4F
$GNVTG,234.60,T,,M,0.008,N,0.015,K,A*2C
$GNGGA,113549.800,2520.064853,N,05128.161317,E,1,20,0.75,22.092,M,-24.283,M,,*6C
$GNRMC,113549.800,A,2520.064853,N,05128.161317,E,0.008,234.60,200726,,,A,V*37
$GNGLL,2520.064853,N,05128.161317,E,113549.800,A,A*40
$GNVTG,234.60,T,,M,0.008,N,0.015,K,A*2C
$GNGGA,113549.900,2520.064853,N,05128.161317,E,1,20,0.75,22.092,M,-24.283,M,,*6D
$GNRMC,113549.900,A,2520.064853,N,05128.161317,E,0.007,234.60,200726,,,A,V*39
$GNGLL,2520.064853,N,05128.161317,E,113549.900,A,A*41
$GNVTG,234.60,T,,M,0.007,N,0.012,K,A*24
$GNGGA,113550.000,2520.064853,N,05128.161317,E,1,20,0.75,22.092,M,-24.283,M,,*6C
$GNRMC,113550.000,A,2520.064853,N,05128.161317,E,0.004,234.60,200726,,,A,V*3B
$GNGLL,2520.064853,N,05128.161317,E,113550.000,A,A*40
$GNVTG,234.60,T,,M,0.004,N,0.007,K,A*23
$GNGSA,A,3,02,03,04,09,16,26,28,31,,,,,1.70,0.75,1.53,1*05
$GNGSA,A,3,68,78,79,82,,,,,,,,,1.70,0.75,1.53,2*04
$GNGSA,A,3,19,23,,,,,,,,,,,1.70,0.75,1.53,3*09
$GNGSA,A,3,06,07,10,12,23,32,,,,,,,1.70,0.75,1.53,4*04
$GNGSA,A,3,,,,,,,,,,,,,1.70,0.75,1.53,5*06
$GPGSV,2,1,08,02,39,195,27,03,57,352,24,04,40,296,31,09,13,273,34,1*69
$GPGSV,2,2,08,16,21,135,35,26,31,102,33,28,17,039,25,31,45,043,41,1*6C
$GPGSV,1,1,00,8*6D
$GLGSV,2,1,05,68,36,021,41,78,41,074,40,79,36,145,35,82,07,185,31,1*70
$GLGSV,2,2,05,83,,,16,1*71
$GAGSV,1,1,02,19,38,033,38,23,16,134,36,7*7C
$GAGSV,1,1,00,1*75
$GBGSV,2,1,07,06,11,114,27,07,34,042,39,10,43,048,38,12,31,312,34,1*7E
$GBGSV,2,2,07,20,,,21,23,27,054,33,32,40,056,37,1*77
$GBGSV,1,1,00,5*72
$GQGSV,1,1,00,1*65
$GQGSV,1,1,00,8*6C
$GNGGA,113550.100,2520.064853,N,05128.161316,E,1,20,0.75,22.092,M,-24.283,M,,*6C
$GNRMC,113550.100,A,2520.064853,N,05128.161316,E,0.007,234.60,200726,,,A,V*38
$GNGLL,2520.064853,N,05128.161316,E,113550.100,A,A*40
$GNVTG,234.60,T,,M,0.007,N,0.013,K,A*25
$GNGGA,113550.200,2520.064853,N,05128.161316,E,1,20,0.75,22.092,M,-24.283,M,,*6F
$GNRMC,113550.200,A,2520.064853,N,05128.161316,E,0.007,234.60,200726,,,A,V*3B
$GNGLL,2520.064853,N,05128.161316,E,113550.200,A,A*43
$GNVTG,234.60,T,,M,0.007,N,0.014,K,A*22
$GNGGA,113550.300,2520.064853,N,05128.161316,E,1,20,0.75,22.092,M,-24.283,M,,*6E
$GNRMC,113550.300,A,2520.064853,N,05128.161316,E,0.007,234.60,200726,,,A,V*3A
$GNGLL,2520.064853,N,05128.161316,E,113550.300,A,A*42
$GNVTG,234.60,T,,M,0.007,N,0.013,K,A*25
$GNGGA,113550.400,2520.064853,N,05128.161316,E,1,20,0.75,22.092,M,-24.283,M,,*69
$GNRMC,113550.400,A,2520.064853,N,05128.161316,E,0.007,234.60,200726,,,A,V*3D
$GNGLL,2520.064853,N,05128.161316,E,113550.400,A,A*45
$GNVTG,234.60,T,,M,0.007,N,0.013,K,A*25
$GNGGA,113550.500,2520.064853,N,05128.161316,E,1,20,0.75,22.092,M,-24.283,M,,*68
$GNRMC,113550.500,A,2520.064853,N,05128.161316,E,0.007,234.60,200726,,,A,V*3C
$GNGLL,2520.064853,N,05128.161316,E,113550.500,A,A*44
$GNVTG,234.60,T,,M,0.007,N,0.013,K,A*25
$GNGGA,113550.600,2520.064852,N,05128.161316,E,1,20,0.75,22.092,M,-24.283,M,,*6A
$GNRMC,113550.600,A,2520.064852,N,05128.161316,E,0.005,234.60,200726,,,A,V*3C
$GNGLL,2520.064852,N,05128.161316,E,113550.600,A,A*46
$GNVTG,234.60,T,,M,0.005,N,0.009,K,A*2C
$GNGGA,113550.700,2520.064852,N,05128.161316,E,1,20,0.75,22.092,M,-24.283,M,,*6B
$GNRMC,113550.700,A,2520.064852,N,05128.161316,E,0.003,234.60,200726,,,A,V*3B
$GNGLL,2520.064852,N,05128.161316,E,113550.700,A,A*47
$GNVTG,234.60,T,,M,0.003,N,0.005,K,A*26
$GNGGA,113550.800,2520.064852,N,05128.161316,E,1,20,0.75,22.092,M,-24.283,M,,*64
$GNRMC,113550.800,A,2520.064852,N,05128.161316,E,0.005,234.60,200726,,,A,V*32
$GNGLL,2520.064852,N,05128.161316,E,113550.800,A,A*48
$GNVTG,234.60,T,,M,0.005,N,0.009,K,A*2C
$GNGGA,113550.900,2520.064852,N,05128.161316,E,1,20,0.75,22.092,M,-24.283,M,,*65
$GNRMC,113550.900,A,2520.064852,N,05128.161316,E,0.007,234.60,200726,,,A,V*31
$GNGLL,2520.064852,N,05128.161316,E,113550.900,A,A*49
$GNVTG,234.60,T,,M,0.007,N,0.014,K,A*22
$GNGGA,113551.000,2520.064852,N,05128.161315,E,1,20,0.75,22.092,M,-24.283,M,,*6E
$GNRMC,113551.000,A,2520.064852,N,05128.161315,E,0.007,234.60,200726,,,A,V*3A
$GNGLL,2520.064852,N,05128.161315,E,113551.000,A,A*42
$GNVTG,234.60,T,,M,0.007,N,0.014,K,A*22
$GNGSA,A,3,02,03,04,09,16,26,28,31,,,,,1.70,0.75,1.53,1*05
$GNGSA,A,3,68,78,79,82,,,,,,,,,1.70,0.75,1.53,2*04
$GNGSA,A,3,19,23,,,,,,,,,,,1.70,0.75,1.53,3*09
$GNGSA,A,3,06,07,10,12,23,32,,,,,,,1.70,0.75,1.53,4*04
$GNGSA,A,3,,,,,,,,,,,,,1.70,0.75,1.53,5*06
$GPGSV,2,1,08,02,39,195,25,03,57,352,27,04,40,296,32,09,13,273,35,1*6A
$GPGSV,2,2,08,16,21,135,36,26,31,102,32,28,17,039,25,31,45,043,40,1*6F
$GPGSV,1,1,00,8*6D
$GLGSV,2,1,05,68,36,021,41,78,41,074,40,79,36,145,35,82,07,185,28,1*78
$GLGSV,2,2,05,83,,,17,1*70
$GAGSV,1,1,02,19,38,033,38,23,16,134,35,7*7F
$GAGSV,1,1,00,1*75
$GBGSV,2,1,07,06,11,114,25,07,34,042,39,10,43,048,38,12,31,312,35,1*7D
$GBGSV,2,2,07,20,,,23,23,27,054,32,32,40,056,37,1*74
$GBGSV,1,1,00,5*72
$GQGSV,1,1,00,1*65
$GQGSV,1,1,00,8*6C
$GNGGA,113551.100,2520.064852,N,05128.161315,E,1,20,0.75,22.092,M,-24.283,M,,*6F
$GNRMC,113551.100,A,2520.064852,N,05128.161315,E,0.006,234.60,200726,,,A,V*3A
$GNGLL,2520.064852,N,05128.161315,E,113551.100,A,A*43
$GNVTG,234.60,T,,M,0.006,N,0.011,K,A*26
$GNGGA,113551.200,2520.064852,N,05128.161315,E,1,20,0.75,22.092,M,-24.283,M,,*6C
$GNRMC,113551.200,A,2520.064852,N,05128.161315,E,0.003,234.60,200726,,,A,V*3C
$GNGLL,2520.064852,N,05128.161315,E,113551.200,A,A*40
$GNVTG,234.60,T,,M,0.003,N,0.005,K,A*26
$GNGGA,113551.300,2520.064852,N,05128.161315,E,1,20,0.75,22.091,M,-24.283,M,,*6E
$GNRMC,113551.300,A,2520.064852,N,05128.161315,E,0.006,234.60,200726,,,A,V*38
$GNGLL,2520.064852,N,05128.161315,E,113551.300,A,A*41
$GNVTG,234.60,T,,M,0.006,N,0.011,K,A*26
$GNGGA,113551.400,2520.064852,N,05128.161315,E,1,20,0.75,22.091,M,-24.283,M,,*69
$GNRMC,113551.400,A,2520.064852,N,05128.161315,E,0.005,234.60,200726,,,A,V*3C
$GNGLL,2520.064852,N,05128.161315,E,113551.400,A,A*46
$GNVTG,234.60,T,,M,0.005,N,0.010,K,A*24
$GNGGA,113551.500,2520.064852,N,05128.161315,E,1,20,0.75,22.091,M,-24.283,M,,*68
$GNRMC,113551.500,A,2520.064852,N,05128.161315,E,0.006,234.60,200726,,,A,V*3E
$GNGLL,2520.064852,N,05128.161315,E,113551.500,A,A*47
$GNVTG,234.60,T,,M,0.006,N,0.011,K,A*26
$GNGGA,113551.600,2520.064852,N,05128.161314,E,1,20,0.75,22.091,M,-24.283,M,,*6A
$GNRMC,113551.600,A,2520.064852,N,05128.161314,E,0.007,234.60,200726,,,A,V*3D
$GNGLL,2520.064852,N,05128.161314,E,113551.600,A,A*45
$GNVTG,234.60,T,,M,0.007,N,0.014,K,A*22
$GNGGA,113551.700,2520.064852,N,05128.161314,E,1,20,0.75,22.092,M,-24.283,M,,*68
$GNRMC,113551.700,A,2520.064852,N,05128.161314,E,0.005,234.60,200726,,,A,V*3E
$GNGLL,2520.064852,N,05128.161314,E,113551.700,A,A*44
$GNVTG,234.60,T,,M,0.005,N,0.009,K,A*2C
$GNGGA,113551.800,2520.064852,N,05128.161314,E,1,20,0.75,22.092,M,-24.283,M,,*67
$GNRMC,113551.800,A,2520.064852,N,05128.161314,E,0.006,234.60,200726,,,A,V*32
$GNGLL,2520.064852,N,05128.161314,E,113551.800,A,A*4B
$GNVTG,234.60,T,,M,0.006,N,0.011,K,A*26
$GNGGA,113551.900,2520.064852,N,05128.161314,E,1,20,0.75,22.091,M,-24.283,M,,*65
$GNRMC,113551.900,A,2520.064852,N,05128.161314,E,0.009,234.60,200726,,,A,V*3C
$GNGLL,2520.064852,N,05128.161314,E,113551.900,A,A*4A
$GNVTG,234.60,T,,M,0.009,N,0.016,K,A*2E
$GNGGA,113552.000,2520.064852,N,05128.161314,E,1,20,0.75,22.091,M,-24.283,M,,*6F
$GNRMC,113552.000,A,2520.064852,N,05128.161314,E,0.007,234.60,200726,,,A,V*38
$GNGLL,2520.064852,N,05128.161314,E,113552.000,A,A*40
$GNVTG,234.60,T,,M,0.007,N,0.012,K,A*24
$GNGSA,A,3,02,03,04,09,16,26,28,31,,,,,1.70,0.75,1.53,1*05
$GNGSA,A,3,68,78,79,82,,,,,,,,,1.70,0.75,1.53,2*04
$GNGSA,A,3,19,23,,,,,,,,,,,1.70,0.75,1.53,3*09
$GNGSA,A,3,06,07,10,12,23,32,,,,,,,1.70,0.75,1.53,4*04
$GNGSA,A,3,,,,,,,,,,,,,1.70,0.75,1.53,5*06
$GPGSV,2,1,08,02,39,195,26,03,57,352,27,04,40,296,31,09,13,273,35,1*6A
$GPGSV,2,2,08,16,21,135,36,26,31,102,34,28,17,039,24,31,45,043,40,1*68
$GPGSV,1,1,00,8*6D
$GLGSV,2,1,05,68,36,021,40,78,41,074,39,79,36,145,36,82,07,185,29,1*75
$GLGSV,2,2,05,83,,,17,1*70
$GAGSV,1,1,02,19,38,033,37,23,16,134,37,7*72
$GAGSV,1,1,00,1*75
$GBGSV,2,1,07,06,11,114,30,07,34,042,39,10,43,048,38,12,31,312,34,1*78
$GBGSV,2,2,07,20,,,25,23,27,054,28,32,40,056,38,1*76
$GBGSV,1,1,00,5*72
$GQGSV,1,1,00,1*65
$GQGSV,1,1,00,8*6C
$GNGGA,113552.100,2520.064852,N,05128.161314,E,1,20,0.75,22.091,M,-24.283,M,,*6E
$GNRMC,113552.100,A,2520.064852,N,05128.161314,E,0.005,234.60,200726,,,A,V*3B
$GNGLL,2520.064852,N,05128.161314,E,113552.100,A,A*41
$GNVTG,234.60,T,,M,0.005,N,0.009,K,A*2C
$GNGGA,113552.200,2520.064852,N,05128.161313,E,1,20,0.75,22.091,M,-24.283,M,,*6A
$GNRMC,113552.200,A,2520.064852,N,05128.161313,E,0.010,234.60,200726,,,A,V*3B
$GNGLL,2520.064852,N,05128.161313,E,113552.200,A,A*45
$GNVTG,234.60,T,,M,0.010,N,0.018,K,A*28
$GNGGA,113552.300,2520.064852,N,05128.161313,E,1,20,0.75,22.092,M,-24.283,M,,*68
$GNRMC,113552.300,A,2520.064852,N,05128.161313,E,0.008,234.60,200726,,,A,V*33
$GNGLL,2520.064852,N,05128.161313,E,113552.300,A,A*44
$GNVTG,234.60,T,,M,0.008,N,0.015,K,A*2C
$GNGGA,113552.400,2520.064852,N,05128.161313,E,1,20,0.75,22.091,M,-24.283,M,,*6C
$GNRMC,113552.400,A,2520.064852,N,05128.161313,E,0.005,234.60,200726,,,A,V*39
$GNGLL,2520.064852,N,05128.161313,E,113552.400,A,A*43
$GNVTG,234.60,T,,M,0.005,N,0.009,K,A*2C
$GNGGA,113552.500,2520.064852,N,05128.161313,E,1,20,0.75,22.091,M,-24.283,M,,*6D
$GNRMC,113552.500,A,2520.064852,N,05128.161313,E,0.007,234.60,200726,,,A,V*3A
$GNGLL,2520.064852,N,05128.161313,E,113552.500,A,A*42
$GNVTG,234.60,T,,M,0.007,N,0.013,K,A*25
$GNGGA,113552.600,2520.064852,N,05128.161313,E,1,20,0.75,22.092,M,-24.283,M,,*6D
$GNRMC,113552.600,A,2520.064852,N,05128.161313,E,0.004,234.60,200726,,,A,V*3A
$GNGLL,2520.064852,N,05128.161313,E,113552.600,A,A*41
$GNVTG,234.60,T,,M,0.004,N,0.007,K,A*23
$GNGGA,113552.700,2520.064852,N,05128.161313,E,1,20,0.75,22.092,M,-24.283,M,,*6C
$GNRMC,113552.700,A,2520.064852,N,05128.161313,E,0.006,234.60,200726,,,A,V*39
$GNGLL,2520.064852,N,05128.161313,E,113552.700,A,A*40
$GNVTG,234.60,T,,M,0.006,N,0.010,K,A*27
$GNGGA,113552.800,2520.064852,N,05128.161313,E,1,20,0.75,22.092,M,-24.283,M,,*63
$GNRMC,113552.800,A,2520.064852,N,05128.161313,E,0.003,234.60,200726,,,A,V*33
$GNGLL,2520.064852,N,05128.161313,E,113552.800,A,A*4F
$GNVTG,234.60,T,,M,0.003,N,0.006,K,A*25
$GNGGA,113552.900,2520.064852,N,05128.161313,E,1,20,0.75,22.091,M,-24.283,M,,*61
$GNRMC,113552.900,A,2520.064852,N,05128.161313,E,0.004,234.60,200726,,,A,V*35
$GNGLL,2520.064852,N,05128.161313,E,113552.900,A,A*4E
$GNVTG,234.60,T,,M,0.004,N,0.007,K,A*23
$GNGGA,113553.000,2520.064852,N,05128.161313,E,1,20,0.75,22.091,M,-24.283,M,,*69
$GNRMC,113553.000,A,2520.064852,N,05128.161313,E,0.006,234.60,200726,,,A,V*3F
$GNGLL,2520.064852,N,05128.161313,E,113553.000,A,A*46
$GNVTG,234.60,T,,M,0.006,N,0.012,K,A*25
$GNGSA,A,3,02,03,04,09,16,26,28,31,,,,,1.70,0.75,1.53,1*05
$GNGSA,A,3,68,78,79,82,,,,,,,,,1.70,0.75,1.53,2*04
$GNGSA,A,3,19,23,,,,,,,,,,,1.70,0.75,1.53,3*09
$GNGSA,A,3,06,07,10,12,23,32,,,,,,,1.70,0.75,1.53,4*04
$GNGSA,A,3,,,,,,,,,,,,,1.70,0.75,1.53,5*06
$GPGSV,2,1,08,02,39,195,26,03,57,352,26,04,40,296,32,09,13,273,35,1*68
$GPGSV,2,2,08,16,21,135,36,26,31,102,31,28,17,039,27,31,45,043,40,1*6E
$GPGSV,1,1,00,8*6D
$GLGSV,2,1,05,68,36,021,41,78,41,074,41,79,36,145,35,82,07,185,29,1*78
$GLGSV,2,2,05,83,,,16,1*71
$GAGSV,1,1,02,19,38,033,38,23,16,134,36,7*7C
$GAGSV,1,1,00,1*75
$GBGSV,2,1,07,06,11,114,29,07,34,042,39,10,43,048,38,12,31,312,34,1*70
$GBGSV,2,2,07,20,,,25,23,27,054,29,32,40,056,38,1*77
$GBGSV,1,1,00,5*72
$GQGSV,1,1,00,1*65
$GQGSV,1,1,00,8*6C
$GNGGA,113553.100,2520.064852,N,05128.161313,E,1,20,0.75,22.090,M,-24.282,M,,*68
$GNRMC,113553.100,A,2520.064852,N,05128.161313,E,0.005,234.60,200726,,,A,V*3D
$GNGLL,2520.064852,N,05128.161313,E,113553.100,A,A*47
$GNVTG,234.60,T,,M,0.005,N,0.009,K,A*2C
$GNGGA,113553.200,2520.064852,N,05128.161313,E,1,20,0.75,22.090,M,-24.282,M,,*6B
$GNRMC,113553.200,A,2520.064852,N,05128.161313,E,0.001,234.60,200726,,,A,V*3A
$GNGLL,2520.064852,N,05128.161313,E,113553.200,A,A*44
$GNVTG,234.60,T,,M,0.001,N,0.003,K,A*22
$GNGGA,113553.300,2520.064851,N,05128.161313,E,1,20,0.75,22.090,M,-24.282,M,,*69
$GNRMC,113553.300,A,2520.064851,N,05128.161313,E,0.003,234.60,200726,,,A,V*3A
$GNGLL,2520.064851,N,05128.161313,E,113553.300,A,A*46
$GNVTG,234.60,T,,M,0.003,N,0.006,K,A*25
$GNGGA,113553.400,2520.064851,N,05128.161312,E,1,20,0.75,22.090,M,-24.282,M,,*6F
$GNRMC,113553.400,A,2520.064851,N,05128.161312,E,0.004,234.60,200726,,,A,V*3B
$GNGLL,2520.064851,N,05128.161312,E,113553.400,A,A*40
$GNVTG,234.60,T,,M,0.004,N,0.007,K,A*23
$GNGGA,113553.500,2520.064851,N,05128.161312,E,1,20,0.75,22.090,M,-24.282,M,,*6E
$GNRMC,113553.500,A,2520.064851,N,05128.161312,E,0.003,234.60,200726,,,A,V*3D
$GNGLL,2520.064851,N,05128.161312,E,113553.500,A,A*41
$GNVTG,234.60,T,,M,0.003,N,0.005,K,A*26
$GNGGA,113553.600,2520.064851,N,05128.161312,E,1,20,0.75,22.090,M,-24.282,M,,*6D
$GNRMC,113553.600,A,2520.064851,N,05128.161312,E,0.005,234.60,200726,,,A,V*38
$GNGLL,2520.064851,N,05128.161312,E,113553.600,A,A*42
$GNVTG,234.60,T,,M,0.005,N,0.009,K,A*2C
$GNGGA,113553.700,2520.064851,N,05128.161312,E,1,20,0.75,22.090,M,-24.282,M,,*6C
$GNRMC,113553.700,A,2520.064851,N,05128.161312,E,0.005,234.60,200726,,,A,V*39
$GNGLL,2520.064851,N,05128.161312,E,113553.700,A,A*43
$GNVTG,234.60,T,,M,0.005,N,0.010,K,A*24
$GNGGA,113553.800,2520.064851,N,05128.161312,E,1,20,0.75,22.090,M,-24.282,M,,*63
$GNRMC,113553.800,A,2520.064851,N,05128.161312,E,0.006,234.60,200726,,,A,V*35
$GNGLL,2520.064851,N,05128.161312,E,113553.800,A,A*4C
$GNVTG,234.60,T,,M,0.006,N,0.012,K,A*25
$GNGGA,113553.900,2520.064851,N,05128.161312,E,1,20,0.75,22.090,M,-24.282,M,,*62
$GNRMC,113553.900,A,2520.064851,N,05128.161312,E,0.005,234.60,200726,,,A,V*37
$GNGLL,2520.064851,N,05128.161312,E,113553.900,A,A*4D
$GNVTG,234.60,T,,M,0.005,N,0.009,K,A*2C
$GNGGA,113554.000,2520.064851,N,05128.161312,E,1,20,0.75,22.090,M,-24.282,M,,*6C
$GNRMC,113554.000,A,2520.064851,N,05128.161312,E,0.008,234.60,200726,,,A,V*34
$GNGLL,2520.064851,N,05128.161312,E,113554.000,A,A*43
$GNVTG,234.60,T,,M,0.008,N,0.015,K,A*2C
$GNGSA,A,3,02,03,04,09,16,26,28,31,,,,,1.70,0.75,1.53,1*05
$GNGSA,A,3,68,78,79,82,,,,,,,,,1.70,0.75,1.53,2*04
$GNGSA,A,3,19,23,,,,,,,,,,,1.70,0.75,1.53,3*09
$GNGSA,A,3,06,07,10,12,23,32,,,,,,,1.70,0.75,1.53,4*04
$GNGSA,A,3,,,,,,,,,,,,,1.70,0.75,1.53,5*06
$GPGSV,2,1,08,02,39,195,27,03,57,352,27,04,40,296,32,09,13,273,34,1*69
$GPGSV,2,2,08,16,21,135,36,26,31,102,31,28,17,039,28,31,45,043,41,1*60
$GPGSV,1,1,00,8*6D
$GLGSV,2,1,05,68,36,021,41,78,41,074,41,79,36,145,35,82,07,185,30,1*70
$GLGSV,2,2,05,83,,,13,1*74
$GAGSV,1,1,02,19,38,033,37,23,16,134,36,7*73
$GAGSV,1,1,00,1*75
$GBGSV,2,1,07,06,11,114,28,07,34,042,39,10,43,048,38,12,31,312,34,1*71
$GBGSV,2,2,07,20,,,25,23,27,054,27,32,40,056,38,1*79
$GBGSV,1,1,00,5*72
$GQGSV,1,1,00,1*65
$GQGSV,1,1,00,8*6C
$GNGGA,113554.100,2520.064850,N,05128.161312,E,1,20,0.75,22.091,M,-24.283,M,,*6C
$GNRMC,113554.100,A,2520.064850,N,05128.161312,E,0.006,234.60,200726,,,A,V*3A
$GNGLL,2520.064850,N,05128.161312,E,113554.100,A,A*43
$GNVTG,234.60,T,,M,0.006,N,0.011,K,A*26
$GNGGA,113554.200,2520.064850,N,05128.161311,E,1,20,0.75,22.091,M,-24.283,M,,*6C
$GNRMC,113554.200,A,2520.064850,N,05128.161311,E,0.006,234.60,200726,,,A,V*3A
$GNGLL,2520.064850,N,05128.161311,E,113554.200,A,A*43
$GNVTG,234.60,T,,M,0.006,N,0.012,K,A*25
$GNGGA,113554.300,2520.064850,N,05128.161311,E,1,20,0.75,22.091,M,-24.283,M,,*6D
$GNRMC,113554.300,A,2520.064850,N,05128.161311,E,0.006,234.60,200726,,,A,V*3B
$GNGLL,2520.064850,N,05128.161311,E,113554.300,A,A*42
$GNVTG,234.60,T,,M,0.006,N,0.011,K,A*26
$GNGGA,113554.400,2520.064850,N,05128.161311,E,1,20,0.75,22.091,M,-24.283,M,,*6A
$GNRMC,113554.400,A,2520.064850,N,05128.161311,E,0.006,234.60,200726,,,A,V*3C
$GNGLL,2520.064850,N,05128.161311,E,113554.400,A,A*45
$GNVTG,234.60,T,,M,0.006,N,0.010,K,A*27
$GNGGA,113554.500,2520.064850,N,05128.161311,E,1,20,0.75,22.090,M,-24.283,M,,*6A
$GNRMC,113554.500,A,2520.064850,N,05128.161311,E,0.006,234.60,200726,,,A,V*3D
$GNGLL,2520.064850,N,05128.161311,E,113554.500,A,A*44
$GNVTG,234.60,T,,M,0.006,N,0.010,K,A*27
$GNGGA,113554.600,2520.064850,N,05128.161311,E,1,20,0.75,22.090,M,-24.283,M,,*69
$GNRMC,113554.600,A,2520.064850,N,05128.161311,E,0.005,234.60,200726,,,A,V*3D
$GNGLL,2520.064850,N,05128.161311,E,113554.600,A,A*47
$GNVTG,234.60,T,,M,0.005,N,0.009,K,A*2C
$GNGGA,113554.700,2520.064850,N,05128.161311,E,1,20,0.75,22.090,M,-24.283,M,,*68
$GNRMC,113554.700,A,2520.064850,N,05128.161311,E,0.005,234.60,200726,,,A,V*3C
$GNGLL,2520.064850,N,05128.161311,E,113554.700,A,A*46
$GNVTG,234.60,T,,M,0.005,N,0.009,K,A*2C
$GNGGA,113554.800,2520.064850,N,05128.161311,E,1,20,0.75,22.090,M,-24.283,M,,*67
$GNRMC,113554.800,A,2520.064850,N,05128.161311,E,0.010,234.60,200726,,,A,V*37
$GNGLL,2520.064850,N,05128.161311,E,113554.800,A,A*49
$GNVTG,234.60,T,,M,0.010,N,0.018,K,A*28
$GNGGA,113554.900,2520.064850,N,05128.161310,E,1,20,0.75,22.090,M,-24.283,M,,*67
$GNRMC,113554.900,A,2520.064850,N,05128.161310,E,0.007,234.60,200726,,,A,V*31
$GNGLL,2520.064850,N,05128.161310,E,113554.900,A,A*49
$GNVTG,234.60,T,,M,0.007,N,0.013,K,A*25
$GNGGA,113555.000,2520.064850,N,05128.161310,E,1,20,0.75,22.090,M,-24.283,M,,*6F
$GNRMC,113555.000,A,2520.064850,N,05128.161310,E,0.005,234.60,200726,,,A,V*3B
$GNGLL,2520.064850,N,05128.161310,E,113555.000,A,A*41
$GNVTG,234.60,T,,M,0.005,N,0.009,K,A*2C
$GNGSA,A,3,02,03,04,09,16,26,28,31,,,,,1.70,0.75,1.53,1*05
$GNGSA,A,3,68,78,79,82,,,,,,,,,1.70,0.75,1.53,2*04
$GNGSA,A,3,19,23,,,,,,,,,,,1.70,0.75,1.53,3*09
$GNGSA,A,3,06,07,10,12,23,32,,,,,,,1.70,0.75,1.53,4*04
$GNGSA,A,3,,,,,,,,,,,,,1.70,0.75,1.53,5*06
$GPGSV,2,1,08,02,39,195,25,03,57,352,27,04,40,296,32,09,13,273,34,1*6B
$GPGSV,2,2,08,16,21,135,36,26,31,102,31,28,17,039,24,31,45,043,41,1*6C
$GPGSV,1,1,00,8*6D
$GLGSV,2,1,05,68,36,021,39,78,41,074,41,79,36,145,35,82,07,185,30,1*7F
$GLGSV,2,2,05,83,,,11,1*76
$GAGSV,1,1,02,19,38,033,38,23,16,134,36,7*7C
$GAGSV,1,1,00,1*75
$GBGSV,2,1,07,06,11,114,29,07,34,042,39,10,43,048,38,12,31,312,35,1*71
$GBGSV,2,2,07,20,,,25,23,27,054,28,32,40,056,38,1*76
$GBGSV,1,1,00,5*72
$GQGSV,1,1,00,1*65
$GQGSV,1,1,00,8*6C
$GNGGA,113555.100,2520.064850,N,05128.161310,E,1,20,0.75,22.090,M,-24.283,M,,*6E
$GNRMC,113555.100,A,2520.064850,N,05128.161310,E,0.002,234.60,200726,,,A,V*3D
$GNGLL,2520.064850,N,05128.161310,E,113555.100,A,A*40
$GNVTG,234.60,T,,M,0.002,N,0.004,K,A*26
$GNGGA,113555.200,2520.064849,N,05128.161310,E,1,20,0.75,22.090,M,-24.283,M,,*65
$GNRMC,113555.200,A,2520.064849,N,05128.161310,E,0.006,234.60,200726,,,A,V*32
$GNGLL,2520.064849,N,05128.161310,E,113555.200,A,A*4B
$GNVTG,234.60,T,,M,0.006,N,0.011,K,A*26
$GNGGA,113555.300,2520.064849,N,05128.161310,E,1,20,0.75,22.090,M,-24.283,M,,*64
$GNRMC,113555.300,A,2520.064849,N,05128.161310,E,0.008,234.60,200726,,,A,V*3D
$GNGLL,2520.064849,N,05128.161310,E,113555.300,A,A*4A
$GNVTG,234.60,T,,M,0.008,N,0.015,K,A*2C
$GNGGA,113555.400,2520.064849,N,05128.161310,E,1,20,0.75,22.090,M,-24.283,M,,*63
$GNRMC,113555.400,A,2520.064849,N,05128.161310,E,0.009,234.60,200726,,,A,V*3B
$GNGLL,2520.064849,N,05128.161310,E,113555.400,A,A*4D
$GNVTG,234.60,T,,M,0.009,N,0.016,K,A*2E
$GNGGA,113555.500,2520.064849,N,05128.161310,E,1,20,0.75,22.090,M,-24.283,M,,*62
$GNRMC,113555.500,A,2520.064849,N,05128.161310,E,0.007,234.60,200726,,,A,V*34
$GNGLL,2520.064849,N,05128.161310,E,113555.500,A,A*4C
$GNVTG,234.60,T,,M,0.007,N,0.012,K,A*24
$GNGGA,113555.600,2520.064849,N,05128.161309,E,1,20,0.75,22.090,M,-24.283,M,,*69
$GNRMC,113555.600,A,2520.064849,N,05128.161309,E,0.004,234.60,200726,,,A,V*3C
$GNGLL,2520.064849,N,05128.161309,E,113555.600,A,A*47
$GNVTG,234.60,T,,M,0.004,N,0.008,K,A*2C
$GNGGA,113555.700,2520.064849,N,05128.161309,E,1,20,0.75,22.090,M,-24.283,M,,*68
$GNRMC,113555.700,A,2520.064849,N,05128.161309,E,0.005,234.60,200726,,,A,V*3C
$GNGLL,2520.064849,N,05128.161309,E,113555.700,A,A*46
$GNVTG,234.60,T,,M,0.005,N,0.009,K,A*2C
$GNGGA,113555.800,2520.064849,N,05128.161309,E,1,20,0.75,22.090,M,-24.283,M,,*67
$GNRMC,113555.800,A,2520.064849,N,05128.161309,E,0.005,234.60,200726,,,A,V*33
$GNGLL,2520.064849,N,05128.161309,E,113555.800,A,A*49
$GNVTG,234.60,T,,M,0.005,N,0.010,K,A*24
$GNGGA,113555.900,2520.064849,N,05128.161309,E,1,20,0.75,22.090,M,-24.283,M,,*66
$GNRMC,113555.900,A,2520.064849,N,05128.161309,E,0.007,234.60,200726,,,A,V*30
$GNGLL,2520.064849,N,05128.161309,E,113555.900,A,A*48
$GNVTG,234.60,T,,M,0.007,N,0.014,K,A*22
$GNGGA,113556.000,2520.064849,N,05128.161309,E,1,20,0.75,22.090,M,-24.283,M,,*6C
$GNRMC,113556.000,A,2520.064849,N,05128.161309,E,0.008,234.60,200726,,,A,V*35
$GNGLL,2520.064849,N,05128.161309,E,113556.000,A,A*42
$GNVTG,234.60,T,,M,0.008,N,0.014,K,A*2D
$GNGSA,A,3,02,03,04,09,16,26,28,31,,,,,1.70,0.75,1.53,1*05
$GNGSA,A,3,68,78,79,82,,,,,,,,,1.70,0.75,1.53,2*04
$GNGSA,A,3,19,23,,,,,,,,,,,1.70,0.75,1.53,3*09
$GNGSA,A,3,06,07,10,12,23,32,,,,,,,1.70,0.75,1.53,4*04
$GNGSA,A,3,,,,,,,,,,,,,1.70,0.75,1.53,5*06
$GPGSV,2,1,08,02,39,195,25,03,57,352,26,04,40,296,32,09,13,273,34,1*6A
$GPGSV,2,2,08,16,21,135,36,26,31,102,30,28,17,039,23,31,45,043,41,1*6A
$GPGSV,1,1,00,8*6D
$GLGSV,2,1,05,68,36,021,40,78,41,074,41,79,36,145,35,82,07,185,31,1*70
$GLGSV,2,2,05,83,,,11,1*76
$GAGSV,1,1,02,19,38,033,37,23,16,134,37,7*72
$GAGSV,1,1,00,1*75
$GBGSV,2,1,07,06,11,114,28,07,34,042,39,10,43,048,39,12,31,312,35,1*71
$GBGSV,2,2,07,20,,,25,23,27,054,27,32,40,056,38,1*79
$GBGSV,1,1,00,5*72
$GQGSV,1,1,00,1*65
$GQGSV,1,1,00,8*6C
$GNGGA,113556.100,2520.064849,N,05128.161309,E,1,20,0.75,22.090,M,-24.283,M,,*6D
$GNRMC,113556.100,A,2520.064849,N,05128.161309,E,0.006,234.60,200726,,,A,V*3A
$GNGLL,2520.064849,N,05128.161309,E,113556.100,A,A*43
$GNVTG,234.60,T,,M,0.006,N,0.011,K,A*26
$GNGGA,113556.200,2520.064849,N,05128.161308,E,1,20,0.75,22.090,M,-24.283,M,,*6F
$GNRMC,113556.200,A,2520.064849,N,05128.161308,E,0.008,234.60,200726,,,A,V*36
$GNGLL,2520.064849,N,05128.161308,E,113556.200,A,A*41
$GNVTG,234.60,T,,M,0.008,N,0.014,K,A*2D
$GNGGA,113556.300,2520.064849,N,05128.161308,E,1,20,0.75,22.090,M,-24.283,M,,*6E
$GNRMC,113556.300,A,2520.064849,N,05128.161308,E,0.007,234.60,200726,,,A,V*38
$GNGLL,2520.064849,N,05128.161308,E,113556.300,A,A*40
$GNVTG,234.60,T,,M,0.007,N,0.014,K,A*22
$GNGGA,113556.400,2520.064849,N,05128.161308,E,1,20,0.75,22.090,M,-24.283,M,,*69
$GNRMC,113556.400,A,2520.064849,N,05128.161308,E,0.006,234.60,200726,,,A,V*3E
$GNGLL,2520.064849,N,05128.161308,E,113556.400,A,A*47
$GNVTG,234.60,T,,M,0.006,N,0.012,K,A*25
$GNGGA,113556.500,2520.064849,N,05128.161308,E,1,20,0.75,22.089,M,-24.283,M,,*60
$GNRMC,113556.500,A,2520.064849,N,05128.161308,E,0.007,234.60,200726,,,A,V*3E
$GNGLL,2520.064849,N,05128.161308,E,113556.500,A,A*46
$GNVTG,234.60,T,,M,0.007,N,0.013,K,A*25
$GNGGA,113556.600,2520.064849,N,05128.161307,E,1,20,0.75,22.089,M,-24.283,M,,*6C
$GNRMC,113556.600,A,2520.064849,N,05128.161307,E,0.010,234.60,200726,,,A,V*34
$GNGLL,2520.064849,N,05128.161307,E,113556.600,A,A*4A
$GNVTG,234.60,T,,M,0.010,N,0.019,K,A*29
$GNGGA,113556.700,2520.064849,N,05128.161307,E,1,20,0.75,22.089,M,-24.283,M,,*6D
$GNRMC,113556.700,A,2520.064849,N,05128.161307,E,0.007,234.60,200726,,,A,V*33
$GNGLL,2520.064849,N,05128.161307,E,113556.700,A,A*4B
$GNVTG,234.60,T,,M,0.007,N,0.013,K,A*25
$GNGGA,113556.800,2520.064849,N,05128.161307,E,1,20,0.75,22.090,M,-24.283,M,,*6A
$GNRMC,113556.800,A,2520.064849,N,05128.161307,E,0.008,234.60,200726,,,A,V*33
$GNGLL,2520.064849,N,05128.161307,E,113556.800,A,A*44
$GNVTG,234.60,T,,M,0.008,N,0.015,K,A*2C
$GNGGA,113556.900,2520.064849,N,05128.161307,E,1,20,0.75,22.090,M,-24.283,M,,*6B
$GNRMC,113556.900,A,2520.064849,N,05128.161307,E,0.009,234.60,200726,,,A,V*33
$GNGLL,2520.064849,N,05128.161307,E,113556.900,A,A*45
$GNVTG,234.60,T,,M,0.009,N,0.017,K,A*2F
$GNGGA,113557.000,2520.064849,N,05128.161307,E,1,20,0.75,22.090,M,-24.283,M,,*63
$GNRMC,113557.000,A,2520.064849,N,05128.161307,E,0.008,234.60,200726,,,A,V*3A
$GNGLL,2520.064849,N,05128.161307,E,113557.000,A,A*4D
$GNVTG,234.60,T,,M,0.008,N,0.014,K,A*2D
$GNGSA,A,3,02,03,04,09,16,26,28,31,,,,,1.70,0.75,1.53,1*05
$GNGSA,A,3,68,78,79,82,,,,,,,,,1.70,0.75,1.53,2*04
$GNGSA,A,3,19,23,,,,,,,,,,,1.70,0.75,1.53,3*09
$GNGSA,A,3,06,07,10,12,23,32,,,,,,,1.70,0.75,1.53,4*04
$GNGSA,A,3,,,,,,,,,,,,,1.70,0.75,1.53,5*06
$GPGSV,2,1,08,02,39,195,27,03,57,352,27,04,40,296,31,09,13,273,34,1*6A
$GPGSV,2,2,08,16,21,135,35,26,31,102,31,28,17,039,23,31,45,043,41,1*68
$GPGSV,1,1,00,8*6D
$GLGSV,2,1,05,68,36,021,40,78,41,074,40,79,36,145,36,82,07,185,30,1*73
$GLGSV,2,2,05,83,,,14,1*73
$GAGSV,1,1,02,19,38,033,37,23,17,134,36,7*72
$GAGSV,1,1,00,1*75
$GBGSV,2,1,07,06,11,114,28,07,34,042,39,10,43,048,39,12,31,312,35,1*71
$GBGSV,2,2,07,20,,,23,23,27,054,28,32,40,056,38,1*70
$GBGSV,1,1,00,5*72
$GQGSV,1,1,00,1*65
$GQGSV,1,1,00,8*6C
$GNGGA,113557.100,2520.064849,N,05128.161307,E,1,20,0.75,22.090,M,-24.283,M,,*62
$GNRMC,113557.100,A,2520.064849,N,05128.161307,E,0.010,234.60,200726,,,A,V*32
$GNGLL,2520.064849,N,05128.161307,E,113557.100,A,A*4C
$GNVTG,234.60,T,,M,0.010,N,0.019,K,A*29
$GNGGA,113557.200,2520.064848,N,05128.161306,E,1,20,0.75,22.089,M,-24.283,M,,*69
$GNRMC,113557.200,A,2520.064848,N,05128.161306,E,0.007,234.60,200726,,,A,V*37
$GNGLL,2520.064848,N,05128.161306,E,113557.200,A,A*4F
$GNVTG,234.60,T,,M,0.007,N,0.013,K,A*25
$GNGGA,113557.300,2520.064848,N,05128.161306,E,1,20,0.75,22.089,M,-24.283,M,,*68
$GNRMC,113557.300,A,2520.064848,N,05128.161306,E,0.008,234.60,200726,,,A,V*39
$GNGLL,2520.064848,N,05128.161306,E,113557.300,A,A*4E
$GNVTG,234.60,T,,M,0.008,N,0.016,K,A*2F
$GNGGA,113557.400,2520.064848,N,05128.161306,E,1,20,0.75,22.089,M,-24.283,M,,*6F
$GNRMC,113557.400,A,2520.064848,N,05128.161306,E,0.008,234.60,200726,,,A,V*3E
$GNGLL,2520.064848,N,05128.161306,E,113557.400,A,A*49
$GNVTG,234.60,T,,M,0.008,N,0.015,K,A*2C
$GNGGA,113557.500,2520.064848,N,05128.161306,E,1,20,0.75,22.089,M,-24.283,M,,*6E
$GNRMC,113557.500,A,2520.064848,N,05128.161306,E,0.007,234.60,200726,,,A,V*30
$GNGLL,2520.064848,N,05128.161306,E,113557.500,A,A*48
$GNVTG,234.60,T,,M,0.007,N,0.013,K,A*25
$GNGGA,113557.600,2520.064848,N,05128.161305,E,1,20,0.75,22.089,M,-24.283,M,,*6E
$GNRMC,113557.600,A,2520.064848,N,05128.161305,E,0.008,234.60,200726,,,A,V*3F
$GNGLL,2520.064848,N,05128.161305,E,113557.600,A,A*48
$GNVTG,234.60,T,,M,0.008,N,0.015,K,A*2C
$GNGGA,113557.700,2520.064848,N,05128.161305,E,1,20,0.75,22.089,M,-24.283,M,,*6F
$GNRMC,113557.700,A,2520.064848,N,05128.161305,E,0.010,234.60,200726,,,A,V*37
$GNGLL,2520.064848,N,05128.161305,E,113557.700,A,A*49
$GNVTG,234.60,T,,M,0.010,N,0.018,K,A*28
$GNGGA,113557.800,2520.064848,N,05128.161305,E,1,20,0.75,22.089,M,-24.283,M,,*60
$GNRMC,113557.800,A,2520.064848,N,05128.161305,E,0.008,234.60,200726,,,A,V*31
$GNGLL,2520.064848,N,05128.161305,E,113557.800,A,A*46
$GNVTG,234.60,T,,M,0.008,N,0.015,K,A*2C
$GNGGA,113557.900,2520.064848,N,05128.161305,E,1,20,0.75,22.089,M,-24.283,M,,*61
$GNRMC,113557.900,A,2520.064848,N,05128.161305,E,0.006,234.60,200726,,,A,V*3E
$GNGLL,2520.064848,N,05128.161305,E,113557.900,A,A*47
$GNVTG,234.60,T,,M,0.006,N,0.012,K,A*25
$GNGGA,113558.000,2520.064848,N,05128.161305,E,1,20,0.75,22.089,M,-24.283,M,,*67
$GNRMC,113558.000,A,2520.064848,N,05128.161305,E,0.008,234.60,200726,,,A,V*36
$GNGLL,2520.064848,N,05128.161305,E,113558.000,A,A*41
$GNVTG,234.60,T,,M,0.008,N,0.015,K,A*2C
$GNGSA,A,3,02,03,04,09,16,26,28,31,,,,,1.70,0.75,1.53,1*05
$GNGSA,A,3,68,78,79,82,,,,,,,,,1.70,0.75,1.53,2*04
$GNGSA,A,3,19,23,,,,,,,,,,,1.70,0.75,1.53,3*09
$GNGSA,A,3,06,07,10,12,23,32,,,,,,,1.70,0.75,1.53,4*04
$GNGSA,A,3,,,,,,,,,,,,,1.70,0.75,1.53,5*06
$GPGSV,2,1,08,02,39,195,26,03,57,352,27,04,40,296,31,09,13,273,35,1*6A
$GPGSV,2,2,08,16,21,135,36,26,31,102,31,28,17,039,23,31,45,043,41,1*6B
$GPGSV,1,1,00,8*6D
$GLGSV,2,1,05,68,36,021,39,78,41,074,40,79,36,145,35,82,07,185,30,1*7E
$GLGSV,2,2,05,83,,,10,1*77
$GAGSV,1,1,02,19,38,033,37,23,17,134,37,7*73
$GAGSV,1,1,00,1*75
$GBGSV,2,1,06,06,11,114,29,07,34,042,39,10,43,048,38,12,31,312,35,1*70
$GBGSV,2,2,06,23,27,054,28,32,40,056,38,1*72
$GBGSV,1,1,00,5*72
$GQGSV,1,1,00,1*65
$GQGSV,1,1,00,8*6C
$GNGGA,113558.100,2520.064848,N,05128.161304,E,1,20,0.75,22.089,M,-24.283,M,,*67
$GNRMC,113558.100,A,2520.064848,N,05128.161304,E,0.008,234.60,200726,,,A,V*36
$GNGLL,2520.064848,N,05128.161304,E,113558.100,A,A*41
$GNVTG,234.60,T,,M,0.008,N,0.015,K,A*2C
$GNGGA,113558.200,2520.064848,N,05128.161304,E,1,20,0.75,22.089,M,-24.283,M,,*64
$GNRMC,113558.200,A,2520.064848,N,05128.161304,E,0.007,234.60,200726,,,A,V*3A
$GNGLL,2520.064848,N,05128.161304,E,113558.200,A,A*42
$GNVTG,234.60,T,,M,0.007,N,0.012,K,A*24
$GNGGA,113558.300,2520.064848,N,05128.161304,E,1,20,0.75,22.089,M,-24.283,M,,*65
$GNRMC,113558.300,A,2520.064848,N,05128.161304,E,0.008,234.60,200726,,,A,V*34
$GNGLL,2520.064848,N,05128.161304,E,113558.300,A,A*43
$GNVTG,234.60,T,,M,0.008,N,0.015,K,A*2C
$GNGGA,113558.400,2520.064848,N,05128.161304,E,1,20,0.75,22.089,M,-24.283,M,,*62
$GNRMC,113558.400,A,2520.064848,N,05128.161304,E,0.008,234.60,200726,,,A,V*33
$GNGLL,2520.064848,N,05128.161304,E,113558.400,A,A*44
$GNVTG,234.60,T,,M,0.008,N,0.015,K,A*2C
$GNGGA,113558.500,2520.064848,N,05128.161303,E,1,20,0.75,22.089,M,-24.283,M,,*64
$GNRMC,113558.500,A,2520.064848,N,05128.161303,E,0.007,234.60,200726,,,A,V*3A
$GNGLL,2520.064848,N,05128.161303,E,113558.500,A,A*42
$GNVTG,234.60,T,,M,0.007,N,0.014,K,A*22
$GNGGA,113558.600,2520.064848,N,05128.161303,E,1,20,0.75,22.089,M,-24.283,M,,*67
$GNRMC,113558.600,A,2520.064848,N,05128.161303,E,0.010,234.60,200726,,,A,V*3F
$GNGLL,2520.064848,N,05128.161303,E,113558.600,A,A*41
$GNVTG,234.60,T,,M,0.010,N,0.018,K,A*28
$GNGGA,113558.700,2520.064848,N,05128.161303,E,1,20,0.75,22.089,M,-24.283,M,,*66
$GNRMC,113558.700,A,2520.064848,N,05128.161303,E,0.008,234.60,200726,,,A,V*37
$GNGLL,2520.064848,N,05128.161303,E,113558.700,A,A*40
$GNVTG,234.60,T,,M,0.008,N,0.015,K,A*2C
$GNGGA,113558.800,2520.064848,N,05128.161303,E,1,20,0.75,22.089,M,-24.283,M,,*69
$GNRMC,113558.800,A,2520.064848,N,05128.161303,E,0.005,234.60,200726,,,A,V*35
$GNGLL,2520.064848,N,05128.161303,E,113558.800,A,A*4F
$GNVTG,234.60,T,,M,0.005,N,0.009,K,A*2C
$GNGGA,113558.900,2520.064848,N,05128.161302,E,1,20,0.75,22.089,M,-24.283,M,,*69
$GNRMC,113558.900,A,2520.064848,N,05128.161302,E,0.009,234.60,200726,,,A,V*39
$GNGLL,2520.064848,N,05128.161302,E,113558.900,A,A*4F
$GNVTG,234.60,T,,M,0.009,N,0.016,K,A*2E
$GNGGA,113559.000,2520.064848,N,05128.161302,E,1,20,0.75,22.089,M,-24.283,M,,*61
$GNRMC,113559.000,A,2520.064848,N,05128.161302,E,0.007,234.60,200726,,,A,V*3F
$GNGLL,2520.064848,N,05128.161302,E,113559.000,A,A*47
$GNVTG,234.60,T,,M,0.007,N,0.012,K,A*24
$GNGSA,A,3,02,03,04,09,16,26,28,31,,,,,1.70,0.75,1.53,1*05
$GNGSA,A,3,68,78,79,82,,,,,,,,,1.70,0.75,1.53,2*04
$GNGSA,A,3,19,23,,,,,,,,,,,1.70,0.75,1.53,3*09
$GNGSA,A,3,06,07,10,12,23,32,,,,,,,1.70,0.75,1.53,4*04
$GNGSA,A,3,,,,,,,,,,,,,1.70,0.75,1.53,5*06
$GPGSV,2,1,08,02,39,195,26,03,57,352,26,04,40,296,32,09,13,273,34,1*69
$GPGSV,2,2,08,16,21,135,36,26,31,102,33,28,17,039,22,31,45,043,41,1*68
$GPGSV,1,1,00,8*6D
$GLGSV,1,1,04,68,36,021,40,78,41,074,40,79,36,145,35,82,07,185,31,1*73
$GAGSV,1,1,02,19,38,033,37,23,17,134,37,7*73
$GAGSV,1,1,00,1*75
$GBGSV,2,1,06,06,11,114,29,07,34,042,39,10,43,048,38,12,31,312,35,1*70
$GBGSV,2,2,06,23,27,054,29,32,40,056,38,1*73
$GBGSV,1,1,00,5*72
$GQGSV,1,1,00,1*65
$GQGSV,1,1,00,8*6C
$GNGGA,113559.100,2520.064848,N,05128.161302,E,1,20,0.75,22.088,M,-24.282,M,,*60
$GNRMC,113559.100,A,2520.064848,N,05128.161302,E,0.007,234.60,200726,,,A,V*3E
$GNGLL,2520.064848,N,05128.161302,E,113559.100,A,A*46
$GNVTG,234.60,T,,M,0.007,N,0.013,K,A*25
$GNGGA,113559.200,2520.064847,N,05128.161302,E,1,20,0.75,22.088,M,-24.282,M,,*6C
$GNRMC,113559.200,A,2520.064847,N,05128.161302,E,0.005,234.60,200726,,,A,V*30
$GNGLL,2520.064847,N,05128.161302,E,113559.200,A,A*4A
$GNVTG,234.60,T,,M,0.005,N,0.009,K,A*2C
$GNGGA,113559.300,2520.064847,N,05128.161302,E,1,20,0.75,22.088,M,-24.282,M,,*6D
$GNRMC,113559.300,A,2520.064847,N,05128.161302,E,0.005,234.60,200726,,,A,V*31
$GNGLL,2520.064847,N,05128.161302,E,113559.300,A,A*4B
$GNVTG,234.60,T,,M,0.005,N,0.010,K,A*24
$GNGGA,113559.400,2520.064847,N,05128.161302,E,1,20,0.75,22.088,M,-24.282,M,,*6A
$GNRMC,113559.400,A,2520.064847,N,05128.161302,E,0.006,234.60,200726,,,A,V*35
$GNGLL,2520.064847,N,05128.161302,E,113559.400,A,A*4C
$GNVTG,234.60,T,,M,0.006,N,0.012,K,A*25
$GNGGA,113559.500,2520.064847,N,05128.161301,E,1,20,0.75,22.088,M,-24.282,M,,*68
$GNRMC,113559.500,A,2520.064847,N,05128.161301,E,0.008,234.60,200726,,,A,V*39
$GNGLL,2520.064847,N,05128.161301,E,113559.500,A,A*4E
$GNVTG,234.60,T,,M,0.008,N,0.014,K,A*2D
$GNGGA,113559.600,2520.064847,N,05128.161301,E,1,20,0.75,22.088,M,-24.282,M,,*6B
$GNRMC,113559.600,A,2520.064847,N,05128.161301,E,0.009,234.60,200726,,,A,V*3B
$GNGLL,2520.064847,N,05128.161301,E,113559.600,A,A*4D
$GNVTG,234.60,T,,M,0.009,N,0.017,K,A*2F
$GNGGA,113559.700,2520.064847,N,05128.161301,E,1,20,0.75,22.088,M,-24.282,M,,*6A
$GNRMC,113559.700,A,2520.064847,N,05128.161301,E,0.009,234.60,200726,,,A,V*3A
$GNGLL,2520.064847,N,05128.161301,E,113559.700,A,A*4C
$GNVTG,234.60,T,,M,0.009,N,0.016,K,A*2E
$GNGGA,113559.800,2520.064847,N,05128.161301,E,1,20,0.75,22.087,M,-24.282,M,,*6A
$GNRMC,113559.800,A,2520.064847,N,05128.161301,E,0.004,234.60,200726,,,A,V*38
$GNGLL,2520.064847,N,05128.161301,E,113559.800,A,A*43
$GNVTG,234.60,T,,M,0.004,N,0.008,K,A*2C
$GNGGA,113559.900,2520.064847,N,05128.161300,E,1,20,0.75,22.087,M,-24.282,M,,*6A
$GNRMC,113559.900,A,2520.064847,N,05128.161300,E,0.007,234.60,200726,,,A,V*3B
$GNGLL,2520.064847,N,05128.161300,E,113559.900,A,A*43
$GNVTG,234.60,T,,M,0.007,N,0.012,K,A*24
$GNGGA,113600.000,2520.064847,N,05128.161300,E,1,20,0.75,22.087,M,-24.282,M,,*6C
$GNRMC,113600.000,A,2520.064847,N,05128.161300,E,0.007,234.60,200726,,,A,V*3D
$GNGLL,2520.064847,N,05128.161300,E,113600.000,A,A*45
$GNVTG,234.60,T,,M,0.007,N,0.013,K,A*25
$GNGSA,A,3,02,03,04,09,16,26,28,31,,,,,1.70,0.75,1.53,1*05
$GNGSA,A,3,68,78,79,82,,,,,,,,,1.70,0.75,1.53,2*04
$GNGSA,A,3,19,23,,,,,,,,,,,1.70,0.75,1.53,3*09
$GNGSA,A,3,06,07,10,12,23,32,,,,,,,1.70,0.75,1.53,4*04
$GNGSA,A,3,,,,,,,,,,,,,1.70,0.75,1.53,5*06
$GPGSV,2,1,08,02,39,195,26,03,57,352,27,04,40,296,32,09,13,273,34,1*68
$GPGSV,2,2,08,16,21,135,36,26,31,102,31,28,17,039,23,31,45,043,41,1*6B
$GPGSV,1,1,00,8*6D
$GLGSV,1,1,04,68,36,021,40,78,41,074,40,79,36,145,34,82,07,185,32,1*71
$GAGSV,1,1,02,19,38,033,37,23,17,134,37,7*73
$GAGSV,1,1,00,1*75
$GBGSV,2,1,06,06,11,114,29,07,34,042,39,10,43,048,39,12,31,312,35,1*71
$GBGSV,2,2,06,23,27,054,28,32,40,056,38,1*72
$GBGSV,1,1,00,5*72
$GQGSV,1,1,00,1*65
$GQGSV,1,1,00,8*6C
$GNGGA,113600.100,2520.064847,N,05128.161300,E,1,20,0.75,22.088,M,-24.283,M,,*63
$GNRMC,113600.100,A,2520.064847,N,05128.161300,E,0.007,234.60,200726,,,A,V*3C
$GNGLL,2520.064847,N,05128.161300,E,113600.100,A,A*44
$GNVTG,234.60,T,,M,0.007,N,0.013,K,A*25
$GNGGA,113600.200,2520.064847,N,05128.161300,E,1,20,0.75,22.088,M,-24.283,M,,*60
$GNRMC,113600.200,A,2520.064847,N,05128.161300,E,0.007,234.60,200726,,,A,V*3F
$GNGLL,2520.064847,N,05128.161300,E,113600.200,A,A*47
$GNVTG,234.60,T,,M,0.007,N,0.013,K,A*25
$GNGGA,113600.300,2520.064847,N,05128.161300,E,1,20,0.75,22.088,M,-24.283,M,,*61
$GNRMC,113600.300,A,2520.064847,N,05128.161300,E,0.008,234.60,200726,,,A,V*31
$GNGLL,2520.064847,N,05128.161300,E,113600.300,A,A*46
$GNVTG,234.60,T,,M,0.008,N,0.015,K,A*2C
$GNGGA,113600.400,2520.064847,N,05128.161300,E,1,20,0.75,22.088,M,-24.283,M,,*66
$GNRMC,113600.400,A,2520.064847,N,05128.161300,E,0.004,234.60,200726,,,A,V*3A
$GNGLL,2520.064847,N,05128.161300,E,113600.400,A,A*41
$GNVTG,234.60,T,,M,0.004,N,0.008,K,A*2C
$GNGGA,113600.500,2520.064847,N,05128.161300,E,1,20,0.75,22.088,M,-24.283,M,,*67
$GNRMC,113600.500,A,2520.064847,N,05128.161300,E,0.007,234.60,200726,,,A,V*38
$GNGLL,2520.064847,N,05128.161300,E,113600.500,A,A*40
$GNVTG,234.60,T,,M,0.007,N,0.013,K,A*25
$GNGGA,113600.600,2520.064847,N,05128.161299,E,1,20,0.75,22.088,M,-24.283,M,,*65
$GNRMC,113600.600,A,2520.064847,N,05128.161299,E,0.009,234.60,200726,,,A,V*34
$GNGLL,2520.064847,N,05128.161299,E,113600.600,A,A*42
$GNVTG,234.60,T,,M,0.009,N,0.016,K,A*2E
$GNGGA,113600.700,2520.064847,N,05128.161299,E,1,20,0.75,22.088,M,-24.283,M,,*64
$GNRMC,113600.700,A,2520.064847,N,05128.161299,E,0.010,234.60,200726,,,A,V*3D
$GNGLL,2520.064847,N,05128.161299,E,113600.700,A,A*43
$GNVTG,234.60,T,,M,0.010,N,0.018,K,A*28
$GNGGA,113600.800,2520.064847,N,05128.161299,E,1,20,0.75,22.088,M,-24.283,M,,*6B
$GNRMC,113600.800,A,2520.064847,N,05128.161299,E,0.006,234.60,200726,,,A,V*35
$GNGLL,2520.064847,N,05128.161299,E,113600.800,A,A*4C
$GNVTG,234.60,T,,M,0.006,N,0.012,K,A*25
$GNGGA,113600.900,2520.064847,N,05128.161299,E,1,20,0.75,22.088,M,-24.283,M,,*6A
$GNRMC,113600.900,A,2520.064847,N,05128.161299,E,0.006,234.60,200726,,,A,V*34
$GNGLL,2520.064847,N,05128.161299,E,113600.900,A,A*4D
$GNVTG,234.60,T,,M,0.006,N,0.011,K,A*26
$GNGGA,113601.000,2520.064847,N,05128.161298,E,1,20,0.75,22.088,M,-24.283,M,,*63
$GNRMC,113601.000,A,2520.064847,N,05128.161298,E,0.007,234.60,200726,,,A,V*3C
$GNGLL,2520.064847,N,05128.161298,E,113601.000,A,A*44
$GNVTG,234.60,T,,M,0.007,N,0.014,K,A*22
$GNGSA,A,3,02,03,04,09,16,26,28,31,,,,,1.70,0.75,1.53,1*05
$GNGSA,A,3,68,78,79,82,,,,,,,,,1.70,0.75,1.53,2*04
$GNGSA,A,3,19,23,,,,,,,,,,,1.70,0.75,1.53,3*09
$GNGSA,A,3,06,07,10,12,23,32,,,,,,,1.70,0.75,1.53,4*04
$GNGSA,A,3,,,,,,,,,,,,,1.70,0.75,1.53,5*06
$GPGSV,2,1,08,02,38,195,26,03,57,352,28,04,40,296,33,09,13,273,35,1*66
$GPGSV,2,2,08,16,21,135,36,26,31,102,31,28,17,039,26,31,45,043,40,1*6F
$GPGSV,1,1,00,8*6D
$GLGSV,1,1,04,68,36,021,39,78,41,074,41,79,36,145,34,82,07,184,31,1*7C
$GAGSV,1,1,02,19,38,033,37,23,17,134,36,7*72
$GAGSV,1,1,00,1*75
$GBGSV,2,1,06,06,11,114,30,07,34,042,39,10,43,048,39,12,31,312,35,1*79
$GBGSV,2,2,06,23,27,054,27,32,40,056,38,1*7D
$GBGSV,1,1,00,5*72
$GQGSV,1,1,00,1*65
$GQGSV,1,1,00,8*6C
$GNGGA,113601.100,2520.064847,N,05128.161298,E,1,20,0.75,22.088,M,-24.283,M,,*62
$GNRMC,113601.100,A,2520.064847,N,05128.161298,E,0.007,234.60,200726,,,A,V*3D
$GNGLL,2520.064847,N,05128.161298,E,113601.100,A,A*45
$GNVTG,234.60,T,,M,0.007,N,0.013,K,A*25
$GNGGA,113601.200,2520.064847,N,05128.161298,E,1,20,0.75,22.088,M,-24.283,M,,*61
$GNRMC,113601.200,A,2520.064847,N,05128.161298,E,0.004,234.60,200726,,,A,V*3D
$GNGLL,2520.064847,N,05128.161298,E,113601.200,A,A*46
$GNVTG,234.60,T,,M,0.004,N,0.008,K,A*2C
$GNGGA,113601.300,2520.064847,N,05128.161298,E,1,20,0.75,22.088,M,-24.283,M,,*60
$GNRMC,113601.300,A,2520.064847,N,05128.161298,E,0.005,234.60,200726,,,A,V*3D
$GNGLL,2520.064847,N,05128.161298,E,113601.300,A,A*47
$GNVTG,234.60,T,,M,0.005,N,0.009,K,A*2C
$GNGGA,113601.400,2520.064847,N,05128.161298,E,1,20,0.75,22.088,M,-24.283,M,,*67
$GNRMC,113601.400,A,2520.064847,N,05128.161298,E,0.004,234.60,200726,,,A,V*3B
$GNGLL,2520.064847,N,05128.161298,E,113601.400,A,A*40
$GNVTG,234.60,T,,M,0.004,N,0.007,K,A*23
$GNGGA,113601.500,2520.064847,N,05128.161298,E,1,20,0.75,22.088,M,-24.283,M,,*66
$GNRMC,113601.500,A,2520.064847,N,05128.161298,E,0.005,234.60,200726,,,A,V*3B
$GNGLL,2520.064847,N,05128.161298,E,113601.500,A,A*41
$GNVTG,234.60,T,,M,0.005,N,0.009,K,A*2C
$GNGGA,113601.600,2520.064847,N,05128.161298,E,1,20,0.75,22.088,M,-24.283,M,,*65
$GNRMC,113601.600,A,2520.064847,N,05128.161298,E,0.006,234.60,200726,,,A,V*3B
$GNGLL,2520.064847,N,05128.161298,E,113601.600,A,A*42
$GNVTG,234.60,T,,M,0.006,N,0.011,K,A*26
$GNGGA,113601.700,2520.064846,N,05128.161297,E,1,20,0.75,22.088,M,-24.283,M,,*6A
$GNRMC,113601.700,A,2520.064846,N,05128.161297,E,0.006,234.60,200726,,,A,V*34
$GNGLL,2520.064846,N,05128.161297,E,113601.700,A,A*4D
$GNVTG,234.60,T,,M,0.006,N,0.011,K,A*26
$GNGGA,113601.800,2520.064846,N,05128.161297,E,1,20,0.75,22.088,M,-24.283,M,,*65
$GNRMC,113601.800,A,2520.064846,N,05128.161297,E,0.005,234.60,200726,,,A,V*38
$GNGLL,2520.064846,N,05128.161297,E,113601.800,A,A*42
$GNVTG,234.60,T,,M,0.005,N,0.009,K,A*2C
$GNGGA,113601.900,2520.064846,N,05128.161297,E,1,20,0.75,22.088,M,-24.283,M,,*64
$GNRMC,113601.900,A,2520.064846,N,05128.161297,E,0.006,234.60,200726,,,A,V*3A
$GNGLL,2520.064846,N,05128.161297,E,113601.900,A,A*43
$GNVTG,234.60,T,,M,0.006,N,0.011,K,A*26
$GNGGA,113602.000,2520.064846,N,05128.161297,E,1,20,0.75,22.088,M,-24.283,M,,*6E
$GNRMC,113602.000,A,2520.064846,N,05128.161297,E,0.007,234.60,200726,,,A,V*31
$GNGLL,2520.064846,N,05128.161297,E,113602.000,A,A*49
$GNVTG,234.60,T,,M,0.007,N,0.013,K,A*25
$GNGSA,A,3,02,03,04,09,16,26,28,31,,,,,1.70,0.75,1.53,1*05
$GNGSA,A,3,68,78,79,82,,,,,,,,,1.70,0.75,1.53,2*04
$GNGSA,A,3,19,23,,,,,,,,,,,1.70,0.75,1.53,3*09
$GNGSA,A,3,06,07,10,12,23,32,,,,,,,1.70,0.75,1.53,4*04
$GNGSA,A,3,,,,,,,,,,,,,1.70,0.75,1.53,5*06
$GPGSV,2,1,08,02,38,195,25,03,57,352,27,04,40,296,31,09,13,273,34,1*69
$GPGSV,2,2,08,16,21,135,36,26,31,102,30,28,17,039,26,31,45,043,41,1*6F
$GPGSV,1,1,00,8*6D
$GLGSV,1,1,04,68,36,021,40,78,41,074,41,79,36,145,34,82,07,184,32,1*71
$GAGSV,1,1,02,19,38,033,38,23,17,134,37,7*7C
$GAGSV,1,1,00,1*75
$GBGSV,2,1,06,06,11,114,30,07,34,042,39,10,43,048,39,12,31,312,35,1*79
$GBGSV,2,2,06,23,27,054,27,32,40,056,38,1*7D
$GBGSV,1,1,00,5*72
$GQGSV,1,1,00,1*65
$GQGSV,1,1,00,8*6C
$GNGGA,113602.100,2520.064846,N,05128.161297,E,1,20,0.75,22.088,M,-24.283,M,,*6F
$GNRMC,113602.100,A,2520.064846,N,05128.161297,E,0.004,234.60,200726,,,A,V*33
$GNGLL,2520.064846,N,05128.161297,E,113602.100,A,A*48
$GNVTG,234.60,T,,M,0.004,N,0.007,K,A*23
$GNGGA,113602.200,2520.064846,N,05128.161296,E,1,20,0.75,22.088,M,-24.283,M,,*6D
$GNRMC,113602.200,A,2520.064846,N,05128.161296,E,0.008,234.60,200726,,,A,V*3D
$GNGLL,2520.064846,N,05128.161296,E,113602.200,A,A*4A
$GNVTG,234.60,T,,M,0.008,N,0.014,K,A*2D
$GNGGA,113602.300,2520.064846,N,05128.161296,E,1,20,0.75,22.088,M,-24.283,M,,*6C
$GNRMC,113602.300,A,2520.064846,N,05128.161296,E,0.007,234.60,200726,,,A,V*33
$GNGLL,2520.064846,N,05128.161296,E,113602.300,A,A*4B
$GNVTG,234.60,T,,M,0.007,N,0.012,K,A*24
$GNGGA,113602.400,2520.064846,N,05128.161296,E,1,20,0.75,22.087,M,-24.283,M,,*64
$GNRMC,113602.400,A,2520.064846,N,05128.161296,E,0.006,234.60,200726,,,A,V*35
$GNGLL,2520.064846,N,05128.161296,E,113602.400,A,A*4C
$GNVTG,234.60,T,,M,0.006,N,0.011,K,A*26
$GNGGA,113602.500,2520.064846,N,05128.161296,E,1,20,0.75,22.087,M,-24.283,M,,*65
$GNRMC,113602.500,A,2520.064846,N,05128.161296,E,0.006,234.60,200726,,,A,V*34
$GNGLL,2520.064846,N,05128.161296,E,113602.500,A,A*4D
$GNVTG,234.60,T,,M,0.006,N,0.011,K,A*26
$GNGGA,113602.600,2520.064846,N,05128.161295,E,1,20,0.75,22.087,M,-24.283,M,,*65
$GNRMC,113602.600,A,2520.064846,N,05128.161295,E,0.006,234.60,200726,,,A,V*34
$GNGLL,2520.064846,N,05128.161295,E,113602.600,A,A*4D
$GNVTG,234.60,T,,M,0.006,N,0.011,K,A*26
$GNGGA,113602.700,2520.064846,N,05128.161295,E,1,20,0.75,22.087,M,-24.283,M,,*64
$GNRMC,113602.700,A,2520.064846,N,05128.161295,E,0.005,234.60,200726,,,A,V*36
$GNGLL,2520.064846,N,05128.161295,E,113602.700,A,A*4C
$GNVTG,234.60,T,,M,0.005,N,0.009,K,A*2C
$GNGGA,113602.800,2520.064846,N,05128.161295,E,1,20,0.75,22.087,M,-24.283,M,,*6B
$GNRMC,113602.800,A,2520.064846,N,05128.161295,E,0.007,234.60,200726,,,A,V*3B
$GNGLL,2520.064846,N,05128.161295,E,113602.800,A,A*43
$GNVTG,234.60,T,,M,0.007,N,0.014,K,A*22
$GNGGA,113602.900,2520.064846,N,05128.161295,E,1,20,0.75,22.087,M,-24.283,M,,*6A
$GNRMC,113602.900,A,2520.064846,N,05128.161295,E,0.007,234.60,200726,,,A,V*3A
$GNGLL,2520.064846,N,05128.161295,E,113602.900,A,A*42
$GNVTG,234.60,T,,M,0.007,N,0.013,K,A*25
$GNGGA,113603.000,2520.064846,N,05128.161295,E,1,20,0.75,22.087,M,-24.283,M,,*62
$GNRMC,113603.000,A,2520.064846,N,05128.161295,E,0.006,234.60,200726,,,A,V*33
$GNGLL,2520.064846,N,05128.161295,E,113603.000,A,A*4A
$GNVTG,234.60,T,,M,0.006,N,0.012,K,A*25
$GNGSA,A,3,02,03,04,09,16,26,28,31,,,,,1.70,0.75,1.53,1*05
$GNGSA,A,3,68,78,79,82,,,,,,,,,1.70,0.75,1.53,2*04
$GNGSA,A,3,19,23,,,,,,,,,,,1.70,0.75,1.53,3*09
$GNGSA,A,3,06,07,10,12,23,32,,,,,,,1.70,0.75,1.53,4*04
$GNGSA,A,3,,,,,,,,,,,,,1.70,0.75,1.53,5*06
$GPGSV,2,1,08,02,38,195,27,03,57,352,28,04,40,296,32,09,13,273,35,1*66
$GPGSV,2,2,08,16,21,135,37,26,31,102,32,28,17,039,25,31,45,043,41,1*6F
$GPGSV,1,1,00,8*6D
$GLGSV,1,1,04,68,36,021,40,78,41,074,41,79,36,145,33,82,07,184,33,1*77
$GAGSV,1,1,02,19,38,033,38,23,17,134,37,7*7C
$GAGSV,1,1,00,1*75
$GBGSV,2,1,06,06,11,114,27,07,34,042,39,10,43,048,38,12,31,312,35,1*7E
$GBGSV,2,2,06,23,27,054,26,32,40,056,38,1*7C
$GBGSV,1,1,00,5*72
$GQGSV,1,1,00,1*65
$GQGSV,1,1,00,8*6C
$GNGGA,113603.100,2520.064846,N,05128.161294,E,1,20,0.75,22.086,M,-24.282,M,,*62
$GNRMC,113603.100,A,2520.064846,N,05128.161294,E,0.009,234.60,200726,,,A,V*3C
$GNGLL,2520.064846,N,05128.161294,E,113603.100,A,A*4A
$GNVTG,234.60,T,,M,0.009,N,0.016,K,A*2E
$GNGGA,113603.200,2520.064846,N,05128.161294,E,1,20,0.75,22.086,M,-24.282,M,,*61
$GNRMC,113603.200,A,2520.064846,N,05128.161294,E,0.009,234.60,200726,,,A,V*3F
$GNGLL,2520.064846,N,05128.161294,E,113603.200,A,A*49
$GNVTG,234.60,T,,M,0.009,N,0.017,K,A*2F
$GNGGA,113603.300,2520.064846,N,05128.161294,E,1,20,0.75,22.086,M,-24.282,M,,*60
$GNRMC,113603.300,A,2520.064846,N,05128.161294,E,0.009,234.60,200726,,,A,V*3E
$GNGLL,2520.064846,N,05128.161294,E,113603.300,A,A*48
$GNVTG,234.60,T,,M,0.009,N,0.016,K,A*2E
$GNGGA,113603.400,2520.064846,N,05128.161294,E,1,20,0.75,22.086,M,-24.282,M,,*67
$GNRMC,113603.400,A,2520.064846,N,05128.161294,E,0.007,234.60,200726,,,A,V*37
$GNGLL,2520.064846,N,05128.161294,E,113603.400,A,A*4F
$GNVTG,234.60,T,,M,0.007,N,0.013,K,A*25
$GNGGA,113603.500,2520.064846,N,05128.161293,E,1,20,0.75,22.086,M,-24.282,M,,*61
$GNRMC,113603.500,A,2520.064846,N,05128.161293,E,0.007,234.60,200726,,,A,V*31
$GNGLL,2520.064846,N,05128.161293,E,113603.500,A,A*49
$GNVTG,234.60,T,,M,0.007,N,0.013,K,A*25
$GNGGA,113603.600,2520.064846,N,05128.161293,E,1,20,0.75,22.086,M,-24.282,M,,*62
$GNRMC,113603.600,A,2520.064846,N,05128.161293,E,0.008,234.60,200726,,,A,V*3D
$GNGLL,2520.064846,N,05128.161293,E,113603.600,A,A*4A
$GNVTG,234.60,T,,M,0.008,N,0.016,K,A*2F
$GNGGA,113603.700,2520.064846,N,05128.161293,E,1,20,0.75,22.086,M,-24.282,M,,*63
$GNRMC,113603.700,A,2520.064846,N,05128.161293,E,0.008,234.60,200726,,,A,V*3C
$GNGLL,2520.064846,N,05128.161293,E,113603.700,A,A*4B
$GNVTG,234.60,T,,M,0.008,N,0.015,K,A*2C
$GNGGA,113603.800,2520.064846,N,05128.161293,E,1,20,0.75,22.086,M,-24.282,M,,*6C
$GNRMC,113603.800,A,2520.064846,N,05128.161293,E,0.005,234.60,200726,,,A,V*3E
$GNGLL,2520.064846,N,05128.161293,E,113603.800,A,A*44
$GNVTG,234.60,T,,M,0.005,N,0.009,K,A*2C
$GNGGA,113603.900,2520.064845,N,05128.161293,E,1,20,0.75,22.086,M,-24.282,M,,*6E
$GNRMC,113603.900,A,2520.064845,N,05128.161293,E,0.004,234.60,200726,,,A,V*3D
$GNGLL,2520.064845,N,05128.161293,E,113603.900,A,A*46
$GNVTG,234.60,T,,M,0.004,N,0.007,K,A*23
$GNGGA,113604.000,2520.064846,N,05128.161293,E,1,20,0.75,22.086,M,-24.282,M,,*63
$GNRMC,113604.000,A,2520.064846,N,05128.161293,E,0.011,234.60,200726,,,A,V*34
$GNGLL,2520.064846,N,05128.161293,E,113604.000,A,A*4B
$GNVTG,234.60,T,,M,0.011,N,0.020,K,A*22
$GNGSA,A,3,02,03,04,09,16,26,28,31,,,,,1.70,0.75,1.53,1*05
$GNGSA,A,3,68,78,79,82,,,,,,,,,1.70,0.75,1.53,2*04
$GNGSA,A,3,19,23,,,,,,,,,,,1.70,0.75,1.53,3*09
$GNGSA,A,3,06,07,10,12,23,32,,,,,,,1.70,0.75,1.53,4*04
$GNGSA,A,3,,,,,,,,,,,,,1.70,0.75,1.53,5*06
$GPGSV,2,1,08,02,38,195,27,03,57,352,26,04,40,296,31,09,13,273,34,1*6A
$GPGSV,2,2,08,16,21,135,36,26,31,102,31,28,17,039,24,31,45,043,41,1*6C
$GPGSV,1,1,00,8*6D
$GLGSV,1,1,04,68,36,021,39,78,41,074,41,79,36,145,34,82,07,184,32,1*7F
$GAGSV,1,1,02,19,38,033,38,23,17,134,36,7*7D
$GAGSV,1,1,00,1*75
$GBGSV,2,1,06,06,11,114,29,07,34,042,39,10,43,048,38,12,31,312,35,1*70
$GBGSV,2,2,06,23,27,054,25,32,40,056,37,1*70
$GBGSV,1,1,00,5*72
$GQGSV,1,1,00,1*65
$GQGSV,1,1,00,8*6C
$GNGGA,113604.100,2520.064846,N,05128.161292,E,1,20,0.75,22.087,M,-24.283,M,,*63
$GNRMC,113604.100,A,2520.064846,N,05128.161292,E,0.010,234.60,200726,,,A,V*35
$GNGLL,2520.064846,N,05128.161292,E,113604.100,A,A*4B
$GNVTG,234.60,T,,M,0.010,N,0.018,K,A*28
$GNGGA,113604.200,2520.064846,N,05128.161292,E,1,20,0.75,22.087,M,-24.283,M,,*60
$GNRMC,113604.200,A,2520.064846,N,05128.161292,E,0.006,234.60,200726,,,A,V*31
$GNGLL,2520.064846,N,05128.161292,E,113604.200,A,A*48
$GNVTG,234.60,T,,M,0.006,N,0.011,K,A*26
$GNGGA,113604.300,2520.064846,N,05128.161292,E,1,20,0.75,22.087,M,-24.283,M,,*61
$GNRMC,113604.300,A,2520.064846,N,05128.161292,E,0.008,234.60,200726,,,A,V*3E
$GNGLL,2520.064846,N,05128.161292,E,113604.300,A,A*49
$GNVTG,234.60,T,,M,0.008,N,0.016,K,A*2F
$GNGGA,113604.400,2520.064845,N,05128.161292,E,1,20,0.75,22.087,M,-24.283,M,,*65
$GNRMC,113604.400,A,2520.064845,N,05128.161292,E,0.003,234.60,200726,,,A,V*31
$GNGLL,2520.064845,N,05128.161292,E,113604.400,A,A*4D
$GNVTG,234.60,T,,M,0.003,N,0.006,K,A*25
$GNGGA,113604.500,2520.064845,N,05128.161292,E,1,20,0.75,22.087,M,-24.283,M,,*64
$GNRMC,113604.500,A,2520.064845,N,05128.161292,E,0.005,234.60,200726,,,A,V*36
$GNGLL,2520.064845,N,05128.161292,E,113604.500,A,A*4C
$GNVTG,234.60,T,,M,0.005,N,0.009,K,A*2C
$GNGGA,113604.600,2520.064845,N,05128.161292,E,1,20,0.75,22.087,M,-24.283,M,,*67
$GNRMC,113604.600,A,2520.064845,N,05128.161292,E,0.002,234.60,200726,,,A,V*32
$GNGLL,2520.064845,N,05128.161292,E,113604.600,A,A*4F
$GNVTG,234.60,T,,M,0.002,N,0.004,K,A*26
$GNGGA,113604.700,2520.064845,N,05128.161291,E,1,20,0.75,22.087,M,-24.283,M,,*65
$GNRMC,113604.700,A,2520.064845,N,05128.161291,E,0.009,234.60,200726,,,A,V*3B
$GNGLL,2520.064845,N,05128.161291,E,113604.700,A,A*4D
$GNVTG,234.60,T,,M,0.009,N,0.017,K,A*2F
$GNGGA,113604.800,2520.064845,N,05128.161291,E,1,20,0.75,22.087,M,-24.283,M,,*6A
$GNRMC,113604.800,A,2520.064845,N,05128.161291,E,0.007,234.60,200726,,,A,V*3A
$GNGLL,2520.064845,N,05128.161291,E,113604.800,A,A*42
$GNVTG,234.60,T,,M,0.007,N,0.013,K,A*25
$GNGGA,113604.900,2520.064845,N,05128.161291,E,1,20,0.75,22.087,M,-24.283,M,,*6B
$GNRMC,113604.900,A,2520.064845,N,05128.161291,E,0.010,234.60,200726,,,A,V*3D
$GNGLL,2520.064845,N,05128.161291,E,113604.900,A,A*43
$GNVTG,234.60,T,,M,0.010,N,0.018,K,A*28
$GNGGA,113605.000,2520.064845,N,05128.161291,E,1,20,0.75,22.087,M,-24.283,M,,*63
$GNRMC,113605.000,A,2520.064845,N,05128.161291,E,0.006,234.60,200726,,,A,V*32
$GNGLL,2520.064845,N,05128.161291,E,113605.000,A,A*4B
$GNVTG,234.60,T,,M,0.006,N,0.011,K,A*26
$GNGSA,A,3,02,03,04,09,16,26,28,31,,,,,1.70,0.75,1.53,1*05
$GNGSA,A,3,68,78,79,82,,,,,,,,,1.70,0.75,1.53,2*04
$GNGSA,A,3,19,23,,,,,,,,,,,1.70,0.75,1.53,3*09
$GNGSA,A,3,06,07,10,12,23,32,,,,,,,1.70,0.75,1.53,4*04
$GNGSA,A,3,,,,,,,,,,,,,1.70,0.75,1.53,5*06
$GPGSV,2,1,08,02,38,195,26,03,57,352,27,04,40,296,32,09,13,273,35,1*68
$GPGSV,2,2,08,16,21,135,36,26,31,102,33,28,17,039,23,31,45,043,41,1*69
$GPGSV,1,1,00,8*6D
$GLGSV,1,1,04,68,36,021,39,78,41,073,41,79,36,145,35,82,07,184,32,1*79
$GAGSV,1,1,02,19,38,033,37,23,17,134,36,7*72
$GAGSV,1,1,00,1*75
$GBGSV,2,1,06,06,11,114,28,07,34,042,39,10,43,048,39,12,31,312,35,1*70
$GBGSV,2,2,06,23,27,054,26,32,40,056,38,1*7C
$GBGSV,1,1,00,5*72
$GQGSV,1,1,00,1*65
$GQGSV,1,1,00,8*6C
$GNGGA,113605.100,2520.064845,N,05128.161290,E,1,20,0.75,22.087,M,-24.283,M,,*63
$GNRMC,113605.100,A,2520.064845,N,05128.161290,E,0.007,234.60,200726,,,A,V*33
$GNGLL,2520.064845,N,05128.161290,E,113605.100,A,A*4B
$GNVTG,234.60,T,,M,0.007,N,0.013,K,A*25
$GNGGA,113605.200,2520.064845,N,05128.161290,E,1,20,0.75,22.087,M,-24.283,M,,*60
$GNRMC,113605.200,A,2520.064845,N,05128.161290,E,0.008,234.60,200726,,,A,V*3F
$GNGLL,2520.064845,N,05128.161290,E,113605.200,A,A*48
$GNVTG,234.60,T,,M,0.008,N,0.015,K,A*2C
$GNGGA,113605.300,2520.064845,N,05128.161290,E,1,20,0.75,22.087,M,-24.283,M,,*61
$GNRMC,113605.300,A,2520.064845,N,05128.161290,E,0.006,234.60,200726,,,A,V*30
$GNGLL,2520.064845,N,05128.161290,E,113605.300,A,A*49
$GNVTG,234.60,T,,M,0.006,N,0.012,K,A*25
$GNGGA,113605.400,2520.064845,N,05128.161290,E,1,20,0.75,22.087,M,-24.283,M,,*66
$GNRMC,113605.400,A,2520.064845,N,05128.161290,E,0.006,234.60,200726,,,A,V*37
$GNGLL,2520.064845,N,05128.161290,E,113605.400,A,A*4E
$GNVTG,234.60,T,,M,0.006,N,0.011,K,A*26
$GNGGA,113605.500,2520.064845,N,05128.161289,E,1,20,0.75,22.087,M,-24.283,M,,*6F
$GNRMC,113605.500,A,2520.064845,N,05128.161289,E,0.008,234.60,200726,,,A,V*30
$GNGLL,2520.064845,N,05128.161289,E,113605.500,A,A*47
$GNVTG,234.60,T,,M,0.008,N,0.014,K,A*2D
$GNGGA,113605.600,2520.064845,N,05128.161289,E,1,20,0.75,22.087,M,-24.283,M,,*6C
$GNRMC,113605.600,A,2520.064845,N,05128.161289,E,0.005,234.60,200726,,,A,V*3E
$GNGLL,2520.064845,N,05128.161289,E,113605.600,A,A*44
$GNVTG,234.60,T,,M,0.005,N,0.009,K,A*2C
$GNGGA,113605.700,2520.064845,N,05128.161289,E,1,20,0.75,22.087,M,-24.283,M,,*6D
$GNRMC,113605.700,A,2520.064845,N,05128.161289,E,0.008,234.60,200726,,,A,V*32
$GNGLL,2520.064845,N,05128.161289,E,113605.700,A,A*45
$GNVTG,234.60,T,,M,0.008,N,0.014,K,A*2D
$GNGGA,113605.800,2520.064845,N,05128.161289,E,1,20,0.75,22.087,M,-24.283,M,,*62
$GNRMC,113605.800,A,2520.064845,N,05128.161289,E,0.010,234.60,200726,,,A,V*34
$GNGLL,2520.064845,N,05128.161289,E,113605.800,A,A*4A
$GNVTG,234.60,T,,M,0.010,N,0.019,K,A*29
$GNGGA,113605.900,2520.064845,N,05128.161289,E,1,20,0.75,22.087,M,-24.283,M,,*63
$GNRMC,113605.900,A,2520.064845,N,05128.161289,E,0.004,234.60,200726,,,A,V*30
$GNGLL,2520.064845,N,05128.161289,E,113605.900,A,A*4B
$GNVTG,234.60,T,,M,0.004,N,0.008,K,A*2C
$GNGGA,113606.000,2520.064844,N,05128.161288,E,1,20,0.75,22.087,M,-24.283,M,,*69
$GNRMC,113606.000,A,2520.064844,N,05128.161288,E,0.008,234.60,200726,,,A,V*36
$GNGLL,2520.064844,N,05128.161288,E,113606.000,A,A*41
$GNVTG,234.60,T,,M,0.008,N,0.015,K,A*2C
$GNGSA,A,3,02,03,04,09,16,26,28,31,,,,,1.70,0.75,1.53,1*05
$GNGSA,A,3,68,78,79,82,,,,,,,,,1.70,0.75,1.53,2*04
$GNGSA,A,3,19,23,,,,,,,,,,,1.70,0.75,1.53,3*09
$GNGSA,A,3,06,07,10,12,23,32,,,,,,,1.70,0.75,1.53,4*04
$GNGSA,A,3,,,,,,,,,,,,,1.70,0.75,1.53,5*06
$GPGSV,2,1,08,02,38,195,26,03,57,352,28,04,40,296,32,09,13,273,35,1*67
$GPGSV,2,2,08,16,21,135,36,26,31,102,32,28,17,039,24,31,45,043,41,1*6F
$GPGSV,1,1,00,8*6D
$GLGSV,1,1,04,68,36,021,40,78,41,073,41,79,36,145,34,82,07,184,32,1*76
$GAGSV,1,1,02,19,38,033,37,23,17,134,36,7*72
$GAGSV,1,1,00,1*75
$GBGSV,2,1,06,06,11,114,29,07,34,042,39,10,43,048,39,12,31,312,35,1*71
$GBGSV,2,2,06,23,27,054,26,32,40,056,38,1*7C
$GBGSV,1,1,00,5*72
$GQGSV,1,1,00,1*65
$GQGSV,1,1,00,8*6C
$GNGGA,113606.100,2520.064844,N,05128.161288,E,1,20,0.75,22.087,M,-24.283,M,,*68
$GNRMC,113606.100,A,2520.064844,N,05128.161288,E,0.004,234.60,200726,,,A,V*3B
$GNGLL,2520.064844,N,05128.161288,E,113606.100,A,A*40
$GNVTG,234.60,T,,M,0.004,N,0.008,K,A*2C
$GNGGA,113606.200,2520.064844,N,05128.161288,E,1,20,0.75,22.087,M,-24.283,M,,*6B
$GNRMC,113606.200,A,2520.064844,N,05128.161288,E,0.008,234.60,200726,,,A,V*34
$GNGLL,2520.064844,N,05128.161288,E,113606.200,A,A*43
$GNVTG,234.60,T,,M,0.008,N,0.014,K,A*2D
$GNGGA,113606.300,2520.064844,N,05128.161288,E,1,20,0.75,22.087,M,-24.283,M,,*6A
$GNRMC,113606.300,A,2520.064844,N,05128.161288,E,0.008,234.60,200726,,,A,V*35
$GNGLL,2520.064844,N,05128.161288,E,113606.300,A,A*42
$GNVTG,234.60,T,,M,0.008,N,0.016,K,A*2F
$GNGGA,113606.400,2520.064844,N,05128.161288,E,1,20,0.75,22.087,M,-24.283,M,,*6D
$GNRMC,113606.400,A,2520.064844,N,05128.161288,E,0.009,234.60,200726,,,A,V*33
$GNGLL,2520.064844,N,05128.161288,E,113606.400,A,A*45
$GNVTG,234.60,T,,M,0.009,N,0.017,K,A*2F
$GNGGA,113606.500,2520.064844,N,05128.161287,E,1,20,0.75,22.087,M,-24.283,M,,*63
$GNRMC,113606.500,A,2520.064844,N,05128.161287,E,0.007,234.60,200726,,,A,V*33
$GNGLL,2520.064844,N,05128.161287,E,113606.500,A,A*4B
$GNVTG,234.60,T,,M,0.007,N,0.013,K,A*25
$GNGGA,113606.600,2520.064844,N,05128.161287,E,1,20,0.75,22.086,M,-24.283,M,,*61
$GNRMC,113606.600,A,2520.064844,N,05128.161287,E,0.006,234.60,200726,,,A,V*31
$GNGLL,2520.064844,N,05128.161287,E,113606.600,A,A*48
$GNVTG,234.60,T,,M,0.006,N,0.011,K,A*26
$GNGGA,113606.700,2520.064844,N,05128.161287,E,1,20,0.75,22.086,M,-24.283,M,,*60
$GNRMC,113606.700,A,2520.064844,N,05128.161287,E,0.003,234.60,200726,,,A,V*35
$GNGLL,2520.064844,N,05128.161287,E,113606.700,A,A*49
$GNVTG,234.60,T,,M,0.003,N,0.006,K,A*25
$GNGGA,113606.800,2520.064844,N,05128.161287,E,1,20,0.75,22.086,M,-24.283,M,,*6F
$GNRMC,113606.800,A,2520.064844,N,05128.161287,E,0.006,234.60,200726,,,A,V*3F
$GNGLL,2520.064844,N,05128.161287,E,113606.800,A,A*46
$GNVTG,234.60,T,,M,0.006,N,0.011,K,A*26
$GNGGA,113606.900,2520.064844,N,05128.161287,E,1,20,0.75,22.086,M,-24.283,M,,*6E
$GNRMC,113606.900,A,2520.064844,N,05128.161287,E,0.008,234.60,200726,,,A,V*30
$GNGLL,2520.064844,N,05128.161287,E,113606.900,A,A*47
$GNVTG,234.60,T,,M,0.008,N,0.015,K,A*2C
$GNGGA,113607.000,2520.064844,N,05128.161287,E,1,20,0.75,22.086,M,-24.283,M,,*66
$GNRMC,113607.000,A,2520.064844,N,05128.161287,E,0.008,234.60,200726,,,A,V*38
$GNGLL,2520.064844,N,05128.161287,E,113607.000,A,A*4F
$GNVTG,234.60,T,,M,0.008,N,0.015,K,A*2C
$GNGSA,A,3,02,03,04,09,16,26,28,31,,,,,1.70,0.75,1.53,1*05
$GNGSA,A,3,68,78,79,82,,,,,,,,,1.70,0.75,1.53,2*04
$GNGSA,A,3,19,23,,,,,,,,,,,1.70,0.75,1.53,3*09
$GNGSA,A,3,06,07,10,12,23,32,,,,,,,1.70,0.75,1.53,4*04
$GNGSA,A,3,,,,,,,,,,,,,1.70,0.75,1.53,5*06
$GPGSV,2,1,08,02,38,195,26,03,57,352,28,04,41,296,33,09,13,273,35,1*67
$GPGSV,2,2,08,16,21,135,37,26,31,102,34,28,17,039,23,31,45,043,41,1*6F
$GPGSV,1,1,00,8*6D
$GLGSV,1,1,04,68,36,021,39,78,41,073,40,79,36,145,34,82,07,184,31,1*7A
$GAGSV,1,1,02,19,38,033,38,23,17,134,36,7*7D
$GAGSV,1,1,00,1*75
$GBGSV,2,1,06,06,11,114,29,07,34,042,38,10,43,048,39,12,31,312,35,1*70
$GBGSV,2,2,06,23,27,054,31,32,40,056,38,1*7A
$GBGSV,1,1,00,5*72
$GQGSV,1,1,00,1*65
$GQGSV,1,1,00,8*6C
$GNGGA,113607.100,2520.064844,N,05128.161286,E,1,20,0.75,22.086,M,-24.283,M,,*66
$GNRMC,113607.100,A,2520.064844,N,05128.161286,E,0.010,234.60,200726,,,A,V*31
$GNGLL,2520.064844,N,05128.161286,E,113607.100,A,A*4F
$GNVTG,234.60,T,,M,0.010,N,0.019,K,A*29
$GNGGA,113607.200,2520.064844,N,05128.161286,E,1,20,0.75,22.086,M,-24.283,M,,*65
$GNRMC,113607.200,A,2520.064844,N,05128.161286,E,0.014,234.60,200726,,,A,V*36
$GNGLL,2520.064844,N,05128.161286,E,113607.200,A,A*4C
$GNVTG,234.60,T,,M,0.014,N,0.026,K,A*21
$GNGGA,113607.300,2520.064844,N,05128.161286,E,1,20,0.75,22.086,M,-24.283,M,,*64
$GNRMC,113607.300,A,2520.064844,N,05128.161286,E,0.014,234.60,200726,,,A,V*37
$GNGLL,2520.064844,N,05128.161286,E,113607.300,A,A*4D
$GNVTG,234.60,T,,M,0.014,N,0.026,K,A*21
$GNGGA,113607.400,2520.064844,N,05128.161285,E,1,20,0.75,22.086,M,-24.283,M,,*60
$GNRMC,113607.400,A,2520.064844,N,05128.161285,E,0.010,234.60,200726,,,A,V*37
$GNGLL,2520.064844,N,05128.161285,E,113607.400,A,A*49
$GNVTG,234.60,T,,M,0.010,N,0.018,K,A*28
$GNGGA,113607.500,2520.064844,N,05128.161285,E,1,20,0.75,22.086,M,-24.283,M,,*61
$GNRMC,113607.500,A,2520.064844,N,05128.161285,E,0.008,234.60,200726,,,A,V*3F
$GNGLL,2520.064844,N,05128.161285,E,113607.500,A,A*48
$GNVTG,234.60,T,,M,0.008,N,0.015,K,A*2C
